ISO-10303-21;
HEADER;
FILE_DESCRIPTION(('ViewDefinition[DesignTransferView]'),'2;1');
FILE_NAME('s03-activity.ifc','2026-10-02T00:36:52+08:00',(''),(''),'IfcOpenShell 0.8.5-post1','Bonsai 0.8.5-post1','Nobody');
FILE_SCHEMA(('IFC4'));
ENDSEC;
DATA;
#1=IFCPROJECT('0_cBiAWuz5bwiRcRFUrLIW',$,'My Project',$,$,$,$,(#10,#22),#5);
#2=IFCSIUNIT(*,.LENGTHUNIT.,$,.METRE.);
#3=IFCSIUNIT(*,.AREAUNIT.,$,.SQUARE_METRE.);
#4=IFCSIUNIT(*,.VOLUMEUNIT.,$,.CUBIC_METRE.);
#5=IFCUNITASSIGNMENT((#4,#2,#3));
#6=IFCCARTESIANPOINT((0.,0.,0.));
#7=IFCDIRECTION((0.,0.,1.));
#8=IFCDIRECTION((1.,0.,0.));
#9=IFCAXIS2PLACEMENT3D(#6,#7,#8);
#10=IFCGEOMETRICREPRESENTATIONCONTEXT($,'Model',3,1.0000000000000001E-05,#9,$);
#11=IFCGEOMETRICREPRESENTATIONSUBCONTEXT('Body','Model',*,*,*,*,#10,$,.MODEL_VIEW.,$);
#12=IFCGEOMETRICREPRESENTATIONSUBCONTEXT('Axis','Model',*,*,*,*,#10,$,.GRAPH_VIEW.,$);
#13=IFCGEOMETRICREPRESENTATIONSUBCONTEXT('Box','Model',*,*,*,*,#10,$,.MODEL_VIEW.,$);
#14=IFCGEOMETRICREPRESENTATIONSUBCONTEXT('Annotation','Model',*,*,*,*,#10,$,.SECTION_VIEW.,$);
#15=IFCGEOMETRICREPRESENTATIONSUBCONTEXT('Annotation','Model',*,*,*,*,#10,$,.ELEVATION_VIEW.,$);
#16=IFCGEOMETRICREPRESENTATIONSUBCONTEXT('Annotation','Model',*,*,*,*,#10,$,.MODEL_VIEW.,$);
#17=IFCGEOMETRICREPRESENTATIONSUBCONTEXT('Annotation','Model',*,*,*,*,#10,$,.PLAN_VIEW.,$);
#18=IFCGEOMETRICREPRESENTATIONSUBCONTEXT('Profile','Model',*,*,*,*,#10,$,.ELEVATION_VIEW.,$);
#19=IFCCARTESIANPOINT((0.,0.));
#20=IFCDIRECTION((1.,0.));
#21=IFCAXIS2PLACEMENT2D(#19,#20);
#22=IFCGEOMETRICREPRESENTATIONCONTEXT($,'Plan',2,1.0000000000000001E-05,#21,$);
#23=IFCGEOMETRICREPRESENTATIONSUBCONTEXT('Axis','Plan',*,*,*,*,#22,$,.GRAPH_VIEW.,$);
#24=IFCGEOMETRICREPRESENTATIONSUBCONTEXT('Body','Plan',*,*,*,*,#22,$,.PLAN_VIEW.,$);
#25=IFCGEOMETRICREPRESENTATIONSUBCONTEXT('Annotation','Plan',*,*,*,*,#22,$,.PLAN_VIEW.,$);
#26=IFCGEOMETRICREPRESENTATIONSUBCONTEXT('Annotation','Plan',*,*,*,*,#22,$,.REFLECTED_PLAN_VIEW.,$);
#27=IFCSITE('2UQYo7_JD8tQg6vbFYyYif',$,'My Site',$,$,#50,$,$,$,$,$,$,$,$);
#33=IFCBUILDING('3swcZWMVXAzf2anbocNFcs',$,'My Building',$,$,#56,$,$,$,$,$,$);
#39=IFCBUILDINGSTOREY('3NYedVq3XD1w240x6I2MYv',$,'2F',$,$,#10241,$,$,$,$);
#45=IFCRELAGGREGATES('11F4eQOev2avXFu8MiHvHp',$,$,$,#1,(#27));
#46=IFCCARTESIANPOINT((0.,0.,0.));
#47=IFCDIRECTION((0.,0.,1.));
#48=IFCDIRECTION((1.,0.,0.));
#49=IFCAXIS2PLACEMENT3D(#46,#47,#48);
#50=IFCLOCALPLACEMENT($,#49);
#51=IFCRELAGGREGATES('0BgVVX9fv3PPDhY9yNcPFX',$,$,$,#27,(#33));
#52=IFCCARTESIANPOINT((0.,0.,0.));
#53=IFCDIRECTION((0.,0.,1.));
#54=IFCDIRECTION((1.,0.,0.));
#55=IFCAXIS2PLACEMENT3D(#52,#53,#54);
#56=IFCLOCALPLACEMENT(#50,#55);
#57=IFCRELAGGREGATES('2cCF$2Iwn5f9l2Cmy1PgUD',$,$,$,#33,(#39,#63,#13493));
#63=IFCBUILDINGSTOREY('0j9XRljgLFBvpPg20fKryn',$,'GF',$,$,#79,$,$,$,$);
#75=IFCCARTESIANPOINT((0.,0.,0.));
#76=IFCDIRECTION((0.,0.,1.));
#77=IFCDIRECTION((1.,0.,0.));
#78=IFCAXIS2PLACEMENT3D(#75,#76,#77);
#79=IFCLOCALPLACEMENT(#56,#78);
#80=IFCWALLTYPE('1OS4QzjJfCwxQfeYjSKVPz',$,'Wall',$,$,(#85),$,$,$,.SOLIDWALL.);
#81=IFCMATERIAL('Unknown',$,$);
#82=IFCMATERIALLAYERSET((#84),$,$);
#83=IFCRELASSOCIATESMATERIAL('1nvATLxXXFkB3qLUP6Mzd1',$,$,$,(#80),#82);
#84=IFCMATERIALLAYER(#81,0.10000000000000001,$,$,$,$,$);
#85=IFCPROPERTYSET('1EoJH4seTB6gxj_q2jL9kD',$,'EPset_Parametric',$,(#86));
#86=IFCPROPERTYSINGLEVALUE('LayerSetDirection',$,IFCLABEL('AXIS2'),$);
#237=IFCWALL('3To4Fp3DPEEe4_OK0riGa4',$,'Wall',$,$,#250,#245,$,$);
#238=IFCRELCONTAINEDINSPATIALSTRUCTURE('0ovJ6HFuj3NwQpsGdBK39s',$,$,$,(#315,#1913,#4458,#3470,#416,#1478,#2016,#7120,#2282,#353,#277,#4769,#5636,#3980,#7375,#1001,#1440,#1725,#1332,#391,#237,#1158),#63);
#239=IFCRELDEFINESBYTYPE('0UMvdpfYf8FhMVslFOMJ4V',$,$,$,(#8987,#1725,#1440,#1001,#8879,#1158,#1332,#8750,#391,#315,#237,#1913,#8949,#1478,#416,#277,#353),#80);
#240=IFCMATERIALLAYERSETUSAGE(#82,.AXIS2.,.POSITIVE.,0.,$);
#241=IFCRELASSOCIATESMATERIAL('3jn18pQ4jCRQQ$Vj$LJX3O',$,$,$,(#237),#240);
#245=IFCPRODUCTDEFINITIONSHAPE($,$,(#1982,#1979));
#246=IFCCARTESIANPOINT((4.2435240745544434,-2.450000524520874,0.));
#247=IFCDIRECTION((0.,0.,1.));
#248=IFCDIRECTION((-0.99999999999999623,8.7422776573475527E-08,0.));
#249=IFCAXIS2PLACEMENT3D(#246,#247,#248);
#250=IFCLOCALPLACEMENT(#79,#249);
#261=IFCPROPERTYSET('0WCZ$_ozTEex14WbWq3qss',$,'EPset_Parametric',$,(#263));
#262=IFCRELDEFINESBYPROPERTIES('0liOqyoD5E3xyHi6WYFK34',$,$,$,(#237),#261);
#263=IFCPROPERTYSINGLEVALUE('Engine',$,IFCLABEL('Bonsai.DumbLayer2'),$);
#277=IFCWALL('3YshpmLIzDhvMc3xWfu9Ye',$,'Wall',$,$,#288,#283,$,$);
#278=IFCMATERIALLAYERSETUSAGE(#82,.AXIS2.,.POSITIVE.,0.,$);
#279=IFCRELASSOCIATESMATERIAL('2HhchYfQ9AdeOz9WzmzezO',$,$,$,(#277),#278);
#283=IFCPRODUCTDEFINITIONSHAPE($,$,(#1642,#1639));
#284=IFCCARTESIANPOINT((4.2435240745544434,-2.450000524520874,0.));
#285=IFCDIRECTION((0.,0.,1.));
#286=IFCDIRECTION((7.5497901264043109E-08,0.99999999999999711,0.));
#287=IFCAXIS2PLACEMENT3D(#284,#285,#286);
#288=IFCLOCALPLACEMENT(#79,#287);
#299=IFCPROPERTYSET('1uWRx1ZT95$8DtQSvRqr6i',$,'EPset_Parametric',$,(#301));
#300=IFCRELDEFINESBYPROPERTIES('0DZav10HLEVwEHislUiLW4',$,$,$,(#277),#299);
#301=IFCPROPERTYSINGLEVALUE('Engine',$,IFCLABEL('Bonsai.DumbLayer2'),$);
#315=IFCWALL('2jPDbBdjj29vYaZYzo2Q7J',$,'Wall',$,$,#1660,#321,$,$);
#316=IFCMATERIALLAYERSETUSAGE(#82,.AXIS2.,.POSITIVE.,0.,$);
#317=IFCRELASSOCIATESMATERIAL('2vFGE6AkT1QQUnu0C4f6jT',$,$,$,(#315),#316);
#321=IFCPRODUCTDEFINITIONSHAPE($,$,(#1674,#1671));
#337=IFCPROPERTYSET('1pjSPqr0b9$BEUy42rtaKH',$,'EPset_Parametric',$,(#339));
#338=IFCRELDEFINESBYPROPERTIES('2aOP1NGQ95QwOes8BgtWPt',$,$,$,(#315),#337);
#339=IFCPROPERTYSINGLEVALUE('Engine',$,IFCLABEL('Bonsai.DumbLayer2'),$);
#353=IFCWALL('3SWx7iF9z7dPEK3KrJyXtS',$,'Wall',$,$,#1692,#359,$,$);
#354=IFCMATERIALLAYERSETUSAGE(#82,.AXIS2.,.POSITIVE.,0.,$);
#355=IFCRELASSOCIATESMATERIAL('0aRDs1pRv5jwlXVHtjDxHS',$,$,$,(#353),#354);
#359=IFCPRODUCTDEFINITIONSHAPE($,$,(#1706,#1703));
#375=IFCPROPERTYSET('0M5b3Tzkf6Gu4jI5HUlTET',$,'EPset_Parametric',$,(#377));
#376=IFCRELDEFINESBYPROPERTIES('0INMUzU595QhCDKnzp2C3d',$,$,$,(#353),#375);
#377=IFCPROPERTYSINGLEVALUE('Engine',$,IFCLABEL('Bonsai.DumbLayer2'),$);
#391=IFCWALL('0eUGpQAtn7SuVJ4_$M6HbF',$,'Wall',$,$,#1724,#397,$,$);
#392=IFCMATERIALLAYERSETUSAGE(#82,.AXIS2.,.POSITIVE.,0.,$);
#393=IFCRELASSOCIATESMATERIAL('1S3Xm7SCbEpvRMZI$LRgr1',$,$,$,(#391),#392);
#397=IFCPRODUCTDEFINITIONSHAPE($,$,(#1719,#1716));
#413=IFCPROPERTYSET('2dy8m5nyTCYx8D_jsLvTni',$,'EPset_Parametric',$,(#415));
#414=IFCRELDEFINESBYPROPERTIES('1wZDBmigT0IRd4b3cSveMI',$,$,$,(#391),#413);
#415=IFCPROPERTYSINGLEVALUE('Engine',$,IFCLABEL('Bonsai.DumbLayer2'),$);
#416=IFCWALL('2mToPAE4D9zOn$AfFqg5SV',$,'Wall',$,$,#561,#422,$,$);
#417=IFCMATERIALLAYERSETUSAGE(#82,.AXIS2.,.POSITIVE.,0.,$);
#418=IFCRELASSOCIATESMATERIAL('3YBPhOLrD5geXC$0AsPg_A',$,$,$,(#416),#417);
#422=IFCPRODUCTDEFINITIONSHAPE($,$,(#1862,#1859));
#438=IFCPROPERTYSET('0D8MjsnpTC6wgeLjbugKBg',$,'EPset_Parametric',$,(#440));
#439=IFCRELDEFINESBYPROPERTIES('1MOcgHuR10MxLgpeCQLt4K',$,$,$,(#416),#438);
#440=IFCPROPERTYSINGLEVALUE('Engine',$,IFCLABEL('Bonsai.DumbLayer2'),$);
#543=IFCRELCONNECTSPATHELEMENTS('23fPMhqSv9WB4MyxIb9l_6',$,$,$,$,#416,#391,(),(),.ATEND.,.ATSTART.);
#557=IFCCARTESIANPOINT((-2.7727982997894522,5.0028169874443638,0.));
#558=IFCDIRECTION((0.,0.,1.));
#559=IFCDIRECTION((7.5497901264043123E-08,-0.99999999999999722,0.));
#560=IFCAXIS2PLACEMENT3D(#557,#558,#559);
#561=IFCLOCALPLACEMENT(#79,#560);
#1001=IFCWALL('1QyX_Bjcf2YOShlAUJDSc3',$,'Wall',$,$,#1880,#1007,$,$);
#1002=IFCMATERIALLAYERSETUSAGE(#82,.AXIS2.,.POSITIVE.,0.,$);
#1003=IFCRELASSOCIATESMATERIAL('0R4Hwlq7n2tBVdhCb6G_ZC',$,$,$,(#1001),#1002);
#1007=IFCPRODUCTDEFINITIONSHAPE($,$,(#1912,#1909));
#1023=IFCPROPERTYSET('3G6in3XtX3q9_dVtAcyan2',$,'EPset_Parametric',$,(#1025));
#1024=IFCRELDEFINESBYPROPERTIES('3WlKBtovTCcfUuvkGvp3in',$,$,$,(#1001),#1023);
#1025=IFCPROPERTYSINGLEVALUE('Engine',$,IFCLABEL('Bonsai.DumbLayer2'),$);
#1158=IFCWALL('2$y7Uq0tz9Yxpm5i_wzvsT',$,'Wall',$,$,#1278,#1164,$,$);
#1159=IFCMATERIALLAYERSETUSAGE(#82,.AXIS2.,.POSITIVE.,0.,$);
#1160=IFCRELASSOCIATESMATERIAL('0rVMEXqJLBmRofigZvKr2R',$,$,$,(#1158),#1159);
#1164=IFCPRODUCTDEFINITIONSHAPE($,$,(#3835,#3832));
#1180=IFCPROPERTYSET('0lhwSBBfjF1w2K_MpCA1GP',$,'EPset_Parametric',$,(#1182));
#1181=IFCRELDEFINESBYPROPERTIES('24BDjhKQH83whMKTCzRBQx',$,$,$,(#1158),#1180);
#1182=IFCPROPERTYSINGLEVALUE('Engine',$,IFCLABEL('Bonsai.DumbLayer2'),$);
#1260=IFCRELCONNECTSPATHELEMENTS('3yaC$9LQzCABGyJFcXRSpS',$,$,$,$,#1158,#416,(),(),.ATPATH.,.ATSTART.);
#1274=IFCCARTESIANPOINT((-2.7727981142735159,2.545583963394165,0.0033296942710876465));
#1275=IFCDIRECTION((0.,0.,1.));
#1276=IFCDIRECTION((1.,0.,0.));
#1277=IFCAXIS2PLACEMENT3D(#1274,#1275,#1276);
#1278=IFCLOCALPLACEMENT(#79,#1277);
#1332=IFCWALL('1oTSdHKlH2$AytCVnQMLVj',$,'Wall',$,$,#1374,#1338,$,$);
#1333=IFCMATERIALLAYERSETUSAGE(#82,.AXIS2.,.POSITIVE.,0.,$);
#1334=IFCRELASSOCIATESMATERIAL('0eKBV$KHfEpB8tP0i_PCwK',$,$,$,(#1332),#1333);
#1338=IFCPRODUCTDEFINITIONSHAPE($,$,(#3822,#3819));
#1354=IFCPROPERTYSET('2j0b6Pi3L32w3Z9EJPevO9',$,'EPset_Parametric',$,(#1356));
#1355=IFCRELDEFINESBYPROPERTIES('1DVs6L5$LD_Rf2pi_3a8S7',$,$,$,(#1332),#1354);
#1356=IFCPROPERTYSINGLEVALUE('Engine',$,IFCLABEL('Bonsai.DumbLayer2'),$);
#1370=IFCCARTESIANPOINT((-1.1872949600219727,2.545583963394165,0.));
#1371=IFCDIRECTION((0.,0.,1.));
#1372=IFCDIRECTION((1.9470718370939353E-07,0.99999999999998113,0.));
#1373=IFCAXIS2PLACEMENT3D(#1370,#1371,#1372);
#1374=IFCLOCALPLACEMENT(#79,#1373);
#1375=IFCRELCONNECTSPATHELEMENTS('0JJTcLzx1D1xay7ReeR0Kr',$,$,$,$,#1332,#391,(),(),.ATPATH.,.ATEND.);
#1440=IFCWALL('1c0qu1DRHAOu1AXlxayXXy',$,'Wall',$,$,#1451,#1446,$,$);
#1441=IFCMATERIALLAYERSETUSAGE(#82,.AXIS2.,.POSITIVE.,0.,$);
#1442=IFCRELASSOCIATESMATERIAL('08KCaIfEv5eukmPqI0Ntsa',$,$,$,(#1440),#1441);
#1446=IFCPRODUCTDEFINITIONSHAPE($,$,(#1477,#1474));
#1447=IFCCARTESIANPOINT((0.77352601289749146,4.9000005722045898,0.));
#1448=IFCDIRECTION((0.,0.,1.));
#1449=IFCDIRECTION((7.5497901264043109E-08,-0.99999999999999711,0.));
#1450=IFCAXIS2PLACEMENT3D(#1447,#1448,#1449);
#1451=IFCLOCALPLACEMENT(#79,#1450);
#1462=IFCPROPERTYSET('1_JEL6W6j6EPI0Jz$4zSs4',$,'EPset_Parametric',$,(#1464));
#1463=IFCRELDEFINESBYPROPERTIES('3HLs2mKJ51Y9T4JAIq4iVv',$,$,$,(#1440),#1462);
#1464=IFCPROPERTYSINGLEVALUE('Engine',$,IFCLABEL('Bonsai.DumbLayer2'),$);
#1465=IFCCARTESIANPOINTLIST2D(((0.,0.),(0.,0.10000000000000001),(1.4400000186761268,0.10000000000000001),(1.4400000186761268,0.)));
#1466=IFCINDEXEDPOLYCURVE(#1465,(IFCLINEINDEX((1,2,3,4,1))),$);
#1467=IFCARBITRARYCLOSEDPROFILEDEF(.AREA.,$,#1466);
#1468=IFCCARTESIANPOINT((0.,0.,0.));
#1469=IFCDIRECTION((0.,0.,1.));
#1470=IFCDIRECTION((1.,0.,0.));
#1471=IFCAXIS2PLACEMENT3D(#1468,#1469,#1470);
#1472=IFCDIRECTION((0.,0.,1.));
#1473=IFCEXTRUDEDAREASOLID(#1467,#1471,#1472,3.);
#1474=IFCSHAPEREPRESENTATION(#11,'Body','SweptSolid',(#1473));
#1475=IFCCARTESIANPOINTLIST2D(((0.,0.),(1.4400000186761268,0.)));
#1476=IFCINDEXEDPOLYCURVE(#1475,$,$);
#1477=IFCSHAPEREPRESENTATION(#23,'Axis','Curve2D',(#1476));
#1478=IFCWALL('1geO2EUdrAgPr5p4XkPwAw',$,'Wall',$,$,#4183,#1484,$,$);
#1479=IFCMATERIALLAYERSETUSAGE(#82,.AXIS2.,.POSITIVE.,0.,$);
#1480=IFCRELASSOCIATESMATERIAL('1Zm7AsR$vBcuR7DpEiGQ5A',$,$,$,(#1478),#1479);
#1484=IFCPRODUCTDEFINITIONSHAPE($,$,(#1515,#1512));
#1500=IFCPROPERTYSET('0j3ehr7Z101hz3ErWM_qaP',$,'EPset_Parametric',$,(#1502));
#1501=IFCRELDEFINESBYPROPERTIES('3$GQ6Tayz4QwvbDECo7iKT',$,$,$,(#1478),#1500);
#1502=IFCPROPERTYSINGLEVALUE('Engine',$,IFCLABEL('Bonsai.DumbLayer2'),$);
#1503=IFCCARTESIANPOINTLIST2D(((0.,0.),(0.,0.10000000000000001),(1.9608432093592083,0.10000000000000001),(1.9608432093592083,0.)));
#1504=IFCINDEXEDPOLYCURVE(#1503,(IFCLINEINDEX((1,2,3,4,1))),$);
#1505=IFCARBITRARYCLOSEDPROFILEDEF(.AREA.,$,#1504);
#1506=IFCCARTESIANPOINT((0.,0.,0.));
#1507=IFCDIRECTION((0.,0.,1.));
#1508=IFCDIRECTION((1.,0.,0.));
#1509=IFCAXIS2PLACEMENT3D(#1506,#1507,#1508);
#1510=IFCDIRECTION((0.,0.,1.));
#1511=IFCEXTRUDEDAREASOLID(#1505,#1509,#1510,3.);
#1512=IFCSHAPEREPRESENTATION(#11,'Body','SweptSolid',(#1511));
#1513=IFCCARTESIANPOINTLIST2D(((0.,0.),(1.9608432093592083,0.)));
#1514=IFCINDEXEDPOLYCURVE(#1513,$,$);
#1515=IFCSHAPEREPRESENTATION(#23,'Axis','Curve2D',(#1514));
#1602=IFCRELCONNECTSPATHELEMENTS('1u8hk__6z8YBzxLqQ8oV1s',$,$,$,$,#277,#237,(),(),.ATSTART.,.ATSTART.);
#1629=IFCRELCONNECTSPATHELEMENTS('219REByVD7Hvxidk4ferP8',$,$,$,$,#277,#315,(),(),.ATSTART.,.ATEND.);
#1630=IFCCARTESIANPOINTLIST2D(((-0.10000000000000001,0.),(1.1924875309432446E-09,0.10000000000000001),(8.8700004978976974,0.10000000000000001),(8.9700004967052092,0.)));
#1631=IFCINDEXEDPOLYCURVE(#1630,(IFCLINEINDEX((1,2,3,4,1))),$);
#1632=IFCARBITRARYCLOSEDPROFILEDEF(.AREA.,$,#1631);
#1633=IFCCARTESIANPOINT((0.,0.,0.));
#1634=IFCDIRECTION((0.,0.,1.));
#1635=IFCDIRECTION((1.,0.,0.));
#1636=IFCAXIS2PLACEMENT3D(#1633,#1634,#1635);
#1637=IFCDIRECTION((0.,0.,1.));
#1638=IFCEXTRUDEDAREASOLID(#1632,#1636,#1637,3.);
#1639=IFCSHAPEREPRESENTATION(#11,'Body','SweptSolid',(#1638));
#1640=IFCCARTESIANPOINTLIST2D(((0.,0.),(8.9700004967052092,0.)));
#1641=IFCINDEXEDPOLYCURVE(#1640,$,$);
#1642=IFCSHAPEREPRESENTATION(#23,'Axis','Curve2D',(#1641));
#1656=IFCCARTESIANPOINT((4.2435247517706545,6.5199999721843103,0.));
#1657=IFCDIRECTION((0.,0.,1.));
#1658=IFCDIRECTION((-0.99999999999999623,8.7422776573475527E-08,0.));
#1659=IFCAXIS2PLACEMENT3D(#1656,#1657,#1658);
#1660=IFCLOCALPLACEMENT(#79,#1659);
#1661=IFCRELCONNECTSPATHELEMENTS('0fkvW2VOn2EQwC0bO4BtnE',$,$,$,$,#315,#353,(),(),.ATSTART.,.ATEND.);
#1662=IFCCARTESIANPOINTLIST2D(((0.,0.),(0.09999999880751248,0.10000000000000001),(3.3699990281541004,0.10000000000000001),(3.4699990444461695,0.)));
#1663=IFCINDEXEDPOLYCURVE(#1662,(IFCLINEINDEX((1,2,3,4,1))),$);
#1664=IFCARBITRARYCLOSEDPROFILEDEF(.AREA.,$,#1663);
#1665=IFCCARTESIANPOINT((0.,0.,0.));
#1666=IFCDIRECTION((0.,0.,1.));
#1667=IFCDIRECTION((1.,0.,0.));
#1668=IFCAXIS2PLACEMENT3D(#1665,#1666,#1667);
#1669=IFCDIRECTION((0.,0.,1.));
#1670=IFCEXTRUDEDAREASOLID(#1664,#1668,#1669,3.);
#1671=IFCSHAPEREPRESENTATION(#11,'Body','SweptSolid',(#1670));
#1672=IFCCARTESIANPOINTLIST2D(((0.,0.),(3.4699990444461695,0.)));
#1673=IFCINDEXEDPOLYCURVE(#1672,$,$);
#1674=IFCSHAPEREPRESENTATION(#23,'Axis','Curve2D',(#1673));
#1688=IFCCARTESIANPOINT((0.77352570732449843,6.5200002755412614,0.));
#1689=IFCDIRECTION((0.,0.,1.));
#1690=IFCDIRECTION((7.5497901264043123E-08,-0.99999999999999722,0.));
#1691=IFCAXIS2PLACEMENT3D(#1688,#1689,#1690);
#1692=IFCLOCALPLACEMENT(#79,#1691);
#1693=IFCRELCONNECTSPATHELEMENTS('2IVYvYqHP5WPwosSM0z29D',$,$,$,$,#353,#391,(),(),.ATSTART.,.ATEND.);
#1694=IFCCARTESIANPOINTLIST2D(((0.,0.),(0.10000001629206913,0.10000000000000001),(1.6171836144184721,0.10000000000000001),(1.517183598126403,0.)));
#1695=IFCINDEXEDPOLYCURVE(#1694,(IFCLINEINDEX((1,2,3,4,1))),$);
#1696=IFCARBITRARYCLOSEDPROFILEDEF(.AREA.,$,#1695);
#1697=IFCCARTESIANPOINT((0.,0.,0.));
#1698=IFCDIRECTION((0.,0.,1.));
#1699=IFCDIRECTION((1.,0.,0.));
#1700=IFCAXIS2PLACEMENT3D(#1697,#1698,#1699);
#1701=IFCDIRECTION((0.,0.,1.));
#1702=IFCEXTRUDEDAREASOLID(#1696,#1700,#1701,3.);
#1703=IFCSHAPEREPRESENTATION(#11,'Body','SweptSolid',(#1702));
#1704=IFCCARTESIANPOINTLIST2D(((0.,0.),(1.517183598126403,0.)));
#1705=IFCINDEXEDPOLYCURVE(#1704,$,$);
#1706=IFCSHAPEREPRESENTATION(#23,'Axis','Curve2D',(#1705));
#1707=IFCCARTESIANPOINTLIST2D(((0.,0.),(-0.10000001629206913,0.10000000000000001),(3.4463241053660725,0.10000000000000001),(3.5463241216581416,0.)));
#1708=IFCINDEXEDPOLYCURVE(#1707,(IFCLINEINDEX((1,2,3,4,1))),$);
#1709=IFCARBITRARYCLOSEDPROFILEDEF(.AREA.,$,#1708);
#1710=IFCCARTESIANPOINT((0.,0.,0.));
#1711=IFCDIRECTION((0.,0.,1.));
#1712=IFCDIRECTION((1.,0.,0.));
#1713=IFCAXIS2PLACEMENT3D(#1710,#1711,#1712);
#1714=IFCDIRECTION((0.,0.,1.));
#1715=IFCEXTRUDEDAREASOLID(#1709,#1713,#1714,3.);
#1716=IFCSHAPEREPRESENTATION(#11,'Body','SweptSolid',(#1715));
#1717=IFCCARTESIANPOINTLIST2D(((0.,0.),(3.5463241216581416,0.)));
#1718=IFCINDEXEDPOLYCURVE(#1717,$,$);
#1719=IFCSHAPEREPRESENTATION(#23,'Axis','Curve2D',(#1718));
#1720=IFCCARTESIANPOINT((0.77352582186867602,5.0028166774148621,0.));
#1721=IFCDIRECTION((0.,0.,1.));
#1722=IFCDIRECTION((-0.99999999999999623,8.7422776573475527E-08,0.));
#1723=IFCAXIS2PLACEMENT3D(#1720,#1721,#1722);
#1724=IFCLOCALPLACEMENT(#79,#1723);
#1725=IFCWALL('2GReSEfkPCW9Js6xPsjq_a',$,'Wall',$,$,#1899,#1731,$,$);
#1726=IFCMATERIALLAYERSETUSAGE(#82,.AXIS2.,.POSITIVE.,0.,$);
#1727=IFCRELASSOCIATESMATERIAL('1ij1HreC92Mu3Tu5DJZbua',$,$,$,(#1725),#1726);
#1731=IFCPRODUCTDEFINITIONSHAPE($,$,(#1894,#1891));
#1747=IFCPROPERTYSET('3D$wA_KBz17u7qlpjEwyk_',$,'EPset_Parametric',$,(#1749));
#1748=IFCRELDEFINESBYPROPERTIES('2agsep4zPA7vkVdxqDd3ND',$,$,$,(#1725),#1747);
#1749=IFCPROPERTYSINGLEVALUE('Engine',$,IFCLABEL('Bonsai.DumbLayer2'),$);
#1790=IFCRELCONNECTSPATHELEMENTS('3Kyce_CQP5aPk9jDUFbtwZ',$,$,$,$,#1158,#1725,(),(),.ATEND.,.ATEND.);
#1849=IFCRELCONNECTSPATHELEMENTS('2oSxiC$MHCAe$Zekc$E4Ic',$,$,$,$,#416,#1001,(),(),.ATSTART.,.ATEND.);
#1850=IFCCARTESIANPOINTLIST2D(((0.,0.),(0.10000001629206913,0.10000000000000001),(5.000000222533231,0.10000000000000001),(5.1000002149834414,0.)));
#1851=IFCINDEXEDPOLYCURVE(#1850,(IFCLINEINDEX((1,2,3,4,1))),$);
#1852=IFCARBITRARYCLOSEDPROFILEDEF(.AREA.,$,#1851);
#1853=IFCCARTESIANPOINT((0.,0.,0.));
#1854=IFCDIRECTION((0.,0.,1.));
#1855=IFCDIRECTION((1.,0.,0.));
#1856=IFCAXIS2PLACEMENT3D(#1853,#1854,#1855);
#1857=IFCDIRECTION((0.,0.,1.));
#1858=IFCEXTRUDEDAREASOLID(#1852,#1856,#1857,3.);
#1859=IFCSHAPEREPRESENTATION(#11,'Body','SweptSolid',(#1858));
#1860=IFCCARTESIANPOINTLIST2D(((0.,0.),(5.1000002149834414,0.)));
#1861=IFCINDEXEDPOLYCURVE(#1860,$,$);
#1862=IFCSHAPEREPRESENTATION(#23,'Axis','Curve2D',(#1861));
#1876=IFCCARTESIANPOINT((-2.7727979147501394,-0.0971832275390625,0.));
#1877=IFCDIRECTION((0.,0.,1.));
#1878=IFCDIRECTION((1.,0.,0.));
#1879=IFCAXIS2PLACEMENT3D(#1876,#1877,#1878);
#1880=IFCLOCALPLACEMENT(#79,#1879);
#1881=IFCRELCONNECTSPATHELEMENTS('0L8L_Ye0j7OQANf0tANecB',$,$,$,$,#1725,#1001,(),(),.ATEND.,.ATSTART.);
#1882=IFCCARTESIANPOINTLIST2D(((0.,0.),(0.099999992450210407,0.10000000000000001),(2.6427671833834445,0.10000000000000001),(2.7427671909332352,0.)));
#1883=IFCINDEXEDPOLYCURVE(#1882,(IFCLINEINDEX((1,2,3,4,1))),$);
#1884=IFCARBITRARYCLOSEDPROFILEDEF(.AREA.,$,#1883);
#1885=IFCCARTESIANPOINT((0.,0.,0.));
#1886=IFCDIRECTION((0.,0.,1.));
#1887=IFCDIRECTION((1.,0.,0.));
#1888=IFCAXIS2PLACEMENT3D(#1885,#1886,#1887);
#1889=IFCDIRECTION((0.,0.,1.));
#1890=IFCEXTRUDEDAREASOLID(#1884,#1888,#1889,3.);
#1891=IFCSHAPEREPRESENTATION(#11,'Body','SweptSolid',(#1890));
#1892=IFCCARTESIANPOINTLIST2D(((0.,0.),(2.6427671909332346,0.)));
#1893=IFCINDEXEDPOLYCURVE(#1892,$,$);
#1894=IFCSHAPEREPRESENTATION(#23,'Axis','Curve2D',(#1893));
#1895=IFCCARTESIANPOINT((0.34174769998685794,-0.0971832275390625,0.));
#1896=IFCDIRECTION((0.,0.,1.));
#1897=IFCDIRECTION((7.5497901264043123E-08,0.99999999999999722,0.));
#1898=IFCAXIS2PLACEMENT3D(#1895,#1896,#1897);
#1899=IFCLOCALPLACEMENT(#79,#1898);
#1900=IFCCARTESIANPOINTLIST2D(((0.,0.),(0.099999992450210171,0.10000000000000001),(3.0145456222867875,0.10000000000000001),(3.1145456147369974,0.)));
#1901=IFCINDEXEDPOLYCURVE(#1900,(IFCLINEINDEX((1,2,3,4,1))),$);
#1902=IFCARBITRARYCLOSEDPROFILEDEF(.AREA.,$,#1901);
#1903=IFCCARTESIANPOINT((0.,0.,0.));
#1904=IFCDIRECTION((0.,0.,1.));
#1905=IFCDIRECTION((1.,0.,0.));
#1906=IFCAXIS2PLACEMENT3D(#1903,#1904,#1905);
#1907=IFCDIRECTION((0.,0.,1.));
#1908=IFCEXTRUDEDAREASOLID(#1902,#1906,#1907,3.);
#1909=IFCSHAPEREPRESENTATION(#11,'Body','SweptSolid',(#1908));
#1910=IFCCARTESIANPOINTLIST2D(((0.,0.),(3.1145456147369974,0.)));
#1911=IFCINDEXEDPOLYCURVE(#1910,$,$);
#1912=IFCSHAPEREPRESENTATION(#23,'Axis','Curve2D',(#1911));
#1913=IFCWALL('3vNVok0H58Pu3g9CMZieZI',$,'Wall',$,$,#1969,#1919,$,$);
#1914=IFCMATERIALLAYERSETUSAGE(#82,.AXIS2.,.POSITIVE.,0.,$);
#1915=IFCRELASSOCIATESMATERIAL('0X4Nu0oVXFQPVpa_sbJj66',$,$,$,(#1913),#1914);
#1919=IFCPRODUCTDEFINITIONSHAPE($,$,(#1964,#1961));
#1935=IFCPROPERTYSET('1HJVrHFe9FqQQVFLbKdJ_o',$,'EPset_Parametric',$,(#1937));
#1936=IFCRELDEFINESBYPROPERTIES('3lJCCIO3b2geaDzU0kb79W',$,$,$,(#1913),#1935);
#1937=IFCPROPERTYSINGLEVALUE('Engine',$,IFCLABEL('Bonsai.DumbLayer2'),$);
#1951=IFCRELCONNECTSPATHELEMENTS('15oxlWUsP7MABRLKrOKnGC',$,$,$,$,#1913,#237,(),(),.ATEND.,.ATSTART.);
#1952=IFCCARTESIANPOINTLIST2D(((0.,0.),(-0.09999999880751248,0.10000000000000001),(2.3528169690711067,0.10000000000000001),(2.3528169690711067,0.)));
#1953=IFCINDEXEDPOLYCURVE(#1952,(IFCLINEINDEX((1,2,3,4,1))),$);
#1954=IFCARBITRARYCLOSEDPROFILEDEF(.AREA.,$,#1953);
#1955=IFCCARTESIANPOINT((0.,0.,0.));
#1956=IFCDIRECTION((0.,0.,1.));
#1957=IFCDIRECTION((1.,0.,0.));
#1958=IFCAXIS2PLACEMENT3D(#1955,#1956,#1957);
#1959=IFCDIRECTION((0.,0.,1.));
#1960=IFCEXTRUDEDAREASOLID(#1954,#1958,#1959,3.);
#1961=IFCSHAPEREPRESENTATION(#11,'Body','SweptSolid',(#1960));
#1962=IFCCARTESIANPOINTLIST2D(((0.,0.),(2.3528169690711067,0.)));
#1963=IFCINDEXEDPOLYCURVE(#1962,$,$);
#1964=IFCSHAPEREPRESENTATION(#23,'Axis','Curve2D',(#1963));
#1965=IFCCARTESIANPOINT((0.34174752235411571,-2.450000183416734,0.));
#1966=IFCDIRECTION((0.,0.,1.));
#1967=IFCDIRECTION((7.5497901264043123E-08,0.99999999999999722,0.));
#1968=IFCAXIS2PLACEMENT3D(#1965,#1966,#1967);
#1969=IFCLOCALPLACEMENT(#79,#1968);
#1970=IFCCARTESIANPOINTLIST2D(((0.10000000000000001,0.),(-1.1924875309432459E-09,0.10000000000000001),(4.001776551007854,0.10000000000000001),(3.9017765522003423,0.)));
#1971=IFCINDEXEDPOLYCURVE(#1970,(IFCLINEINDEX((1,2,3,4,1))),$);
#1972=IFCARBITRARYCLOSEDPROFILEDEF(.AREA.,$,#1971);
#1973=IFCCARTESIANPOINT((0.,0.,0.));
#1974=IFCDIRECTION((0.,0.,1.));
#1975=IFCDIRECTION((1.,0.,0.));
#1976=IFCAXIS2PLACEMENT3D(#1973,#1974,#1975);
#1977=IFCDIRECTION((0.,0.,1.));
#1978=IFCEXTRUDEDAREASOLID(#1972,#1976,#1977,3.);
#1979=IFCSHAPEREPRESENTATION(#11,'Body','SweptSolid',(#1978));
#1980=IFCCARTESIANPOINTLIST2D(((0.,0.),(3.9017765522003423,0.)));
#1981=IFCINDEXEDPOLYCURVE(#1980,$,$);
#1982=IFCSHAPEREPRESENTATION(#23,'Axis','Curve2D',(#1981));
#2010=IFCSLABTYPE('1XXBASLbj6Qw18I$6ktWkN',$,'Slab',$,$,(#2014),$,$,$,.FLOOR.);
#2011=IFCMATERIALLAYERSET((#2013),$,$);
#2012=IFCRELASSOCIATESMATERIAL('27BvsbGn5DAekr6DC581ml',$,$,$,(#2010),#2011);
#2013=IFCMATERIALLAYER(#81,0.10000000000000001,$,$,$,$,$);
#2014=IFCPROPERTYSET('3HEAR$bgX5V89JoHSj$nLX',$,'EPset_Parametric',$,(#2015));
#2015=IFCPROPERTYSINGLEVALUE('LayerSetDirection',$,IFCLABEL('AXIS3'),$);
#2016=IFCSLAB('3QrK9BSAr04QDz1C4UxAGN',$,'Slab',$,$,#2024,#2031,$,$);
#2017=IFCRELDEFINESBYTYPE('1KXAMCfbLC0gpjWH7djqfO',$,$,$,(#7765,#13537,#9025,#2016),#2010);
#2018=IFCMATERIALLAYERSETUSAGE(#2011,.AXIS3.,.POSITIVE.,-0.10000000149011612,$);
#2019=IFCRELASSOCIATESMATERIAL('1wjCXgz$95yP_dWkpSBpKG',$,$,$,(#2016),#2018);
#2020=IFCCARTESIANPOINT((4.2435245513916016,6.5199999809265137,0.));
#2021=IFCDIRECTION((0.,0.,1.));
#2022=IFCDIRECTION((1.,0.,0.));
#2023=IFCAXIS2PLACEMENT3D(#2020,#2021,#2022);
#2024=IFCLOCALPLACEMENT(#79,#2023);
#2025=IFCCARTESIANPOINTLIST2D(((0.,0.),(-3.469998836517334,4.76837158203125E-07),(-3.4699985980987549,-1.5171828269958496),(-7.0163226127624512,-1.5171828269958496),(-7.016322135925293,-6.6171832084655762),(-4.0017766952514648,-6.6171832084655762),(-4.001777172088623,-9.0699996948242188),(-4.76837158203125E-07,-9.0700006484985352),(0.,0.)));
#2026=IFCINDEXEDPOLYCURVE(#2025,$,$);
#2027=IFCDIRECTION((0.,0.,1.));
#2028=IFCARBITRARYCLOSEDPROFILEDEF(.AREA.,$,#2026);
#2029=IFCEXTRUDEDAREASOLID(#2028,#2038,#2027,0.10000000000000001);
#2030=IFCSHAPEREPRESENTATION(#11,'Body','SweptSolid',(#2029));
#2031=IFCPRODUCTDEFINITIONSHAPE($,$,(#2030));
#2032=IFCPROPERTYSET('2PJt5hxLLCsRXzRnPtYgaR',$,'EPset_Parametric',$,(#2034));
#2033=IFCRELDEFINESBYPROPERTIES('0c8910qxX488evu9u36e9d',$,$,$,(#2016),#2032);
#2034=IFCPROPERTYSINGLEVALUE('Engine',$,IFCLABEL('Bonsai.DumbLayer3'),$);
#2035=IFCCARTESIANPOINT((-0.,-0.,-0.10000000149011612));
#2036=IFCDIRECTION((0.,0.,1.));
#2037=IFCDIRECTION((1.,0.,0.));
#2038=IFCAXIS2PLACEMENT3D(#2035,#2036,#2037);
#2039=IFCDOORTYPE('24KrFw8Ej6$eCawPd4XDsa',$,'Main-GF',$,$,(#2040),(#2049,#2127,#2146),$,$,.DOOR.,.SINGLE_SWING_LEFT.,$,$);
#2040=IFCPROPERTYSET('0ponfPOTX9WfIvuQGHWpmY',$,'BBIM_Door',$,(#2041));
#2041=IFCPROPERTYSINGLEVALUE('Data',$,IFCTEXT('{"door_type": "DOUBLE_DOOR_SINGLE_SWING", "overall_height": 2.0, "overall_width": 0.8999999761581421, "lining_properties": {"lining_depth": 0.05000000074505806, "lining_thickness": 0.05000000074505806, "lining_offset": 0.0, "lining_to_panel_offset_x": 0.02500000037252903, "lining_to_panel_offset_y": 0.02500000037252903, "transom_thickness": 0.0, "casing_thickness": 0.07500000298023224, "casing_depth": 0.0010000000474974513, "threshold_thickness": 0.02500000037252903, "threshold_depth": 0.10000000149011612, "threshold_offset": 0.0}, "panel_properties": {"panel_depth": 0.03500000014901161, "panel_width_ratio": 1.0}}'),$);
#2045=IFCCARTESIANPOINT((0.,0.,0.));
#2046=IFCDIRECTION((1.,0.,0.));
#2047=IFCDIRECTION((0.,0.,1.));
#2048=IFCAXIS2PLACEMENT3D(#2045,#2047,#2046);
#2049=IFCREPRESENTATIONMAP(#2048,#2839);
#2123=IFCCARTESIANPOINT((0.,0.,0.));
#2124=IFCDIRECTION((1.,0.,0.));
#2125=IFCDIRECTION((0.,0.,1.));
#2126=IFCAXIS2PLACEMENT3D(#2123,#2125,#2124);
#2127=IFCREPRESENTATIONMAP(#2126,#2939);
#2142=IFCCARTESIANPOINT((0.,0.,0.));
#2143=IFCDIRECTION((1.,0.,0.));
#2144=IFCDIRECTION((0.,0.,1.));
#2145=IFCAXIS2PLACEMENT3D(#2142,#2144,#2143);
#2146=IFCREPRESENTATIONMAP(#2145,#2962);
#2148=IFCRECTANGLEPROFILEDEF(.AREA.,'New Profile',$,0.5,0.5);
#2149=IFCMATERIALPROFILESET($,$,(#2151),$);
#2151=IFCMATERIALPROFILE($,$,#81,#2148,$,$);
#2282=IFCDOOR('2SqWEtpE95XxSZFJ0q0O8p',$,'Door',$,$,#3002,#2291,$,2.,0.89999997615814209,$,.DOUBLE_DOOR_SINGLE_SWING.,$);
#2283=IFCRELDEFINESBYTYPE('1TujzV7QL70OJUeIBg47z5',$,$,$,(#2282),#2039);
#2284=IFCCARTESIANPOINT((0.,0.,0.));
#2285=IFCDIRECTION((1.,0.,0.));
#2286=IFCDIRECTION((0.,1.,0.));
#2287=IFCDIRECTION((0.,0.,1.));
#2288=IFCCARTESIANTRANSFORMATIONOPERATOR3D(#2285,#2286,#2284,1.,#2287);
#2289=IFCMAPPEDITEM(#2049,#2288);
#2290=IFCSHAPEREPRESENTATION(#18,'Profile','MappedRepresentation',(#2289));
#2291=IFCPRODUCTDEFINITIONSHAPE($,$,(#2290,#2298,#2305));
#2292=IFCCARTESIANPOINT((0.,0.,0.));
#2293=IFCDIRECTION((1.,0.,0.));
#2294=IFCDIRECTION((0.,1.,0.));
#2295=IFCDIRECTION((0.,0.,1.));
#2296=IFCCARTESIANTRANSFORMATIONOPERATOR3D(#2293,#2294,#2292,1.,#2295);
#2297=IFCMAPPEDITEM(#2127,#2296);
#2298=IFCSHAPEREPRESENTATION(#11,'Body','MappedRepresentation',(#2297));
#2299=IFCCARTESIANPOINT((0.,0.,0.));
#2300=IFCDIRECTION((1.,0.,0.));
#2301=IFCDIRECTION((0.,1.,0.));
#2302=IFCDIRECTION((0.,0.,1.));
#2303=IFCCARTESIANTRANSFORMATIONOPERATOR3D(#2300,#2301,#2299,1.,#2302);
#2304=IFCMAPPEDITEM(#2146,#2303);
#2305=IFCSHAPEREPRESENTATION(#24,'Body','MappedRepresentation',(#2304));
#2306=IFCOPENINGELEMENT('01iHPC6CfAz9jEipfyUpZh',$,'Opening',$,$,#2997,#2334,$,.OPENING.);
#2322=IFCCARTESIANPOINT((0.,0.,0.));
#2323=IFCDIRECTION((1.,0.,0.));
#2324=IFCDIRECTION((0.,0.,1.));
#2325=IFCAXIS2PLACEMENT3D(#2322,#2324,#2323);
#2326=IFCREPRESENTATIONMAP(#2325,#2972);
#2327=IFCCARTESIANPOINT((0.,0.,0.));
#2328=IFCDIRECTION((1.,0.,0.));
#2329=IFCDIRECTION((0.,1.,0.));
#2330=IFCDIRECTION((0.,0.,1.));
#2331=IFCCARTESIANTRANSFORMATIONOPERATOR3D(#2328,#2329,#2327,1.,#2330);
#2332=IFCMAPPEDITEM(#2326,#2331);
#2333=IFCSHAPEREPRESENTATION(#11,'Body','MappedRepresentation',(#2332));
#2334=IFCPRODUCTDEFINITIONSHAPE($,$,(#2333));
#2335=IFCRELVOIDSELEMENT('1walAiLInBRAUUP1Vwv5jv',$,$,$,#237,#2306);
#2341=IFCRELFILLSELEMENT('3LKYDubZv0zRMaCjMmJ$u4',$,$,$,#2306,#2282);
#2350=IFCCARTESIANPOINTLIST2D(((0.,0.),(0.,2.),(0.89999997615814209,2.),(0.89999997615814209,0.),(0.87499997578561306,0.),(0.87499997578561306,1.974999999627471),(0.02500000037252903,1.974999999627471),(0.02500000037252903,0.)));
#2351=IFCINDEXEDPOLYCURVE(#2350,(IFCLINEINDEX((1,2,3,4,5,6,7,8,1))),$);
#2352=IFCARBITRARYCLOSEDPROFILEDEF(.AREA.,$,#2351);
#2353=IFCCARTESIANPOINT((0.,0.,0.));
#2354=IFCDIRECTION((0.,-1.,0.));
#2355=IFCDIRECTION((1.,0.,0.));
#2356=IFCAXIS2PLACEMENT3D(#2353,#2354,#2355);
#2357=IFCDIRECTION((0.,0.,-1.));
#2358=IFCEXTRUDEDAREASOLID(#2352,#2356,#2357,0.05000000074505806);
#2359=IFCCARTESIANPOINTLIST2D(((0.,0.),(0.84999997541308403,0.),(0.84999997541308403,0.10000000149011612),(0.,0.10000000149011612)));
#2360=IFCINDEXEDPOLYCURVE(#2359,(IFCLINEINDEX((1,2,3,4,1))),$);
#2361=IFCARBITRARYCLOSEDPROFILEDEF(.AREA.,$,#2360);
#2362=IFCCARTESIANPOINT((0.02500000037252903,0.,0.));
#2363=IFCDIRECTION((0.,0.,1.));
#2364=IFCDIRECTION((1.,0.,0.));
#2365=IFCAXIS2PLACEMENT3D(#2362,#2363,#2364);
#2366=IFCDIRECTION((0.,0.,1.));
#2367=IFCEXTRUDEDAREASOLID(#2361,#2365,#2366,0.02500000037252903);
#2368=IFCCARTESIANPOINTLIST2D(((0.,0.),(0.,2.0250000022351742),(0.94999998062849045,2.0250000022351742),(0.94999998062849045,0.),(0.89999997802078724,0.),(0.89999997802078724,1.974999999627471),(0.050000002607703209,1.974999999627471),(0.050000002607703209,0.)));
#2369=IFCINDEXEDPOLYCURVE(#2368,(IFCLINEINDEX((1,2,3,4,5,6,7,8,1))),$);
#2370=IFCARBITRARYCLOSEDPROFILEDEF(.AREA.,$,#2369);
#2371=IFCCARTESIANPOINT((-0.025000002235174179,-0.004999999888241291,0.));
#2372=IFCDIRECTION((0.,-1.,0.));
#2373=IFCDIRECTION((1.,0.,0.));
#2374=IFCAXIS2PLACEMENT3D(#2371,#2372,#2373);
#2375=IFCDIRECTION((0.,0.,-1.));
#2376=IFCEXTRUDEDAREASOLID(#2370,#2374,#2375,0.004999999888241291);
#2377=IFCCARTESIANPOINTLIST2D(((0.,0.),(0.,2.0250000022351742),(0.94999998062849045,2.0250000022351742),(0.94999998062849045,0.),(0.89999997802078724,0.),(0.89999997802078724,1.974999999627471),(0.050000002607703209,1.974999999627471),(0.050000002607703209,0.)));
#2378=IFCINDEXEDPOLYCURVE(#2377,(IFCLINEINDEX((1,2,3,4,5,6,7,8,1))),$);
#2379=IFCARBITRARYCLOSEDPROFILEDEF(.AREA.,$,#2378);
#2380=IFCCARTESIANPOINT((-0.025000002235174179,0.05000000074505806,0.));
#2381=IFCDIRECTION((0.,-1.,0.));
#2382=IFCDIRECTION((1.,0.,0.));
#2383=IFCAXIS2PLACEMENT3D(#2380,#2381,#2382);
#2384=IFCDIRECTION((0.,0.,-1.));
#2385=IFCEXTRUDEDAREASOLID(#2379,#2383,#2384,0.004999999888241291);
#2386=IFCCARTESIANPOINTLIST2D(((0.,0.),(0.84999997541308403,0.),(0.84999997541308403,0.035000000149011612),(0.,0.035000000149011612)));
#2387=IFCINDEXEDPOLYCURVE(#2386,(IFCLINEINDEX((1,2,3,4,1))),$);
#2388=IFCARBITRARYCLOSEDPROFILEDEF(.AREA.,$,#2387);
#2389=IFCCARTESIANPOINT((0.02500000037252903,0.02500000037252903,0.02500000037252903));
#2390=IFCDIRECTION((0.,0.,1.));
#2391=IFCDIRECTION((1.,0.,0.));
#2392=IFCAXIS2PLACEMENT3D(#2389,#2390,#2391);
#2393=IFCDIRECTION((0.,0.,1.));
#2394=IFCEXTRUDEDAREASOLID(#2388,#2392,#2393,1.9499999992549419);
#2395=IFCCARTESIANPOINTLIST2D(((0.,0.),(0.,-0.040000000000000001),(-0.11999999999999988,-0.040000000000000001),(-0.11999999999999988,-0.02),(-0.020000000000000018,-0.02),(-0.020000000000000018,0.)));
#2396=IFCINDEXEDPOLYCURVE(#2395,(IFCLINEINDEX((1,2,3,4,5,6,1))),$);
#2397=IFCARBITRARYCLOSEDPROFILEDEF(.AREA.,$,#2396);
#2398=IFCCARTESIANPOINT((0.82499997578561302,0.02500000037252903,1.015000000372529));
#2399=IFCDIRECTION((0.,0.,1.));
#2400=IFCDIRECTION((1.,0.,0.));
#2401=IFCAXIS2PLACEMENT3D(#2398,#2399,#2400);
#2402=IFCDIRECTION((0.,0.,1.));
#2403=IFCEXTRUDEDAREASOLID(#2397,#2401,#2402,0.02);
#2404=IFCEXTRUDEDAREASOLID(#2405,#2408,#2412,0.02);
#2405=IFCARBITRARYCLOSEDPROFILEDEF(.AREA.,$,#2406);
#2406=IFCINDEXEDPOLYCURVE(#2407,(IFCLINEINDEX((1,2,3,4,5,6,1))),$);
#2407=IFCCARTESIANPOINTLIST2D(((0.,0.),(0.,0.040000000000000008),(-0.11999999999999988,0.040000000000000008),(-0.11999999999999988,0.020000000000000004),(-0.020000000000000018,0.020000000000000004),(-0.020000000000000018,0.)));
#2408=IFCAXIS2PLACEMENT3D(#2409,#2410,#2411);
#2409=IFCCARTESIANPOINT((0.82499997578561302,0.060000000521540642,1.015000000372529));
#2410=IFCDIRECTION((0.,0.,1.));
#2411=IFCDIRECTION((1.,0.,0.));
#2412=IFCDIRECTION((0.,0.,1.));
#2414=IFCSHAPEREPRESENTATION(#11,'Body','SweptSolid',(#2376,#2884,#2358,#2385,#2857,#2367,#2875,#2848,#2866));
#2415=IFCSHAPEASPECT((#2414),'Lining',$,.T.,#2291);
#2416=IFCSHAPEREPRESENTATION(#11,'Body','SweptSolid',(#2903,#2403,#2930,#2404,#2394,#2902,#2921,#2912,#2893));
#2417=IFCSHAPEASPECT((#2416),'Framing',$,.T.,#2291);
#2837=IFCCARTESIANPOINTLIST3D(((0.,0.,0.),(0.89999997615814209,0.,0.),(0.89999997615814209,0.,2.),(0.,0.,2.)));
#2838=IFCINDEXEDPOLYCURVE(#2837,(IFCLINEINDEX((1,2,3,4,1))),$);
#2839=IFCSHAPEREPRESENTATION(#18,'Profile','Curve3D',(#2838));
#2840=IFCCARTESIANPOINTLIST2D(((0.,0.),(0.,2.),(0.89999997615814209,2.),(0.89999997615814209,0.),(0.87499997578561306,0.),(0.87499997578561306,1.974999999627471),(0.02500000037252903,1.974999999627471),(0.02500000037252903,0.)));
#2841=IFCINDEXEDPOLYCURVE(#2840,(IFCLINEINDEX((1,2,3,4,5,6,7,8,1))),$);
#2842=IFCARBITRARYCLOSEDPROFILEDEF(.AREA.,$,#2841);
#2843=IFCCARTESIANPOINT((0.,0.02500000037252903,0.));
#2844=IFCDIRECTION((0.,-1.,0.));
#2845=IFCDIRECTION((1.,0.,0.));
#2846=IFCAXIS2PLACEMENT3D(#2843,#2844,#2845);
#2847=IFCDIRECTION((0.,0.,-1.));
#2848=IFCEXTRUDEDAREASOLID(#2842,#2846,#2847,0.02500000037252903);
#2849=IFCCARTESIANPOINTLIST2D(((0.,0.),(0.,2.),(0.89999997615814209,2.),(0.89999997615814209,0.),(0.84999997541308403,0.),(0.84999997541308403,1.9499999992549419),(0.05000000074505806,1.9499999992549419),(0.05000000074505806,0.)));
#2850=IFCINDEXEDPOLYCURVE(#2849,(IFCLINEINDEX((1,2,3,4,5,6,7,8,1))),$);
#2851=IFCARBITRARYCLOSEDPROFILEDEF(.AREA.,$,#2850);
#2852=IFCCARTESIANPOINT((0.,0.,0.));
#2853=IFCDIRECTION((0.,-1.,0.));
#2854=IFCDIRECTION((1.,0.,0.));
#2855=IFCAXIS2PLACEMENT3D(#2852,#2853,#2854);
#2856=IFCDIRECTION((0.,0.,-1.));
#2857=IFCEXTRUDEDAREASOLID(#2851,#2855,#2856,0.02500000037252903);
#2858=IFCCARTESIANPOINTLIST2D(((0.,0.),(0.79999997466802597,0.),(0.79999997466802597,0.10000000149011612),(0.,0.10000000149011612)));
#2859=IFCINDEXEDPOLYCURVE(#2858,(IFCLINEINDEX((1,2,3,4,1))),$);
#2860=IFCARBITRARYCLOSEDPROFILEDEF(.AREA.,$,#2859);
#2861=IFCCARTESIANPOINT((0.05000000074505806,0.,0.));
#2862=IFCDIRECTION((0.,0.,1.));
#2863=IFCDIRECTION((1.,0.,0.));
#2864=IFCAXIS2PLACEMENT3D(#2861,#2862,#2863);
#2865=IFCDIRECTION((0.,0.,1.));
#2866=IFCEXTRUDEDAREASOLID(#2860,#2864,#2865,0.02500000037252903);
#2867=IFCCARTESIANPOINTLIST2D(((0.,0.),(0.,2.0250000022351742),(0.94999998062849045,2.0250000022351742),(0.94999998062849045,0.),(0.87499997764825821,0.),(0.87499997764825821,1.9499999992549419),(0.075000002980232239,1.9499999992549419),(0.075000002980232239,0.)));
#2868=IFCINDEXEDPOLYCURVE(#2867,(IFCLINEINDEX((1,2,3,4,5,6,7,8,1))),$);
#2869=IFCARBITRARYCLOSEDPROFILEDEF(.AREA.,$,#2868);
#2870=IFCCARTESIANPOINT((-0.025000002235174179,-0.0010000000474974513,0.));
#2871=IFCDIRECTION((0.,-1.,0.));
#2872=IFCDIRECTION((1.,0.,0.));
#2873=IFCAXIS2PLACEMENT3D(#2870,#2871,#2872);
#2874=IFCDIRECTION((0.,0.,-1.));
#2875=IFCEXTRUDEDAREASOLID(#2869,#2873,#2874,0.0010000000474974513);
#2876=IFCCARTESIANPOINTLIST2D(((0.,0.),(0.,2.0250000022351742),(0.94999998062849045,2.0250000022351742),(0.94999998062849045,0.),(0.89999997802078724,0.),(0.89999997802078724,1.974999999627471),(0.050000002607703209,1.974999999627471),(0.050000002607703209,0.)));
#2877=IFCINDEXEDPOLYCURVE(#2876,(IFCLINEINDEX((1,2,3,4,5,6,7,8,1))),$);
#2878=IFCARBITRARYCLOSEDPROFILEDEF(.AREA.,$,#2877);
#2879=IFCCARTESIANPOINT((-0.025000002235174179,0.05000000074505806,0.));
#2880=IFCDIRECTION((0.,-1.,0.));
#2881=IFCDIRECTION((1.,0.,0.));
#2882=IFCAXIS2PLACEMENT3D(#2879,#2880,#2881);
#2883=IFCDIRECTION((0.,0.,-1.));
#2884=IFCEXTRUDEDAREASOLID(#2878,#2882,#2883,0.0010000000474974513);
#2885=IFCCARTESIANPOINTLIST2D(((0.,0.),(0.42399998770654201,0.),(0.42399998770654201,0.035000000149011612),(0.,0.035000000149011612)));
#2886=IFCINDEXEDPOLYCURVE(#2885,(IFCLINEINDEX((1,2,3,4,1))),$);
#2887=IFCARBITRARYCLOSEDPROFILEDEF(.AREA.,$,#2886);
#2888=IFCCARTESIANPOINT((0.02500000037252903,0.02500000037252903,0.02500000037252903));
#2889=IFCDIRECTION((0.,0.,1.));
#2890=IFCDIRECTION((1.,0.,0.));
#2891=IFCAXIS2PLACEMENT3D(#2888,#2889,#2890);
#2892=IFCDIRECTION((0.,0.,1.));
#2893=IFCEXTRUDEDAREASOLID(#2887,#2891,#2892,1.9499999992549419);
#2894=IFCCARTESIANPOINTLIST2D(((0.,0.),(0.,-0.040000000000000001),(-0.12,-0.040000000000000001),(-0.12,-0.02),(-0.020000000000000018,-0.02),(-0.020000000000000018,0.)));
#2895=IFCINDEXEDPOLYCURVE(#2894,(IFCLINEINDEX((1,2,3,4,5,6,1))),$);
#2896=IFCARBITRARYCLOSEDPROFILEDEF(.AREA.,$,#2895);
#2897=IFCCARTESIANPOINT((0.39899998807907106,0.02500000037252903,1.015000000372529));
#2898=IFCDIRECTION((0.,0.,1.));
#2899=IFCDIRECTION((1.,0.,0.));
#2900=IFCAXIS2PLACEMENT3D(#2897,#2898,#2899);
#2901=IFCDIRECTION((0.,0.,1.));
#2902=IFCEXTRUDEDAREASOLID(#2896,#2900,#2901,0.02);
#2903=IFCEXTRUDEDAREASOLID(#2904,#2907,#2911,0.02);
#2904=IFCARBITRARYCLOSEDPROFILEDEF(.AREA.,$,#2905);
#2905=IFCINDEXEDPOLYCURVE(#2906,(IFCLINEINDEX((1,2,3,4,5,6,1))),$);
#2906=IFCCARTESIANPOINTLIST2D(((0.,0.),(0.,0.040000000000000008),(-0.12,0.040000000000000008),(-0.12,0.020000000000000004),(-0.020000000000000018,0.020000000000000004),(-0.020000000000000018,0.)));
#2907=IFCAXIS2PLACEMENT3D(#2908,#2909,#2910);
#2908=IFCCARTESIANPOINT((0.39899998807907106,0.060000000521540642,1.015000000372529));
#2909=IFCDIRECTION((0.,0.,1.));
#2910=IFCDIRECTION((1.,0.,0.));
#2911=IFCDIRECTION((0.,0.,1.));
#2912=IFCEXTRUDEDAREASOLID(#2913,#2916,#2920,1.9499999992549419);
#2913=IFCARBITRARYCLOSEDPROFILEDEF(.AREA.,$,#2914);
#2914=IFCINDEXEDPOLYCURVE(#2915,(IFCLINEINDEX((1,2,3,4,1))),$);
#2915=IFCCARTESIANPOINTLIST2D(((0.,0.),(-0.42399998770654201,0.),(-0.42399998770654201,0.035000000149011612),(0.,0.035000000149011612)));
#2916=IFCAXIS2PLACEMENT3D(#2917,#2918,#2919);
#2917=IFCCARTESIANPOINT((0.87499997578561306,0.02500000037252903,0.02500000037252903));
#2918=IFCDIRECTION((0.,0.,1.));
#2919=IFCDIRECTION((1.,0.,0.));
#2920=IFCDIRECTION((0.,0.,1.));
#2921=IFCEXTRUDEDAREASOLID(#2922,#2925,#2929,0.02);
#2922=IFCARBITRARYCLOSEDPROFILEDEF(.AREA.,$,#2923);
#2923=IFCINDEXEDPOLYCURVE(#2924,(IFCLINEINDEX((1,2,3,4,5,6,1))),$);
#2924=IFCCARTESIANPOINTLIST2D(((0.,0.),(0.,-0.040000000000000001),(0.12000000000000011,-0.040000000000000001),(0.12000000000000011,-0.02),(0.020000000000000018,-0.02),(0.020000000000000018,0.)));
#2925=IFCAXIS2PLACEMENT3D(#2926,#2927,#2928);
#2926=IFCCARTESIANPOINT((0.50099998807907098,0.02500000037252903,1.015000000372529));
#2927=IFCDIRECTION((0.,0.,1.));
#2928=IFCDIRECTION((1.,0.,0.));
#2929=IFCDIRECTION((0.,0.,1.));
#2930=IFCEXTRUDEDAREASOLID(#2931,#2934,#2938,0.02);
#2931=IFCARBITRARYCLOSEDPROFILEDEF(.AREA.,$,#2932);
#2932=IFCINDEXEDPOLYCURVE(#2933,(IFCLINEINDEX((1,2,3,4,5,6,1))),$);
#2933=IFCCARTESIANPOINTLIST2D(((0.,0.),(0.,0.040000000000000008),(0.12000000000000011,0.040000000000000008),(0.12000000000000011,0.020000000000000004),(0.020000000000000018,0.020000000000000004),(0.020000000000000018,0.)));
#2934=IFCAXIS2PLACEMENT3D(#2935,#2936,#2937);
#2935=IFCCARTESIANPOINT((0.50099998807907098,0.060000000521540642,1.015000000372529));
#2936=IFCDIRECTION((0.,0.,1.));
#2937=IFCDIRECTION((1.,0.,0.));
#2938=IFCDIRECTION((0.,0.,1.));
#2939=IFCSHAPEREPRESENTATION(#11,'Body','SweptSolid',(#2848,#2857,#2893,#2902,#2903,#2912,#2921,#2930,#2866,#2875,#2884));
#2940=IFCCARTESIANPOINTLIST2D(((0.,0.),(0.,0.05000000074505806),(0.02500000037252903,0.05000000074505806),(0.02500000037252903,0.02500000037252903),(0.05000000074505806,0.02500000037252903),(0.05000000074505806,0.)));
#2941=IFCINDEXEDPOLYCURVE(#2940,(IFCLINEINDEX((1,2,3,4,5,6,1))),$);
#2942=IFCINDEXEDPOLYCURVE(#2943,(IFCLINEINDEX((1,2,3,4,5,6,1))),$);
#2943=IFCCARTESIANPOINTLIST2D(((0.89999997615814209,0.),(0.89999997615814209,0.05000000074505806),(0.87499997578561306,0.05000000074505806),(0.87499997578561306,0.02500000037252903),(0.84999997541308403,0.02500000037252903),(0.84999997541308403,0.)));
#2944=IFCDIRECTION((1.,0.));
#2945=IFCCARTESIANPOINT((0.060000000521540642,0.05000000074505806));
#2946=IFCAXIS2PLACEMENT2D(#2945,#2944);
#2947=IFCELLIPSE(#2946,0.3899999875575304,0.42499998770654202);
#2948=IFCCARTESIANPOINT((0.44999998807907104,0.05000000074505806));
#2949=IFCCARTESIANPOINT((0.060000000521540642,0.47499998845160007));
#2950=IFCTRIMMEDCURVE(#2947,(#2948),(#2949),.T.,.CARTESIAN.);
#2951=IFCCARTESIANPOINTLIST2D(((0.02500000037252903,0.05000000074505806),(0.060000000521540642,0.05000000074505806),(0.060000000521540642,0.47499998845160007),(0.02500000037252903,0.47499998845160007)));
#2952=IFCINDEXEDPOLYCURVE(#2951,(IFCLINEINDEX((1,2,3,4,1))),$);
#2953=IFCTRIMMEDCURVE(#2954,(#2958),(#2959),.T.,.CARTESIAN.);
#2954=IFCELLIPSE(#2955,0.3899999875575304,0.42499998770654202);
#2955=IFCAXIS2PLACEMENT2D(#2956,#2957);
#2956=IFCCARTESIANPOINT((0.83999997563660145,0.05000000074505806));
#2957=IFCDIRECTION((1.,0.));
#2958=IFCCARTESIANPOINT((0.83999997563660145,0.47499998845160007));
#2959=IFCCARTESIANPOINT((0.44999998807907104,0.05000000074505806));
#2960=IFCINDEXEDPOLYCURVE(#2961,(IFCLINEINDEX((1,2,3,4,1))),$);
#2961=IFCCARTESIANPOINTLIST2D(((0.87499997578561306,0.05000000074505806),(0.83999997563660145,0.05000000074505806),(0.83999997563660145,0.47499998845160007),(0.87499997578561306,0.47499998845160007)));
#2962=IFCSHAPEREPRESENTATION(#24,'Body','Curve2D',(#2941,#2942,#2950,#2952,#2953,#2960));
#2963=IFCCARTESIANPOINTLIST2D(((0.,0.),(0.89999997615814209,0.),(0.89999997615814209,2.),(0.,2.)));
#2964=IFCINDEXEDPOLYCURVE(#2963,(IFCLINEINDEX((1,2,3,4,1))),$);
#2965=IFCARBITRARYCLOSEDPROFILEDEF(.AREA.,$,#2964);
#2966=IFCCARTESIANPOINT((0.,-0.60000002384185791,0.));
#2967=IFCDIRECTION((0.,-1.,0.));
#2968=IFCDIRECTION((1.,0.,0.));
#2969=IFCAXIS2PLACEMENT3D(#2966,#2967,#2968);
#2970=IFCDIRECTION((0.,0.,-1.));
#2971=IFCEXTRUDEDAREASOLID(#2965,#2969,#2970,1.2);
#2972=IFCSHAPEREPRESENTATION(#11,'Body','SweptSolid',(#2971));
#2993=IFCCARTESIANPOINT((3.6673700722056339,0.099999748407084699,0.));
#2994=IFCDIRECTION((0.,0.,1.));
#2995=IFCDIRECTION((-0.99999999999998856,1.5099580252808177E-07,0.));
#2996=IFCAXIS2PLACEMENT3D(#2993,#2994,#2995);
#2997=IFCLOCALPLACEMENT(#250,#2996);
#2998=IFCCARTESIANPOINT((0.,-4.4408920985006262E-16,0.));
#2999=IFCDIRECTION((0.,0.,1.));
#3000=IFCDIRECTION((1.,0.,0.));
#3001=IFCAXIS2PLACEMENT3D(#2998,#2999,#3000);
#3002=IFCLOCALPLACEMENT(#2997,#3001);
#3165=IFCDOORTYPE('1Pawq09AX4wer3MtGvy$4O',$,'Guest-GF',$,$,(#3166),(#3168,#3176,#3281),$,$,.DOOR.,.SINGLE_SWING_LEFT.,$,$);
#3166=IFCPROPERTYSET('0chcZldjj048VkpDbKkyPV',$,'BBIM_Door',$,(#3167));
#3167=IFCPROPERTYSINGLEVALUE('Data',$,IFCTEXT('{"door_type": "DOUBLE_SWING_RIGHT", "overall_height": 2.0, "overall_width": 0.8999999761581421, "lining_properties": {"lining_depth": 0.05000000074505806, "lining_thickness": 0.05000000074505806, "lining_offset": 0.0, "lining_to_panel_offset_x": 0.02500000037252903, "lining_to_panel_offset_y": 0.02500000037252903, "transom_thickness": 0.0, "casing_thickness": 0.07500000298023224, "casing_depth": 0.0010000000474974513, "threshold_thickness": 0.02500000037252903, "threshold_depth": 0.10000000149011612, "threshold_offset": 0.0}, "panel_properties": {"panel_depth": 0.03500000014901161, "panel_width_ratio": 1.0}}'),$);
#3168=IFCREPRESENTATIONMAP(#3169,#3702);
#3169=IFCAXIS2PLACEMENT3D(#3170,#3171,#3172);
#3170=IFCCARTESIANPOINT((0.,0.,0.));
#3171=IFCDIRECTION((0.,0.,1.));
#3172=IFCDIRECTION((1.,0.,0.));
#3176=IFCREPRESENTATIONMAP(#3177,#3766);
#3177=IFCAXIS2PLACEMENT3D(#3178,#3179,#3180);
#3178=IFCCARTESIANPOINT((0.,0.,0.));
#3179=IFCDIRECTION((0.,0.,1.));
#3180=IFCDIRECTION((1.,0.,0.));
#3281=IFCREPRESENTATIONMAP(#3282,#3782);
#3282=IFCAXIS2PLACEMENT3D(#3283,#3284,#3285);
#3283=IFCCARTESIANPOINT((0.,0.,0.));
#3284=IFCDIRECTION((0.,0.,1.));
#3285=IFCDIRECTION((1.,0.,0.));
#3470=IFCDOOR('26zxJiInr5wAVZ458IEH1F',$,'Door',$,$,#3808,#3479,$,2.,0.89999997615814209,$,.DOUBLE_SWING_RIGHT.,$);
#3471=IFCRELDEFINESBYTYPE('1W2YO37_f7URArPfBKc5gQ',$,$,$,(#3470),#3165);
#3472=IFCCARTESIANPOINT((0.,0.,0.));
#3473=IFCDIRECTION((1.,0.,0.));
#3474=IFCDIRECTION((0.,1.,0.));
#3475=IFCDIRECTION((0.,0.,1.));
#3476=IFCCARTESIANTRANSFORMATIONOPERATOR3D(#3473,#3474,#3472,1.,#3475);
#3477=IFCMAPPEDITEM(#3168,#3476);
#3478=IFCSHAPEREPRESENTATION(#18,'Profile','MappedRepresentation',(#3477));
#3479=IFCPRODUCTDEFINITIONSHAPE($,$,(#3478,#3486,#3493));
#3480=IFCCARTESIANPOINT((0.,0.,0.));
#3481=IFCDIRECTION((1.,0.,0.));
#3482=IFCDIRECTION((0.,1.,0.));
#3483=IFCDIRECTION((0.,0.,1.));
#3484=IFCCARTESIANTRANSFORMATIONOPERATOR3D(#3481,#3482,#3480,1.,#3483);
#3485=IFCMAPPEDITEM(#3176,#3484);
#3486=IFCSHAPEREPRESENTATION(#11,'Body','MappedRepresentation',(#3485));
#3487=IFCCARTESIANPOINT((0.,0.,0.));
#3488=IFCDIRECTION((1.,0.,0.));
#3489=IFCDIRECTION((0.,1.,0.));
#3490=IFCDIRECTION((0.,0.,1.));
#3491=IFCCARTESIANTRANSFORMATIONOPERATOR3D(#3488,#3489,#3487,1.,#3490);
#3492=IFCMAPPEDITEM(#3281,#3491);
#3493=IFCSHAPEREPRESENTATION(#24,'Body','MappedRepresentation',(#3492));
#3494=IFCOPENINGELEMENT('0KvXthZtPBMg8boLHPNbMx',$,'Opening',$,$,#3803,#3522,$,.OPENING.);
#3510=IFCCARTESIANPOINT((0.,0.,0.));
#3511=IFCDIRECTION((1.,0.,0.));
#3512=IFCDIRECTION((0.,0.,1.));
#3513=IFCAXIS2PLACEMENT3D(#3510,#3512,#3511);
#3514=IFCREPRESENTATIONMAP(#3513,#3793);
#3515=IFCCARTESIANPOINT((0.,0.,0.));
#3516=IFCDIRECTION((1.,0.,0.));
#3517=IFCDIRECTION((0.,1.,0.));
#3518=IFCDIRECTION((0.,0.,1.));
#3519=IFCCARTESIANTRANSFORMATIONOPERATOR3D(#3516,#3517,#3515,1.,#3518);
#3520=IFCMAPPEDITEM(#3514,#3519);
#3521=IFCSHAPEREPRESENTATION(#11,'Body','MappedRepresentation',(#3520));
#3522=IFCPRODUCTDEFINITIONSHAPE($,$,(#3521));
#3523=IFCRELVOIDSELEMENT('0y$NV1mKj099XuLM7SGYj3',$,$,$,#1725,#3494);
#3529=IFCRELFILLSELEMENT('0bsxiVN11EGuVIDlQ3yPyQ',$,$,$,#3494,#3470);
#3553=IFCCARTESIANPOINTLIST2D(((0.,0.),(0.,2.),(0.89999997615814209,2.),(0.89999997615814209,0.),(0.84999997541308403,0.),(0.84999997541308403,1.9499999992549419),(0.05000000074505806,1.9499999992549419),(0.05000000074505806,0.)));
#3554=IFCINDEXEDPOLYCURVE(#3553,(IFCLINEINDEX((1,2,3,4,5,6,7,8,1))),$);
#3555=IFCARBITRARYCLOSEDPROFILEDEF(.AREA.,$,#3554);
#3556=IFCCARTESIANPOINT((0.,0.,0.));
#3557=IFCDIRECTION((0.,-1.,0.));
#3558=IFCDIRECTION((1.,0.,0.));
#3559=IFCAXIS2PLACEMENT3D(#3556,#3557,#3558);
#3560=IFCDIRECTION((0.,0.,-1.));
#3561=IFCEXTRUDEDAREASOLID(#3555,#3559,#3560,0.05000000074505806);
#3562=IFCCARTESIANPOINTLIST2D(((0.,0.),(0.79999997466802597,0.),(0.79999997466802597,0.10000000149011612),(0.,0.10000000149011612)));
#3563=IFCINDEXEDPOLYCURVE(#3562,(IFCLINEINDEX((1,2,3,4,1))),$);
#3564=IFCARBITRARYCLOSEDPROFILEDEF(.AREA.,$,#3563);
#3565=IFCCARTESIANPOINT((0.05000000074505806,0.,0.));
#3566=IFCDIRECTION((0.,0.,1.));
#3567=IFCDIRECTION((1.,0.,0.));
#3568=IFCAXIS2PLACEMENT3D(#3565,#3566,#3567);
#3569=IFCDIRECTION((0.,0.,1.));
#3570=IFCEXTRUDEDAREASOLID(#3564,#3568,#3569,0.02500000037252903);
#3571=IFCCARTESIANPOINTLIST2D(((0.,0.),(0.,2.0250000022351742),(0.94999998062849045,2.0250000022351742),(0.94999998062849045,0.),(0.87499997764825821,0.),(0.87499997764825821,1.9499999992549419),(0.075000002980232239,1.9499999992549419),(0.075000002980232239,0.)));
#3572=IFCINDEXEDPOLYCURVE(#3571,(IFCLINEINDEX((1,2,3,4,5,6,7,8,1))),$);
#3573=IFCARBITRARYCLOSEDPROFILEDEF(.AREA.,$,#3572);
#3574=IFCCARTESIANPOINT((-0.025000002235174179,-0.0010000000474974513,0.));
#3575=IFCDIRECTION((0.,-1.,0.));
#3576=IFCDIRECTION((1.,0.,0.));
#3577=IFCAXIS2PLACEMENT3D(#3574,#3575,#3576);
#3578=IFCDIRECTION((0.,0.,-1.));
#3579=IFCEXTRUDEDAREASOLID(#3573,#3577,#3578,0.0010000000474974513);
#3580=IFCCARTESIANPOINTLIST2D(((0.,0.),(0.,2.0250000022351742),(0.94999998062849045,2.0250000022351742),(0.94999998062849045,0.),(0.87499997764825821,0.),(0.87499997764825821,1.9499999992549419),(0.075000002980232239,1.9499999992549419),(0.075000002980232239,0.)));
#3581=IFCINDEXEDPOLYCURVE(#3580,(IFCLINEINDEX((1,2,3,4,5,6,7,8,1))),$);
#3582=IFCARBITRARYCLOSEDPROFILEDEF(.AREA.,$,#3581);
#3583=IFCCARTESIANPOINT((-0.025000002235174179,0.05000000074505806,0.));
#3584=IFCDIRECTION((0.,-1.,0.));
#3585=IFCDIRECTION((1.,0.,0.));
#3586=IFCAXIS2PLACEMENT3D(#3583,#3584,#3585);
#3587=IFCDIRECTION((0.,0.,-1.));
#3588=IFCEXTRUDEDAREASOLID(#3582,#3586,#3587,0.0010000000474974513);
#3589=IFCCARTESIANPOINTLIST2D(((0.,0.),(0.79999997466802597,0.),(0.79999997466802597,0.035000000149011612),(0.,0.035000000149011612)));
#3590=IFCINDEXEDPOLYCURVE(#3589,(IFCLINEINDEX((1,2,3,4,1))),$);
#3591=IFCARBITRARYCLOSEDPROFILEDEF(.AREA.,$,#3590);
#3592=IFCCARTESIANPOINT((0.05000000074505806,-0.035000000149011612,0.02500000037252903));
#3593=IFCDIRECTION((0.,0.,1.));
#3594=IFCDIRECTION((1.,0.,0.));
#3595=IFCAXIS2PLACEMENT3D(#3592,#3593,#3594);
#3596=IFCDIRECTION((0.,0.,1.));
#3597=IFCEXTRUDEDAREASOLID(#3591,#3595,#3596,1.9249999988824129);
#3598=IFCCARTESIANPOINTLIST2D(((0.,0.),(0.,-0.040000000000000001),(0.12,-0.040000000000000001),(0.12,-0.02),(0.02,-0.02),(0.02,0.)));
#3599=IFCINDEXEDPOLYCURVE(#3598,(IFCLINEINDEX((1,2,3,4,5,6,1))),$);
#3600=IFCARBITRARYCLOSEDPROFILEDEF(.AREA.,$,#3599);
#3601=IFCCARTESIANPOINT((0.10000000074505806,-0.035000000149011612,1.015000000372529));
#3602=IFCDIRECTION((0.,0.,1.));
#3603=IFCDIRECTION((1.,0.,0.));
#3604=IFCAXIS2PLACEMENT3D(#3601,#3602,#3603);
#3605=IFCDIRECTION((0.,0.,1.));
#3606=IFCEXTRUDEDAREASOLID(#3600,#3604,#3605,0.02);
#3607=IFCEXTRUDEDAREASOLID(#3608,#3611,#3615,0.02);
#3608=IFCARBITRARYCLOSEDPROFILEDEF(.AREA.,$,#3609);
#3609=IFCINDEXEDPOLYCURVE(#3610,(IFCLINEINDEX((1,2,3,4,5,6,1))),$);
#3610=IFCCARTESIANPOINTLIST2D(((0.,0.),(0.,0.040000000000000008),(0.11999999999999998,0.040000000000000008),(0.11999999999999998,0.020000000000000004),(0.020000000000000004,0.020000000000000004),(0.020000000000000004,0.)));
#3611=IFCAXIS2PLACEMENT3D(#3612,#3613,#3614);
#3612=IFCCARTESIANPOINT((0.10000000074505806,0.,1.015000000372529));
#3613=IFCDIRECTION((0.,0.,1.));
#3614=IFCDIRECTION((1.,0.,0.));
#3615=IFCDIRECTION((0.,0.,1.));
#3617=IFCSHAPEREPRESENTATION(#11,'Body','SweptSolid',(#3720,#3579,#3738,#3570,#3711,#3588,#3561,#3729));
#3618=IFCSHAPEASPECT((#3617),'Lining',$,.T.,#3479);
#3619=IFCSHAPEREPRESENTATION(#11,'Body','SweptSolid',(#3757,#3747,#3606,#3607,#3597,#3756));
#3620=IFCSHAPEASPECT((#3619),'Framing',$,.T.,#3479);
#3700=IFCCARTESIANPOINTLIST3D(((0.,0.,0.),(0.89999997615814209,0.,0.),(0.89999997615814209,0.,2.),(0.,0.,2.)));
#3701=IFCINDEXEDPOLYCURVE(#3700,(IFCLINEINDEX((1,2,3,4,1))),$);
#3702=IFCSHAPEREPRESENTATION(#18,'Profile','Curve3D',(#3701));
#3703=IFCCARTESIANPOINTLIST2D(((0.,0.),(0.,2.),(0.89999997615814209,2.),(0.89999997615814209,0.),(0.87499997578561306,0.),(0.87499997578561306,1.974999999627471),(0.02500000037252903,1.974999999627471),(0.02500000037252903,0.)));
#3704=IFCINDEXEDPOLYCURVE(#3703,(IFCLINEINDEX((1,2,3,4,5,6,7,8,1))),$);
#3705=IFCARBITRARYCLOSEDPROFILEDEF(.AREA.,$,#3704);
#3706=IFCCARTESIANPOINT((0.,0.,0.));
#3707=IFCDIRECTION((0.,-1.,0.));
#3708=IFCDIRECTION((1.,0.,0.));
#3709=IFCAXIS2PLACEMENT3D(#3706,#3707,#3708);
#3710=IFCDIRECTION((0.,0.,-1.));
#3711=IFCEXTRUDEDAREASOLID(#3705,#3709,#3710,0.05000000074505806);
#3712=IFCCARTESIANPOINTLIST2D(((0.,0.),(0.84999997541308403,0.),(0.84999997541308403,0.10000000149011612),(0.,0.10000000149011612)));
#3713=IFCINDEXEDPOLYCURVE(#3712,(IFCLINEINDEX((1,2,3,4,1))),$);
#3714=IFCARBITRARYCLOSEDPROFILEDEF(.AREA.,$,#3713);
#3715=IFCCARTESIANPOINT((0.02500000037252903,0.,0.));
#3716=IFCDIRECTION((0.,0.,1.));
#3717=IFCDIRECTION((1.,0.,0.));
#3718=IFCAXIS2PLACEMENT3D(#3715,#3716,#3717);
#3719=IFCDIRECTION((0.,0.,1.));
#3720=IFCEXTRUDEDAREASOLID(#3714,#3718,#3719,0.02500000037252903);
#3721=IFCCARTESIANPOINTLIST2D(((0.,0.),(0.,2.0250000022351742),(0.94999998062849045,2.0250000022351742),(0.94999998062849045,0.),(0.89999997802078724,0.),(0.89999997802078724,1.974999999627471),(0.050000002607703209,1.974999999627471),(0.050000002607703209,0.)));
#3722=IFCINDEXEDPOLYCURVE(#3721,(IFCLINEINDEX((1,2,3,4,5,6,7,8,1))),$);
#3723=IFCARBITRARYCLOSEDPROFILEDEF(.AREA.,$,#3722);
#3724=IFCCARTESIANPOINT((-0.025000002235174179,-0.0010000000474974513,0.));
#3725=IFCDIRECTION((0.,-1.,0.));
#3726=IFCDIRECTION((1.,0.,0.));
#3727=IFCAXIS2PLACEMENT3D(#3724,#3725,#3726);
#3728=IFCDIRECTION((0.,0.,-1.));
#3729=IFCEXTRUDEDAREASOLID(#3723,#3727,#3728,0.0010000000474974513);
#3730=IFCCARTESIANPOINTLIST2D(((0.,0.),(0.,2.0250000022351742),(0.94999998062849045,2.0250000022351742),(0.94999998062849045,0.),(0.89999997802078724,0.),(0.89999997802078724,1.974999999627471),(0.050000002607703209,1.974999999627471),(0.050000002607703209,0.)));
#3731=IFCINDEXEDPOLYCURVE(#3730,(IFCLINEINDEX((1,2,3,4,5,6,7,8,1))),$);
#3732=IFCARBITRARYCLOSEDPROFILEDEF(.AREA.,$,#3731);
#3733=IFCCARTESIANPOINT((-0.025000002235174179,0.05000000074505806,0.));
#3734=IFCDIRECTION((0.,-1.,0.));
#3735=IFCDIRECTION((1.,0.,0.));
#3736=IFCAXIS2PLACEMENT3D(#3733,#3734,#3735);
#3737=IFCDIRECTION((0.,0.,-1.));
#3738=IFCEXTRUDEDAREASOLID(#3732,#3736,#3737,0.0010000000474974513);
#3739=IFCCARTESIANPOINTLIST2D(((0.,0.),(0.84999997541308403,0.),(0.84999997541308403,0.035000000149011612),(0.,0.035000000149011612)));
#3740=IFCINDEXEDPOLYCURVE(#3739,(IFCLINEINDEX((1,2,3,4,1))),$);
#3741=IFCARBITRARYCLOSEDPROFILEDEF(.AREA.,$,#3740);
#3742=IFCCARTESIANPOINT((0.02500000037252903,0.02500000037252903,0.02500000037252903));
#3743=IFCDIRECTION((0.,0.,1.));
#3744=IFCDIRECTION((1.,0.,0.));
#3745=IFCAXIS2PLACEMENT3D(#3742,#3743,#3744);
#3746=IFCDIRECTION((0.,0.,1.));
#3747=IFCEXTRUDEDAREASOLID(#3741,#3745,#3746,1.9499999992549419);
#3748=IFCCARTESIANPOINTLIST2D(((0.,0.),(0.,-0.040000000000000001),(0.12,-0.040000000000000001),(0.12,-0.02),(0.02,-0.02),(0.02,0.)));
#3749=IFCINDEXEDPOLYCURVE(#3748,(IFCLINEINDEX((1,2,3,4,5,6,1))),$);
#3750=IFCARBITRARYCLOSEDPROFILEDEF(.AREA.,$,#3749);
#3751=IFCCARTESIANPOINT((0.075000000372529033,0.02500000037252903,1.015000000372529));
#3752=IFCDIRECTION((0.,0.,1.));
#3753=IFCDIRECTION((1.,0.,0.));
#3754=IFCAXIS2PLACEMENT3D(#3751,#3752,#3753);
#3755=IFCDIRECTION((0.,0.,1.));
#3756=IFCEXTRUDEDAREASOLID(#3750,#3754,#3755,0.02);
#3757=IFCEXTRUDEDAREASOLID(#3758,#3761,#3765,0.02);
#3758=IFCARBITRARYCLOSEDPROFILEDEF(.AREA.,$,#3759);
#3759=IFCINDEXEDPOLYCURVE(#3760,(IFCLINEINDEX((1,2,3,4,5,6,1))),$);
#3760=IFCCARTESIANPOINTLIST2D(((0.,0.),(0.,0.040000000000000008),(0.11999999999999998,0.040000000000000008),(0.11999999999999998,0.020000000000000004),(0.020000000000000004,0.020000000000000004),(0.020000000000000004,0.)));
#3761=IFCAXIS2PLACEMENT3D(#3762,#3763,#3764);
#3762=IFCCARTESIANPOINT((0.075000000372529033,0.060000000521540642,1.015000000372529));
#3763=IFCDIRECTION((0.,0.,1.));
#3764=IFCDIRECTION((1.,0.,0.));
#3765=IFCDIRECTION((0.,0.,1.));
#3766=IFCSHAPEREPRESENTATION(#11,'Body','SweptSolid',(#3711,#3747,#3756,#3757,#3720,#3729,#3738));
#3767=IFCCARTESIANPOINTLIST2D(((0.,0.),(0.02500000037252903,0.),(0.02500000037252903,0.05000000074505806),(0.,0.05000000074505806)));
#3768=IFCINDEXEDPOLYCURVE(#3767,(IFCLINEINDEX((1,2,3,4,1))),$);
#3769=IFCINDEXEDPOLYCURVE(#3770,(IFCLINEINDEX((1,2,3,4,1))),$);
#3770=IFCCARTESIANPOINTLIST2D(((0.89999997615814209,0.),(0.87499997578561306,0.),(0.87499997578561306,0.05000000074505806),(0.89999997615814209,0.05000000074505806)));
#3771=IFCCARTESIANPOINTLIST2D(((0.87499997578561306,0.05000000074505806),(0.87499997578561306,-0.79999997466802597),(0.83999997563660145,-0.79999997466802597)));
#3772=IFCINDEXEDPOLYCURVE(#3771,$,$);
#3773=IFCDIRECTION((1.,0.));
#3774=IFCCARTESIANPOINT((0.83999997563660145,0.05000000074505806));
#3775=IFCAXIS2PLACEMENT2D(#3774,#3773);
#3776=IFCELLIPSE(#3775,0.81499997526407242,0.84999997541308403);
#3777=IFCCARTESIANPOINT((0.83999997563660145,0.89999997615814209));
#3778=IFCCARTESIANPOINT((0.83999997563660145,-0.79999997466802597));
#3779=IFCTRIMMEDCURVE(#3776,(#3777),(#3778),.T.,.CARTESIAN.);
#3780=IFCCARTESIANPOINTLIST2D(((0.87499997578561306,0.05000000074505806),(0.83999997563660145,0.05000000074505806),(0.83999997563660145,0.89999997615814209),(0.87499997578561306,0.89999997615814209)));
#3781=IFCINDEXEDPOLYCURVE(#3780,(IFCLINEINDEX((1,2,3,4,1))),$);
#3782=IFCSHAPEREPRESENTATION(#24,'Body','Curve2D',(#3768,#3769,#3772,#3779,#3781));
#3784=IFCCARTESIANPOINTLIST2D(((0.,0.),(0.89999997615814209,0.),(0.89999997615814209,2.),(0.,2.)));
#3785=IFCINDEXEDPOLYCURVE(#3784,(IFCLINEINDEX((1,2,3,4,1))),$);
#3786=IFCARBITRARYCLOSEDPROFILEDEF(.AREA.,$,#3785);
#3787=IFCCARTESIANPOINT((0.,-0.60000002384185791,0.));
#3788=IFCDIRECTION((0.,-1.,0.));
#3789=IFCDIRECTION((1.,0.,0.));
#3790=IFCAXIS2PLACEMENT3D(#3787,#3788,#3789);
#3791=IFCDIRECTION((0.,0.,-1.));
#3792=IFCEXTRUDEDAREASOLID(#3786,#3790,#3791,1.2);
#3793=IFCSHAPEREPRESENTATION(#11,'Body','SweptSolid',(#3792));
#3799=IFCCARTESIANPOINT((1.6405110359191712,3.014878722229497E-07,0.));
#3800=IFCDIRECTION((0.,0.,1.));
#3801=IFCDIRECTION((0.99999999999997147,-2.384185719961227E-07,0.));
#3802=IFCAXIS2PLACEMENT3D(#3799,#3800,#3801);
#3803=IFCLOCALPLACEMENT(#1899,#3802);
#3804=IFCCARTESIANPOINT((0.,-5.5511151231257827E-17,0.));
#3805=IFCDIRECTION((0.,0.,1.));
#3806=IFCDIRECTION((1.,5.2939559203393771E-23,0.));
#3807=IFCAXIS2PLACEMENT3D(#3804,#3805,#3806);
#3808=IFCLOCALPLACEMENT(#3803,#3807);
#3809=IFCRELCONNECTSPATHELEMENTS('36G81vst55KBug56I2eJoE',$,$,$,$,#1332,#1158,(),(),.ATPATH.,.ATSTART.);
#3810=IFCCARTESIANPOINTLIST2D(((0.10000000000000189,0.),(0.099999980529283522,0.10000000000000001),(2.3572328747126572,0.10000000000000001),(2.357232885441098,0.)));
#3811=IFCINDEXEDPOLYCURVE(#3810,(IFCLINEINDEX((1,2,3,4,1))),$);
#3812=IFCARBITRARYCLOSEDPROFILEDEF(.AREA.,$,#3811);
#3813=IFCCARTESIANPOINT((0.,0.,0.));
#3814=IFCDIRECTION((0.,0.,1.));
#3815=IFCDIRECTION((1.,0.,0.));
#3816=IFCAXIS2PLACEMENT3D(#3813,#3814,#3815);
#3817=IFCDIRECTION((0.,0.,1.));
#3818=IFCEXTRUDEDAREASOLID(#3812,#3816,#3817,3.);
#3819=IFCSHAPEREPRESENTATION(#11,'Body','SweptSolid',(#3818));
#3820=IFCCARTESIANPOINTLIST2D(((0.,0.),(2.4572328854410985,0.)));
#3821=IFCINDEXEDPOLYCURVE(#3820,$,$);
#3822=IFCSHAPEREPRESENTATION(#23,'Axis','Curve2D',(#3821));
#3823=IFCCARTESIANPOINTLIST2D(((0.1000000000000003,0.),(0.099999992450210171,0.10000000000000001),(3.1145460213335405,0.10000000000000001),(3.0145460137837503,0.)));
#3824=IFCINDEXEDPOLYCURVE(#3823,(IFCLINEINDEX((1,2,3,4,1))),$);
#3825=IFCARBITRARYCLOSEDPROFILEDEF(.AREA.,$,#3824);
#3826=IFCCARTESIANPOINT((0.,0.,0.));
#3827=IFCDIRECTION((0.,0.,1.));
#3828=IFCDIRECTION((1.,0.,0.));
#3829=IFCAXIS2PLACEMENT3D(#3826,#3827,#3828);
#3830=IFCDIRECTION((0.,0.,1.));
#3831=IFCEXTRUDEDAREASOLID(#3825,#3829,#3830,3.);
#3832=IFCSHAPEREPRESENTATION(#11,'Body','SweptSolid',(#3831));
#3833=IFCCARTESIANPOINTLIST2D(((0.,0.),(3.1145460137837504,0.)));
#3834=IFCINDEXEDPOLYCURVE(#3833,$,$);
#3835=IFCSHAPEREPRESENTATION(#23,'Axis','Curve2D',(#3834));
#3836=IFCDOORTYPE('12NkGvPAz9UAvp37NXnCyf',$,'CR-GF',$,$,(#3837),(#3839,#3847,#3952),$,$,.DOOR.,.SINGLE_SWING_LEFT.,$,$);
#3837=IFCPROPERTYSET('3nXv_fYuD1dxahCxrxnCoS',$,'BBIM_Door',$,(#3838));
#3838=IFCPROPERTYSINGLEVALUE('Data',$,IFCTEXT('{"door_type": "SINGLE_SWING_LEFT", "overall_height": 2.0, "overall_width": 0.7349857091903687, "lining_properties": {"lining_depth": 0.05000000074505806, "lining_thickness": 0.05000000074505806, "lining_offset": 0.0, "lining_to_panel_offset_x": 0.02500000037252903, "lining_to_panel_offset_y": 0.02500000037252903, "transom_thickness": 0.0, "casing_thickness": 0.07500000298023224, "casing_depth": 0.0010000000474974513, "threshold_thickness": 0.02500000037252903, "threshold_depth": 0.10000000149011612, "threshold_offset": 0.0}, "panel_properties": {"panel_depth": 0.03500000014901161, "panel_width_ratio": 1.0}}'),$);
#3839=IFCREPRESENTATIONMAP(#3840,#4201);
#3840=IFCAXIS2PLACEMENT3D(#3841,#3842,#3843);
#3841=IFCCARTESIANPOINT((0.,0.,0.));
#3842=IFCDIRECTION((0.,0.,1.));
#3843=IFCDIRECTION((1.,0.,0.));
#3847=IFCREPRESENTATIONMAP(#3848,#4274);
#3848=IFCAXIS2PLACEMENT3D(#3849,#3850,#3851);
#3849=IFCCARTESIANPOINT((0.,0.,0.));
#3850=IFCDIRECTION((0.,0.,1.));
#3851=IFCDIRECTION((1.,0.,0.));
#3952=IFCREPRESENTATIONMAP(#3953,#4288);
#3953=IFCAXIS2PLACEMENT3D(#3954,#3955,#3956);
#3954=IFCCARTESIANPOINT((0.,0.,0.));
#3955=IFCDIRECTION((0.,0.,1.));
#3956=IFCDIRECTION((1.,0.,0.));
#3980=IFCDOOR('2Lm12KqEz7kBkNd55XR4SB',$,'Door',$,$,#4313,#3989,$,2.,0.73498570919036865,$,.SINGLE_SWING_LEFT.,$);
#3981=IFCRELDEFINESBYTYPE('1cBNRrTg1Bn8dt5uBVDMv9',$,$,$,(#3980),#3836);
#3982=IFCCARTESIANPOINT((0.,0.,0.));
#3983=IFCDIRECTION((1.,0.,0.));
#3984=IFCDIRECTION((0.,1.,0.));
#3985=IFCDIRECTION((0.,0.,1.));
#3986=IFCCARTESIANTRANSFORMATIONOPERATOR3D(#3983,#3984,#3982,1.,#3985);
#3987=IFCMAPPEDITEM(#3839,#3986);
#3988=IFCSHAPEREPRESENTATION(#18,'Profile','MappedRepresentation',(#3987));
#3989=IFCPRODUCTDEFINITIONSHAPE($,$,(#3988,#3996,#4003));
#3990=IFCCARTESIANPOINT((0.,0.,0.));
#3991=IFCDIRECTION((1.,0.,0.));
#3992=IFCDIRECTION((0.,1.,0.));
#3993=IFCDIRECTION((0.,0.,1.));
#3994=IFCCARTESIANTRANSFORMATIONOPERATOR3D(#3991,#3992,#3990,1.,#3993);
#3995=IFCMAPPEDITEM(#3847,#3994);
#3996=IFCSHAPEREPRESENTATION(#11,'Body','MappedRepresentation',(#3995));
#3997=IFCCARTESIANPOINT((0.,0.,0.));
#3998=IFCDIRECTION((1.,0.,0.));
#3999=IFCDIRECTION((0.,1.,0.));
#4000=IFCDIRECTION((0.,0.,1.));
#4001=IFCCARTESIANTRANSFORMATIONOPERATOR3D(#3998,#3999,#3997,1.,#4000);
#4002=IFCMAPPEDITEM(#3952,#4001);
#4003=IFCSHAPEREPRESENTATION(#24,'Body','MappedRepresentation',(#4002));
#4004=IFCOPENINGELEMENT('2dk1V6M4j7Be5X$Pkpo05O',$,'Opening',$,$,#4308,#4032,$,.OPENING.);
#4020=IFCCARTESIANPOINT((0.,0.,0.));
#4021=IFCDIRECTION((1.,0.,0.));
#4022=IFCDIRECTION((0.,0.,1.));
#4023=IFCAXIS2PLACEMENT3D(#4020,#4022,#4021);
#4024=IFCREPRESENTATIONMAP(#4023,#4298);
#4025=IFCCARTESIANPOINT((0.,0.,0.));
#4026=IFCDIRECTION((1.,0.,0.));
#4027=IFCDIRECTION((0.,1.,0.));
#4028=IFCDIRECTION((0.,0.,1.));
#4029=IFCCARTESIANTRANSFORMATIONOPERATOR3D(#4026,#4027,#4025,1.,#4028);
#4030=IFCMAPPEDITEM(#4024,#4029);
#4031=IFCSHAPEREPRESENTATION(#11,'Body','MappedRepresentation',(#4030));
#4032=IFCPRODUCTDEFINITIONSHAPE($,$,(#4031));
#4033=IFCRELVOIDSELEMENT('2of7qmBrT6nA7Zd6zoNkTQ',$,$,$,#1332,#4004);
#4039=IFCRELFILLSELEMENT('30Cxo6TXD3iAxnUvZCYx13',$,$,$,#4004,#3980);
#4063=IFCCARTESIANPOINTLIST2D(((0.,0.),(0.,2.),(0.73498570919036865,2.),(0.73498570919036865,0.),(0.70998570881783962,0.),(0.70998570881783962,1.974999999627471),(0.02500000037252903,1.974999999627471),(0.02500000037252903,0.)));
#4064=IFCINDEXEDPOLYCURVE(#4063,(IFCLINEINDEX((1,2,3,4,5,6,7,8,1))),$);
#4065=IFCARBITRARYCLOSEDPROFILEDEF(.AREA.,$,#4064);
#4066=IFCCARTESIANPOINT((0.,0.02500000037252903,0.));
#4067=IFCDIRECTION((0.,-1.,0.));
#4068=IFCDIRECTION((1.,0.,0.));
#4069=IFCAXIS2PLACEMENT3D(#4066,#4067,#4068);
#4070=IFCDIRECTION((0.,0.,-1.));
#4071=IFCEXTRUDEDAREASOLID(#4065,#4069,#4070,0.02500000037252903);
#4072=IFCCARTESIANPOINTLIST2D(((0.,0.),(0.,2.),(0.73498570919036865,2.),(0.73498570919036865,0.),(0.68498570844531059,0.),(0.68498570844531059,1.9499999992549419),(0.05000000074505806,1.9499999992549419),(0.05000000074505806,0.)));
#4073=IFCINDEXEDPOLYCURVE(#4072,(IFCLINEINDEX((1,2,3,4,5,6,7,8,1))),$);
#4074=IFCARBITRARYCLOSEDPROFILEDEF(.AREA.,$,#4073);
#4075=IFCCARTESIANPOINT((0.,0.,0.));
#4076=IFCDIRECTION((0.,-1.,0.));
#4077=IFCDIRECTION((1.,0.,0.));
#4078=IFCAXIS2PLACEMENT3D(#4075,#4076,#4077);
#4079=IFCDIRECTION((0.,0.,-1.));
#4080=IFCEXTRUDEDAREASOLID(#4074,#4078,#4079,0.02500000037252903);
#4081=IFCCARTESIANPOINTLIST2D(((0.,0.),(0.63498570770025253,0.),(0.63498570770025253,0.10000000149011612),(0.,0.10000000149011612)));
#4082=IFCINDEXEDPOLYCURVE(#4081,(IFCLINEINDEX((1,2,3,4,1))),$);
#4083=IFCARBITRARYCLOSEDPROFILEDEF(.AREA.,$,#4082);
#4084=IFCCARTESIANPOINT((0.05000000074505806,0.,0.));
#4085=IFCDIRECTION((0.,0.,1.));
#4086=IFCDIRECTION((1.,0.,0.));
#4087=IFCAXIS2PLACEMENT3D(#4084,#4085,#4086);
#4088=IFCDIRECTION((0.,0.,1.));
#4089=IFCEXTRUDEDAREASOLID(#4083,#4087,#4088,0.02500000037252903);
#4090=IFCCARTESIANPOINTLIST2D(((0.,0.),(0.,2.0250000022351742),(0.78498571366071701,2.0250000022351742),(0.78498571366071701,0.),(0.70998571068048477,0.),(0.70998571068048477,1.9499999992549419),(0.075000002980232239,1.9499999992549419),(0.075000002980232239,0.)));
#4091=IFCINDEXEDPOLYCURVE(#4090,(IFCLINEINDEX((1,2,3,4,5,6,7,8,1))),$);
#4092=IFCARBITRARYCLOSEDPROFILEDEF(.AREA.,$,#4091);
#4093=IFCCARTESIANPOINT((-0.025000002235174179,-0.0010000000474974513,0.));
#4094=IFCDIRECTION((0.,-1.,0.));
#4095=IFCDIRECTION((1.,0.,0.));
#4096=IFCAXIS2PLACEMENT3D(#4093,#4094,#4095);
#4097=IFCDIRECTION((0.,0.,-1.));
#4098=IFCEXTRUDEDAREASOLID(#4092,#4096,#4097,0.0010000000474974513);
#4099=IFCCARTESIANPOINTLIST2D(((0.,0.),(0.,2.0250000022351742),(0.78498571366071701,2.0250000022351742),(0.78498571366071701,0.),(0.7349857110530138,0.),(0.7349857110530138,1.974999999627471),(0.050000002607703209,1.974999999627471),(0.050000002607703209,0.)));
#4100=IFCINDEXEDPOLYCURVE(#4099,(IFCLINEINDEX((1,2,3,4,5,6,7,8,1))),$);
#4101=IFCARBITRARYCLOSEDPROFILEDEF(.AREA.,$,#4100);
#4102=IFCCARTESIANPOINT((-0.025000002235174179,0.05000000074505806,0.));
#4103=IFCDIRECTION((0.,-1.,0.));
#4104=IFCDIRECTION((1.,0.,0.));
#4105=IFCAXIS2PLACEMENT3D(#4102,#4103,#4104);
#4106=IFCDIRECTION((0.,0.,-1.));
#4107=IFCEXTRUDEDAREASOLID(#4101,#4105,#4106,0.0010000000474974513);
#4108=IFCCARTESIANPOINTLIST2D(((0.,0.),(0.68498570844531059,0.),(0.68498570844531059,0.035000000149011612),(0.,0.035000000149011612)));
#4109=IFCINDEXEDPOLYCURVE(#4108,(IFCLINEINDEX((1,2,3,4,1))),$);
#4110=IFCARBITRARYCLOSEDPROFILEDEF(.AREA.,$,#4109);
#4111=IFCCARTESIANPOINT((0.02500000037252903,0.02500000037252903,0.02500000037252903));
#4112=IFCDIRECTION((0.,0.,1.));
#4113=IFCDIRECTION((1.,0.,0.));
#4114=IFCAXIS2PLACEMENT3D(#4111,#4112,#4113);
#4115=IFCDIRECTION((0.,0.,1.));
#4116=IFCEXTRUDEDAREASOLID(#4110,#4114,#4115,1.9499999992549419);
#4117=IFCCARTESIANPOINTLIST2D(((0.,0.),(0.,-0.040000000000000001),(-0.11999999999999988,-0.040000000000000001),(-0.11999999999999988,-0.02),(-0.020000000000000018,-0.02),(-0.020000000000000018,0.)));
#4118=IFCINDEXEDPOLYCURVE(#4117,(IFCLINEINDEX((1,2,3,4,5,6,1))),$);
#4119=IFCARBITRARYCLOSEDPROFILEDEF(.AREA.,$,#4118);
#4120=IFCCARTESIANPOINT((0.65998570881783958,0.02500000037252903,1.015000000372529));
#4121=IFCDIRECTION((0.,0.,1.));
#4122=IFCDIRECTION((1.,0.,0.));
#4123=IFCAXIS2PLACEMENT3D(#4120,#4121,#4122);
#4124=IFCDIRECTION((0.,0.,1.));
#4125=IFCEXTRUDEDAREASOLID(#4119,#4123,#4124,0.02);
#4126=IFCEXTRUDEDAREASOLID(#4127,#4130,#4134,0.02);
#4127=IFCARBITRARYCLOSEDPROFILEDEF(.AREA.,$,#4128);
#4128=IFCINDEXEDPOLYCURVE(#4129,(IFCLINEINDEX((1,2,3,4,5,6,1))),$);
#4129=IFCCARTESIANPOINTLIST2D(((0.,0.),(0.,0.040000000000000008),(-0.11999999999999988,0.040000000000000008),(-0.11999999999999988,0.020000000000000004),(-0.020000000000000018,0.020000000000000004),(-0.020000000000000018,0.)));
#4130=IFCAXIS2PLACEMENT3D(#4131,#4132,#4133);
#4131=IFCCARTESIANPOINT((0.65998570881783958,0.060000000521540642,1.015000000372529));
#4132=IFCDIRECTION((0.,0.,1.));
#4133=IFCDIRECTION((1.,0.,0.));
#4134=IFCDIRECTION((0.,0.,1.));
#4136=IFCSHAPEREPRESENTATION(#11,'Body','SweptSolid',(#4080,#4071,#4246,#4237,#4107,#4210,#4219,#4228,#4098,#4089));
#4137=IFCSHAPEASPECT((#4136),'Lining',$,.T.,#3989);
#4138=IFCSHAPEREPRESENTATION(#11,'Body','SweptSolid',(#4255,#4125,#4264,#4126,#4265,#4116));
#4139=IFCSHAPEASPECT((#4138),'Framing',$,.T.,#3989);
#4179=IFCCARTESIANPOINT((0.77352631092071533,3.5600004196166992,0.));
#4180=IFCDIRECTION((0.,0.,1.));
#4181=IFCDIRECTION((-0.99999999999998868,-1.5099580252808492E-07,0.));
#4182=IFCAXIS2PLACEMENT3D(#4179,#4180,#4181);
#4183=IFCLOCALPLACEMENT(#79,#4182);
#4199=IFCCARTESIANPOINTLIST3D(((0.,0.,0.),(0.73498570919036865,0.,0.),(0.73498570919036865,0.,2.),(0.,0.,2.)));
#4200=IFCINDEXEDPOLYCURVE(#4199,(IFCLINEINDEX((1,2,3,4,1))),$);
#4201=IFCSHAPEREPRESENTATION(#18,'Profile','Curve3D',(#4200));
#4202=IFCCARTESIANPOINTLIST2D(((0.,0.),(0.,2.),(0.73498570919036865,2.),(0.73498570919036865,0.),(0.70998570881783962,0.),(0.70998570881783962,1.974999999627471),(0.02500000037252903,1.974999999627471),(0.02500000037252903,0.)));
#4203=IFCINDEXEDPOLYCURVE(#4202,(IFCLINEINDEX((1,2,3,4,5,6,7,8,1))),$);
#4204=IFCARBITRARYCLOSEDPROFILEDEF(.AREA.,$,#4203);
#4205=IFCCARTESIANPOINT((0.,0.02500000037252903,0.));
#4206=IFCDIRECTION((0.,-1.,0.));
#4207=IFCDIRECTION((1.,0.,0.));
#4208=IFCAXIS2PLACEMENT3D(#4205,#4206,#4207);
#4209=IFCDIRECTION((0.,0.,-1.));
#4210=IFCEXTRUDEDAREASOLID(#4204,#4208,#4209,0.02500000037252903);
#4211=IFCCARTESIANPOINTLIST2D(((0.,0.),(0.,2.),(0.73498570919036865,2.),(0.73498570919036865,0.),(0.68498570844531059,0.),(0.68498570844531059,1.9499999992549419),(0.05000000074505806,1.9499999992549419),(0.05000000074505806,0.)));
#4212=IFCINDEXEDPOLYCURVE(#4211,(IFCLINEINDEX((1,2,3,4,5,6,7,8,1))),$);
#4213=IFCARBITRARYCLOSEDPROFILEDEF(.AREA.,$,#4212);
#4214=IFCCARTESIANPOINT((0.,0.,0.));
#4215=IFCDIRECTION((0.,-1.,0.));
#4216=IFCDIRECTION((1.,0.,0.));
#4217=IFCAXIS2PLACEMENT3D(#4214,#4215,#4216);
#4218=IFCDIRECTION((0.,0.,-1.));
#4219=IFCEXTRUDEDAREASOLID(#4213,#4217,#4218,0.02500000037252903);
#4220=IFCCARTESIANPOINTLIST2D(((0.,0.),(0.63498570770025253,0.),(0.63498570770025253,0.10000000149011612),(0.,0.10000000149011612)));
#4221=IFCINDEXEDPOLYCURVE(#4220,(IFCLINEINDEX((1,2,3,4,1))),$);
#4222=IFCARBITRARYCLOSEDPROFILEDEF(.AREA.,$,#4221);
#4223=IFCCARTESIANPOINT((0.05000000074505806,0.,0.));
#4224=IFCDIRECTION((0.,0.,1.));
#4225=IFCDIRECTION((1.,0.,0.));
#4226=IFCAXIS2PLACEMENT3D(#4223,#4224,#4225);
#4227=IFCDIRECTION((0.,0.,1.));
#4228=IFCEXTRUDEDAREASOLID(#4222,#4226,#4227,0.02500000037252903);
#4229=IFCCARTESIANPOINTLIST2D(((0.,0.),(0.,2.0250000022351742),(0.78498571366071701,2.0250000022351742),(0.78498571366071701,0.),(0.70998571068048477,0.),(0.70998571068048477,1.9499999992549419),(0.075000002980232239,1.9499999992549419),(0.075000002980232239,0.)));
#4230=IFCINDEXEDPOLYCURVE(#4229,(IFCLINEINDEX((1,2,3,4,5,6,7,8,1))),$);
#4231=IFCARBITRARYCLOSEDPROFILEDEF(.AREA.,$,#4230);
#4232=IFCCARTESIANPOINT((-0.025000002235174179,-0.0010000000474974513,0.));
#4233=IFCDIRECTION((0.,-1.,0.));
#4234=IFCDIRECTION((1.,0.,0.));
#4235=IFCAXIS2PLACEMENT3D(#4232,#4233,#4234);
#4236=IFCDIRECTION((0.,0.,-1.));
#4237=IFCEXTRUDEDAREASOLID(#4231,#4235,#4236,0.0010000000474974513);
#4238=IFCCARTESIANPOINTLIST2D(((0.,0.),(0.,2.0250000022351742),(0.78498571366071701,2.0250000022351742),(0.78498571366071701,0.),(0.7349857110530138,0.),(0.7349857110530138,1.974999999627471),(0.050000002607703209,1.974999999627471),(0.050000002607703209,0.)));
#4239=IFCINDEXEDPOLYCURVE(#4238,(IFCLINEINDEX((1,2,3,4,5,6,7,8,1))),$);
#4240=IFCARBITRARYCLOSEDPROFILEDEF(.AREA.,$,#4239);
#4241=IFCCARTESIANPOINT((-0.025000002235174179,0.05000000074505806,0.));
#4242=IFCDIRECTION((0.,-1.,0.));
#4243=IFCDIRECTION((1.,0.,0.));
#4244=IFCAXIS2PLACEMENT3D(#4241,#4242,#4243);
#4245=IFCDIRECTION((0.,0.,-1.));
#4246=IFCEXTRUDEDAREASOLID(#4240,#4244,#4245,0.0010000000474974513);
#4247=IFCCARTESIANPOINTLIST2D(((0.,0.),(0.68498570844531059,0.),(0.68498570844531059,0.035000000149011612),(0.,0.035000000149011612)));
#4248=IFCINDEXEDPOLYCURVE(#4247,(IFCLINEINDEX((1,2,3,4,1))),$);
#4249=IFCARBITRARYCLOSEDPROFILEDEF(.AREA.,$,#4248);
#4250=IFCCARTESIANPOINT((0.02500000037252903,0.02500000037252903,0.02500000037252903));
#4251=IFCDIRECTION((0.,0.,1.));
#4252=IFCDIRECTION((1.,0.,0.));
#4253=IFCAXIS2PLACEMENT3D(#4250,#4251,#4252);
#4254=IFCDIRECTION((0.,0.,1.));
#4255=IFCEXTRUDEDAREASOLID(#4249,#4253,#4254,1.9499999992549419);
#4256=IFCCARTESIANPOINTLIST2D(((0.,0.),(0.,-0.040000000000000001),(-0.11999999999999988,-0.040000000000000001),(-0.11999999999999988,-0.02),(-0.020000000000000018,-0.02),(-0.020000000000000018,0.)));
#4257=IFCINDEXEDPOLYCURVE(#4256,(IFCLINEINDEX((1,2,3,4,5,6,1))),$);
#4258=IFCARBITRARYCLOSEDPROFILEDEF(.AREA.,$,#4257);
#4259=IFCCARTESIANPOINT((0.65998570881783958,0.02500000037252903,1.015000000372529));
#4260=IFCDIRECTION((0.,0.,1.));
#4261=IFCDIRECTION((1.,0.,0.));
#4262=IFCAXIS2PLACEMENT3D(#4259,#4260,#4261);
#4263=IFCDIRECTION((0.,0.,1.));
#4264=IFCEXTRUDEDAREASOLID(#4258,#4262,#4263,0.02);
#4265=IFCEXTRUDEDAREASOLID(#4266,#4269,#4273,0.02);
#4266=IFCARBITRARYCLOSEDPROFILEDEF(.AREA.,$,#4267);
#4267=IFCINDEXEDPOLYCURVE(#4268,(IFCLINEINDEX((1,2,3,4,5,6,1))),$);
#4268=IFCCARTESIANPOINTLIST2D(((0.,0.),(0.,0.040000000000000008),(-0.11999999999999988,0.040000000000000008),(-0.11999999999999988,0.020000000000000004),(-0.020000000000000018,0.020000000000000004),(-0.020000000000000018,0.)));
#4269=IFCAXIS2PLACEMENT3D(#4270,#4271,#4272);
#4270=IFCCARTESIANPOINT((0.65998570881783958,0.060000000521540642,1.015000000372529));
#4271=IFCDIRECTION((0.,0.,1.));
#4272=IFCDIRECTION((1.,0.,0.));
#4273=IFCDIRECTION((0.,0.,1.));
#4274=IFCSHAPEREPRESENTATION(#11,'Body','SweptSolid',(#4210,#4219,#4255,#4264,#4265,#4228,#4237,#4246));
#4275=IFCCARTESIANPOINTLIST2D(((0.,0.),(0.,0.05000000074505806),(0.02500000037252903,0.05000000074505806),(0.02500000037252903,0.02500000037252903),(0.05000000074505806,0.02500000037252903),(0.05000000074505806,0.)));
#4276=IFCINDEXEDPOLYCURVE(#4275,(IFCLINEINDEX((1,2,3,4,5,6,1))),$);
#4277=IFCINDEXEDPOLYCURVE(#4278,(IFCLINEINDEX((1,2,3,4,5,6,1))),$);
#4278=IFCCARTESIANPOINTLIST2D(((0.73498570919036865,0.),(0.73498570919036865,0.05000000074505806),(0.70998570881783962,0.05000000074505806),(0.70998570881783962,0.02500000037252903),(0.68498570844531059,0.02500000037252903),(0.68498570844531059,0.)));
#4279=IFCDIRECTION((1.,0.));
#4280=IFCCARTESIANPOINT((0.060000000521540642,0.05000000074505806));
#4281=IFCAXIS2PLACEMENT2D(#4280,#4279);
#4282=IFCELLIPSE(#4281,0.64998570829629898,0.68498570844531059);
#4283=IFCCARTESIANPOINT((0.70998570881783962,0.05000000074505806));
#4284=IFCCARTESIANPOINT((0.060000000521540642,0.73498570919036865));
#4285=IFCTRIMMEDCURVE(#4282,(#4283),(#4284),.T.,.CARTESIAN.);
#4286=IFCCARTESIANPOINTLIST2D(((0.02500000037252903,0.05000000074505806),(0.060000000521540642,0.05000000074505806),(0.060000000521540642,0.73498570919036865),(0.02500000037252903,0.73498570919036865)));
#4287=IFCINDEXEDPOLYCURVE(#4286,(IFCLINEINDEX((1,2,3,4,1))),$);
#4288=IFCSHAPEREPRESENTATION(#24,'Body','Curve2D',(#4276,#4277,#4285,#4287));
#4289=IFCCARTESIANPOINTLIST2D(((0.,0.),(0.73498570919036865,0.),(0.73498570919036865,2.),(0.,2.)));
#4290=IFCINDEXEDPOLYCURVE(#4289,(IFCLINEINDEX((1,2,3,4,1))),$);
#4291=IFCARBITRARYCLOSEDPROFILEDEF(.AREA.,$,#4290);
#4292=IFCCARTESIANPOINT((0.,-0.60000002384185791,0.));
#4293=IFCDIRECTION((0.,-1.,0.));
#4294=IFCDIRECTION((1.,0.,0.));
#4295=IFCAXIS2PLACEMENT3D(#4292,#4293,#4294);
#4296=IFCDIRECTION((0.,0.,-1.));
#4297=IFCEXTRUDEDAREASOLID(#4291,#4295,#4296,1.2);
#4298=IFCSHAPEREPRESENTATION(#11,'Body','SweptSolid',(#4297));
#4304=IFCCARTESIANPOINT((0.1465566158294882,-9.0673663688534134E-08,0.));
#4305=IFCDIRECTION((0.,0.,1.));
#4306=IFCDIRECTION((0.99999999999999289,-1.1920928955077312E-07,0.));
#4307=IFCAXIS2PLACEMENT3D(#4304,#4305,#4306);
#4308=IFCLOCALPLACEMENT(#1374,#4307);
#4309=IFCCARTESIANPOINT((-8.8817841970012523E-16,0.,0.));
#4310=IFCDIRECTION((0.,0.,1.));
#4311=IFCDIRECTION((1.,0.,0.));
#4312=IFCAXIS2PLACEMENT3D(#4309,#4310,#4311);
#4313=IFCLOCALPLACEMENT(#4308,#4312);
#4314=IFCDOORTYPE('1poC_WrV1EwPKCHa5UWxyM',$,'Maid''s-GF',$,$,(#4315),(#4317,#4325,#4430,#4655),$,$,.DOOR.,.SINGLE_SWING_LEFT.,$,$);
#4315=IFCPROPERTYSET('13neAW899CcflYUlBlElC7',$,'BBIM_Door',$,(#4316));
#4316=IFCPROPERTYSINGLEVALUE('Data',$,IFCTEXT('{"door_type": "SLIDING_TO_RIGHT", "overall_height": 2.0, "overall_width": 1.4655077457427979, "lining_properties": {"lining_depth": 0.05000000074505806, "lining_thickness": 0.05000000074505806, "lining_offset": 0.0, "transom_thickness": 0.0, "casing_thickness": 0.07500000298023224, "casing_depth": 0.0010000000474974513, "threshold_thickness": 0.02500000037252903, "threshold_depth": 0.10000000149011612, "threshold_offset": 0.0}, "panel_properties": {"panel_depth": 0.03500000014901161, "panel_width_ratio": 1.0}}'),$);
#4317=IFCREPRESENTATIONMAP(#4318,#4570);
#4318=IFCAXIS2PLACEMENT3D(#4319,#4320,#4321);
#4319=IFCCARTESIANPOINT((0.,0.,0.));
#4320=IFCDIRECTION((0.,0.,1.));
#4321=IFCDIRECTION((1.,0.,0.));
#4325=IFCREPRESENTATIONMAP(#4326,#4634);
#4326=IFCAXIS2PLACEMENT3D(#4327,#4328,#4329);
#4327=IFCCARTESIANPOINT((0.,0.,0.));
#4328=IFCDIRECTION((0.,0.,1.));
#4329=IFCDIRECTION((1.,0.,0.));
#4430=IFCREPRESENTATIONMAP(#4431,#4645);
#4431=IFCAXIS2PLACEMENT3D(#4432,#4433,#4434);
#4432=IFCCARTESIANPOINT((0.,0.,0.));
#4433=IFCDIRECTION((0.,0.,1.));
#4434=IFCDIRECTION((1.,0.,0.));
#4458=IFCDOOR('3J_FFqBUfDiv0h$L07VNpM',$,'Door',$,$,#4687,#4467,$,2.,1.4655077457427979,$,.SLIDING_TO_RIGHT.,$);
#4459=IFCRELDEFINESBYTYPE('0eBZk6Kcv6aw7KGCA2js0G',$,$,$,(#4458),#4314);
#4460=IFCCARTESIANPOINT((0.,0.,0.));
#4461=IFCDIRECTION((1.,0.,0.));
#4462=IFCDIRECTION((0.,1.,0.));
#4463=IFCDIRECTION((0.,0.,1.));
#4464=IFCCARTESIANTRANSFORMATIONOPERATOR3D(#4461,#4462,#4460,1.,#4463);
#4465=IFCMAPPEDITEM(#4317,#4464);
#4466=IFCSHAPEREPRESENTATION(#18,'Profile','MappedRepresentation',(#4465));
#4467=IFCPRODUCTDEFINITIONSHAPE($,$,(#4466,#4474,#4481,#4662));
#4468=IFCCARTESIANPOINT((0.,0.,0.));
#4469=IFCDIRECTION((1.,0.,0.));
#4470=IFCDIRECTION((0.,1.,0.));
#4471=IFCDIRECTION((0.,0.,1.));
#4472=IFCCARTESIANTRANSFORMATIONOPERATOR3D(#4469,#4470,#4468,1.,#4471);
#4473=IFCMAPPEDITEM(#4325,#4472);
#4474=IFCSHAPEREPRESENTATION(#11,'Body','MappedRepresentation',(#4473));
#4475=IFCCARTESIANPOINT((0.,0.,0.));
#4476=IFCDIRECTION((1.,0.,0.));
#4477=IFCDIRECTION((0.,1.,0.));
#4478=IFCDIRECTION((0.,0.,1.));
#4479=IFCCARTESIANTRANSFORMATIONOPERATOR3D(#4476,#4477,#4475,1.,#4478);
#4480=IFCMAPPEDITEM(#4430,#4479);
#4481=IFCSHAPEREPRESENTATION(#24,'Body','MappedRepresentation',(#4480));
#4482=IFCOPENINGELEMENT('2Kg5Hc4ib4WwSpe4H3rk6u',$,'Opening',$,$,#4682,#4510,$,.OPENING.);
#4498=IFCCARTESIANPOINT((0.,0.,0.));
#4499=IFCDIRECTION((1.,0.,0.));
#4500=IFCDIRECTION((0.,0.,1.));
#4501=IFCAXIS2PLACEMENT3D(#4498,#4500,#4499);
#4502=IFCREPRESENTATIONMAP(#4501,#4672);
#4503=IFCCARTESIANPOINT((0.,0.,0.));
#4504=IFCDIRECTION((1.,0.,0.));
#4505=IFCDIRECTION((0.,1.,0.));
#4506=IFCDIRECTION((0.,0.,1.));
#4507=IFCCARTESIANTRANSFORMATIONOPERATOR3D(#4504,#4505,#4503,1.,#4506);
#4508=IFCMAPPEDITEM(#4502,#4507);
#4509=IFCSHAPEREPRESENTATION(#11,'Body','MappedRepresentation',(#4508));
#4510=IFCPRODUCTDEFINITIONSHAPE($,$,(#4509));
#4511=IFCRELVOIDSELEMENT('3xbGlJKFfCqvjMp703ZpA8',$,$,$,#1478,#4482);
#4517=IFCRELFILLSELEMENT('1eL7DWbMX3GPrhZ948eIgk',$,$,$,#4482,#4458);
#4568=IFCCARTESIANPOINTLIST3D(((0.,0.,0.),(1.4655077457427979,0.,0.),(1.4655077457427979,0.,2.),(0.,0.,2.)));
#4569=IFCINDEXEDPOLYCURVE(#4568,(IFCLINEINDEX((1,2,3,4,1))),$);
#4570=IFCSHAPEREPRESENTATION(#18,'Profile','Curve3D',(#4569));
#4571=IFCCARTESIANPOINTLIST2D(((0.,0.),(0.,2.),(1.4655077457427979,2.),(1.4655077457427979,0.),(1.4155077449977398,0.),(1.4155077449977398,1.9499999992549419),(0.05000000074505806,1.9499999992549419),(0.05000000074505806,0.)));
#4572=IFCINDEXEDPOLYCURVE(#4571,(IFCLINEINDEX((1,2,3,4,5,6,7,8,1))),$);
#4573=IFCARBITRARYCLOSEDPROFILEDEF(.AREA.,$,#4572);
#4574=IFCCARTESIANPOINT((0.,0.,0.));
#4575=IFCDIRECTION((0.,-1.,0.));
#4576=IFCDIRECTION((1.,0.,0.));
#4577=IFCAXIS2PLACEMENT3D(#4574,#4575,#4576);
#4578=IFCDIRECTION((0.,0.,-1.));
#4579=IFCEXTRUDEDAREASOLID(#4573,#4577,#4578,0.05000000074505806);
#4580=IFCCARTESIANPOINTLIST2D(((0.,0.),(1.3655077442526817,0.),(1.3655077442526817,0.10000000149011612),(0.,0.10000000149011612)));
#4581=IFCINDEXEDPOLYCURVE(#4580,(IFCLINEINDEX((1,2,3,4,1))),$);
#4582=IFCARBITRARYCLOSEDPROFILEDEF(.AREA.,$,#4581);
#4583=IFCCARTESIANPOINT((0.05000000074505806,0.,0.));
#4584=IFCDIRECTION((0.,0.,1.));
#4585=IFCDIRECTION((1.,0.,0.));
#4586=IFCAXIS2PLACEMENT3D(#4583,#4584,#4585);
#4587=IFCDIRECTION((0.,0.,1.));
#4588=IFCEXTRUDEDAREASOLID(#4582,#4586,#4587,0.02500000037252903);
#4589=IFCCARTESIANPOINTLIST2D(((0.,0.),(0.,2.0250000022351742),(1.5155077502131462,2.0250000022351742),(1.5155077502131462,0.),(1.440507747232914,0.),(1.440507747232914,1.9499999992549419),(0.075000002980232239,1.9499999992549419),(0.075000002980232239,0.)));
#4590=IFCINDEXEDPOLYCURVE(#4589,(IFCLINEINDEX((1,2,3,4,5,6,7,8,1))),$);
#4591=IFCARBITRARYCLOSEDPROFILEDEF(.AREA.,$,#4590);
#4592=IFCCARTESIANPOINT((-0.025000002235174179,-0.0010000000474974513,0.));
#4593=IFCDIRECTION((0.,-1.,0.));
#4594=IFCDIRECTION((1.,0.,0.));
#4595=IFCAXIS2PLACEMENT3D(#4592,#4593,#4594);
#4596=IFCDIRECTION((0.,0.,-1.));
#4597=IFCEXTRUDEDAREASOLID(#4591,#4595,#4596,0.0010000000474974513);
#4598=IFCCARTESIANPOINTLIST2D(((0.,0.),(0.,2.0250000022351742),(1.5155077502131462,2.0250000022351742),(1.5155077502131462,0.),(1.440507747232914,0.),(1.440507747232914,1.9499999992549419),(0.075000002980232239,1.9499999992549419),(0.075000002980232239,0.)));
#4599=IFCINDEXEDPOLYCURVE(#4598,(IFCLINEINDEX((1,2,3,4,5,6,7,8,1))),$);
#4600=IFCARBITRARYCLOSEDPROFILEDEF(.AREA.,$,#4599);
#4601=IFCCARTESIANPOINT((-0.025000002235174179,0.05000000074505806,0.));
#4602=IFCDIRECTION((0.,-1.,0.));
#4603=IFCDIRECTION((1.,0.,0.));
#4604=IFCAXIS2PLACEMENT3D(#4601,#4602,#4603);
#4605=IFCDIRECTION((0.,0.,-1.));
#4606=IFCEXTRUDEDAREASOLID(#4600,#4604,#4605,0.0010000000474974513);
#4607=IFCCARTESIANPOINTLIST2D(((0.,0.),(1.3655077442526817,0.),(1.3655077442526817,0.035000000149011612),(0.,0.035000000149011612)));
#4608=IFCINDEXEDPOLYCURVE(#4607,(IFCLINEINDEX((1,2,3,4,1))),$);
#4609=IFCARBITRARYCLOSEDPROFILEDEF(.AREA.,$,#4608);
#4610=IFCCARTESIANPOINT((0.05000000074505806,-0.035000000149011612,0.02500000037252903));
#4611=IFCDIRECTION((0.,0.,1.));
#4612=IFCDIRECTION((1.,0.,0.));
#4613=IFCAXIS2PLACEMENT3D(#4610,#4611,#4612);
#4614=IFCDIRECTION((0.,0.,1.));
#4615=IFCEXTRUDEDAREASOLID(#4609,#4613,#4614,1.9249999988824129);
#4616=IFCCARTESIANPOINTLIST2D(((0.,0.),(0.,-0.040000000000000001),(0.12,-0.040000000000000001),(0.12,-0.02),(0.02,-0.02),(0.02,0.)));
#4617=IFCINDEXEDPOLYCURVE(#4616,(IFCLINEINDEX((1,2,3,4,5,6,1))),$);
#4618=IFCARBITRARYCLOSEDPROFILEDEF(.AREA.,$,#4617);
#4619=IFCCARTESIANPOINT((0.10000000074505806,-0.035000000149011612,1.015000000372529));
#4620=IFCDIRECTION((0.,0.,1.));
#4621=IFCDIRECTION((1.,0.,0.));
#4622=IFCAXIS2PLACEMENT3D(#4619,#4620,#4621);
#4623=IFCDIRECTION((0.,0.,1.));
#4624=IFCEXTRUDEDAREASOLID(#4618,#4622,#4623,0.02);
#4625=IFCEXTRUDEDAREASOLID(#4626,#4629,#4633,0.02);
#4626=IFCARBITRARYCLOSEDPROFILEDEF(.AREA.,$,#4627);
#4627=IFCINDEXEDPOLYCURVE(#4628,(IFCLINEINDEX((1,2,3,4,5,6,1))),$);
#4628=IFCCARTESIANPOINTLIST2D(((0.,0.),(0.,0.040000000000000008),(0.11999999999999998,0.040000000000000008),(0.11999999999999998,0.020000000000000004),(0.020000000000000004,0.020000000000000004),(0.020000000000000004,0.)));
#4629=IFCAXIS2PLACEMENT3D(#4630,#4631,#4632);
#4630=IFCCARTESIANPOINT((0.10000000074505806,0.,1.015000000372529));
#4631=IFCDIRECTION((0.,0.,1.));
#4632=IFCDIRECTION((1.,0.,0.));
#4633=IFCDIRECTION((0.,0.,1.));
#4634=IFCSHAPEREPRESENTATION(#11,'Body','SweptSolid',(#4579,#4615,#4624,#4625,#4588,#4597,#4606));
#4635=IFCSHAPEREPRESENTATION(#11,'Body','SweptSolid',(#4579,#4588,#4597,#4606));
#4636=IFCSHAPEASPECT((#4635),'Lining',$,.T.,#4467);
#4637=IFCSHAPEREPRESENTATION(#11,'Body','SweptSolid',(#4615,#4624,#4625));
#4638=IFCSHAPEASPECT((#4637),'Framing',$,.T.,#4467);
#4639=IFCCARTESIANPOINTLIST2D(((0.,0.),(0.05000000074505806,0.),(0.05000000074505806,0.05000000074505806),(0.,0.05000000074505806)));
#4640=IFCINDEXEDPOLYCURVE(#4639,(IFCLINEINDEX((1,2,3,4,1))),$);
#4641=IFCINDEXEDPOLYCURVE(#4642,(IFCLINEINDEX((1,2,3,4,1))),$);
#4642=IFCCARTESIANPOINTLIST2D(((1.4655077457427979,0.),(1.4155077449977398,0.),(1.4155077449977398,0.05000000074505806),(1.4655077457427979,0.05000000074505806)));
#4643=IFCCARTESIANPOINTLIST2D(((2.0982616171240807,-0.035000000149011612),(0.73275387287139893,-0.035000000149011612),(0.73275387287139893,0.),(2.0982616171240807,0.)));
#4644=IFCINDEXEDPOLYCURVE(#4643,(IFCLINEINDEX((1,2,3,4,1))),$);
#4645=IFCSHAPEREPRESENTATION(#24,'Body','Curve2D',(#4640,#4641,#4644));
#4646=IFCCARTESIANPOINTLIST2D(((0.52792771123349658,-0.081587428267465345),(0.93758003450930116,-0.081587428267465345)));
#4647=IFCINDEXEDPOLYCURVE(#4646,$,$);
#4648=IFCCARTESIANPOINTLIST2D(((0.5579277112334966,-0.050529142855162856),(0.52792771123349658,-0.081587428267465345),(0.5579277112334966,-0.11264571367976783)));
#4649=IFCINDEXEDPOLYCURVE(#4648,$,$);
#4650=IFCSHAPEREPRESENTATION(#25,'Annotation','Curve2D',(#4647,#4649));
#4651=IFCCARTESIANPOINT((0.,0.,0.));
#4652=IFCDIRECTION((1.,0.,0.));
#4653=IFCDIRECTION((0.,0.,1.));
#4654=IFCAXIS2PLACEMENT3D(#4651,#4653,#4652);
#4655=IFCREPRESENTATIONMAP(#4654,#4650);
#4656=IFCCARTESIANPOINT((0.,0.,0.));
#4657=IFCDIRECTION((1.,0.,0.));
#4658=IFCDIRECTION((0.,1.,0.));
#4659=IFCDIRECTION((0.,0.,1.));
#4660=IFCCARTESIANTRANSFORMATIONOPERATOR3D(#4657,#4658,#4656,1.,#4659);
#4661=IFCMAPPEDITEM(#4655,#4660);
#4662=IFCSHAPEREPRESENTATION(#25,'Annotation','MappedRepresentation',(#4661));
#4663=IFCCARTESIANPOINTLIST2D(((0.,0.),(1.4655077457427979,0.),(1.4655077457427979,2.),(0.,2.)));
#4664=IFCINDEXEDPOLYCURVE(#4663,(IFCLINEINDEX((1,2,3,4,1))),$);
#4665=IFCARBITRARYCLOSEDPROFILEDEF(.AREA.,$,#4664);
#4666=IFCCARTESIANPOINT((0.,-0.60000002384185791,0.));
#4667=IFCDIRECTION((0.,-1.,0.));
#4668=IFCDIRECTION((1.,0.,0.));
#4669=IFCAXIS2PLACEMENT3D(#4666,#4667,#4668);
#4670=IFCDIRECTION((0.,0.,-1.));
#4671=IFCEXTRUDEDAREASOLID(#4665,#4669,#4670,1.2);
#4672=IFCSHAPEREPRESENTATION(#11,'Body','SweptSolid',(#4671));
#4678=IFCCARTESIANPOINT((0.022237002849794574,1.4271537804866341E-06,0.));
#4679=IFCDIRECTION((0.,0.,1.));
#4680=IFCDIRECTION((0.99999999999995448,-3.0199160505616635E-07,0.));
#4681=IFCAXIS2PLACEMENT3D(#4678,#4679,#4680);
#4682=IFCLOCALPLACEMENT(#4183,#4681);
#4683=IFCCARTESIANPOINT((0.,0.,0.));
#4684=IFCDIRECTION((0.,0.,1.));
#4685=IFCDIRECTION((0.99999999999999978,-2.6469779601696886E-23,0.));
#4686=IFCAXIS2PLACEMENT3D(#4683,#4684,#4685);
#4687=IFCLOCALPLACEMENT(#4682,#4686);
#4688=IFCWINDOWTYPE('2WG1WLGVj3jRRRk15qQtXa',$,'Living-GF',$,$,(#4689),(#4698,#4746,#4768),$,$,.WINDOW.,.SINGLE_PANEL.,$,$);
#4689=IFCPROPERTYSET('2947sCIV938gCy4kgZQMUZ',$,'BBIM_Window',$,(#4690));
#4690=IFCPROPERTYSINGLEVALUE('Data',$,IFCTEXT('{"window_type": "TRIPLE_PANEL_VERTICAL", "overall_height": 0.8999999761581421, "overall_width": 0.7629872560501099, "lining_properties": {"lining_depth": 0.05000000074505806, "lining_thickness": 0.05000000074505806, "lining_offset": 0.05000000074505806, "lining_to_panel_offset_x": 0.02500000037252903, "lining_to_panel_offset_y": 0.02500000037252903, "mullion_thickness": 0.05000000074505806, "first_mullion_offset": 0.20000000298023224, "second_mullion_offset": 0.4000000059604645}, "panel_properties": {"frame_depth": [0.03500000014901161, 0.03500000014901161, 0.03500000014901161], "frame_thickness": [0.03500000014901161, 0.03500000014901161, 0.03500000014901161]}}'),$);
#4694=IFCCARTESIANPOINT((0.,0.,0.));
#4695=IFCDIRECTION((1.,0.,0.));
#4696=IFCDIRECTION((0.,0.,1.));
#4697=IFCAXIS2PLACEMENT3D(#4694,#4696,#4695);
#4698=IFCREPRESENTATIONMAP(#4697,#5231);
#4742=IFCCARTESIANPOINT((0.,0.,0.));
#4743=IFCDIRECTION((1.,0.,0.));
#4744=IFCDIRECTION((0.,0.,1.));
#4745=IFCAXIS2PLACEMENT3D(#4742,#4744,#4743);
#4746=IFCREPRESENTATIONMAP(#4745,#5361);
#4764=IFCCARTESIANPOINT((0.,0.,0.));
#4765=IFCDIRECTION((1.,0.,0.));
#4766=IFCDIRECTION((0.,0.,1.));
#4767=IFCAXIS2PLACEMENT3D(#4764,#4766,#4765);
#4768=IFCREPRESENTATIONMAP(#4767,#5410);
#4769=IFCWINDOW('2GSoBz35nAgxvP3MFMy5TE',$,'Window',$,$,#5435,#4778,$,0.89999997615814209,0.76298725605010986,$,.TRIPLE_PANEL_VERTICAL.,$);
#4770=IFCRELDEFINESBYTYPE('0XYmYMvL1AQRM6YaLALAg7',$,$,$,(#4769),#4688);
#4771=IFCCARTESIANPOINT((0.,0.,0.));
#4772=IFCDIRECTION((1.,0.,0.));
#4773=IFCDIRECTION((0.,1.,0.));
#4774=IFCDIRECTION((0.,0.,1.));
#4775=IFCCARTESIANTRANSFORMATIONOPERATOR3D(#4772,#4773,#4771,1.,#4774);
#4776=IFCMAPPEDITEM(#4698,#4775);
#4777=IFCSHAPEREPRESENTATION(#18,'Profile','MappedRepresentation',(#4776));
#4778=IFCPRODUCTDEFINITIONSHAPE($,$,(#4777,#4785,#4792));
#4779=IFCCARTESIANPOINT((0.,0.,0.));
#4780=IFCDIRECTION((1.,0.,0.));
#4781=IFCDIRECTION((0.,1.,0.));
#4782=IFCDIRECTION((0.,0.,1.));
#4783=IFCCARTESIANTRANSFORMATIONOPERATOR3D(#4780,#4781,#4779,1.,#4782);
#4784=IFCMAPPEDITEM(#4746,#4783);
#4785=IFCSHAPEREPRESENTATION(#11,'Body','MappedRepresentation',(#4784));
#4786=IFCCARTESIANPOINT((0.,0.,0.));
#4787=IFCDIRECTION((1.,0.,0.));
#4788=IFCDIRECTION((0.,1.,0.));
#4789=IFCDIRECTION((0.,0.,1.));
#4790=IFCCARTESIANTRANSFORMATIONOPERATOR3D(#4787,#4788,#4786,1.,#4789);
#4791=IFCMAPPEDITEM(#4768,#4790);
#4792=IFCSHAPEREPRESENTATION(#24,'Body','MappedRepresentation',(#4791));
#4793=IFCOPENINGELEMENT('3sC8nhBNLFEgJMlChZiSsu',$,'Opening',$,$,#5430,#4821,$,.OPENING.);
#4809=IFCCARTESIANPOINT((0.,0.,0.));
#4810=IFCDIRECTION((1.,0.,0.));
#4811=IFCDIRECTION((0.,0.,1.));
#4812=IFCAXIS2PLACEMENT3D(#4809,#4811,#4810);
#4813=IFCREPRESENTATIONMAP(#4812,#5420);
#4814=IFCCARTESIANPOINT((0.,0.,0.));
#4815=IFCDIRECTION((1.,0.,0.));
#4816=IFCDIRECTION((0.,1.,0.));
#4817=IFCDIRECTION((0.,0.,1.));
#4818=IFCCARTESIANTRANSFORMATIONOPERATOR3D(#4815,#4816,#4814,1.,#4817);
#4819=IFCMAPPEDITEM(#4813,#4818);
#4820=IFCSHAPEREPRESENTATION(#11,'Body','MappedRepresentation',(#4819));
#4821=IFCPRODUCTDEFINITIONSHAPE($,$,(#4820));
#4822=IFCRELVOIDSELEMENT('1jlu2s9aHDGgblwjBAT4il',$,$,$,#237,#4793);
#4828=IFCRELFILLSELEMENT('2EbHyO7cP8duM9B5OoqD2K',$,$,$,#4793,#4769);
#4958=IFCSHAPEREPRESENTATION(#11,'Body','SweptSolid',(#5340,#5329,#5251,#5240,#5289,#5280,#5300));
#4959=IFCSHAPEASPECT((#4958),'Lining',$,.T.,#4778);
#4960=IFCSHAPEREPRESENTATION(#11,'Body','SweptSolid',(#5351,#5311,#5262));
#4961=IFCSHAPEASPECT((#4960),'Framing',$,.T.,#4778);
#4962=IFCSHAPEREPRESENTATION(#11,'Body','SweptSolid',(#5320,#5360,#5271));
#4963=IFCSHAPEASPECT((#4962),'Glazing',$,.T.,#4778);
#5229=IFCCARTESIANPOINTLIST3D(((0.,0.,0.),(0.76298725605010986,0.,0.),(0.76298725605010986,0.,0.89999997615814209),(0.,0.,0.89999997615814209)));
#5230=IFCINDEXEDPOLYCURVE(#5229,(IFCLINEINDEX((1,2,3,4,1))),$);
#5231=IFCSHAPEREPRESENTATION(#18,'Profile','Curve3D',(#5230));
#5232=IFCCARTESIANPOINTLIST2D(((0.20000000298023224,0.),(0.,0.),(0.,0.89999997615814209),(0.20000000298023224,0.89999997615814209),(0.20000000298023224,0.87499997578561306),(0.02500000037252903,0.87499997578561306),(0.02500000037252903,0.02500000037252903),(0.20000000298023224,0.02500000037252903)));
#5233=IFCINDEXEDPOLYCURVE(#5232,(IFCLINEINDEX((1,2,3,4,5,6,7,8,1))),$);
#5234=IFCARBITRARYCLOSEDPROFILEDEF(.AREA.,$,#5233);
#5235=IFCCARTESIANPOINT((0.,0.090000001713633537,0.));
#5236=IFCDIRECTION((0.,-1.,0.));
#5237=IFCDIRECTION((1.,0.,0.));
#5238=IFCAXIS2PLACEMENT3D(#5235,#5236,#5237);
#5239=IFCDIRECTION((0.,0.,-1.));
#5240=IFCEXTRUDEDAREASOLID(#5234,#5238,#5239,0.0099999997764825821);
#5241=IFCCARTESIANPOINTLIST2D(((0.,0.),(0.20000000298023224,0.),(0.20000000298023224,0.89999997615814209),(0.,0.89999997615814209)));
#5242=IFCINDEXEDPOLYCURVE(#5241,(IFCLINEINDEX((1,2,3,4,1))),$);
#5243=IFCCARTESIANPOINTLIST2D(((0.05000000074505806,0.05000000074505806),(0.17500000260770321,0.05000000074505806),(0.17500000260770321,0.84999997541308403),(0.05000000074505806,0.84999997541308403)));
#5244=IFCINDEXEDPOLYCURVE(#5243,(IFCLINEINDEX((1,2,3,4,1))),$);
#5245=IFCARBITRARYPROFILEDEFWITHVOIDS(.AREA.,$,#5242,(#5244));
#5246=IFCCARTESIANPOINT((0.,0.05000000074505806,0.));
#5247=IFCDIRECTION((0.,-1.,0.));
#5248=IFCDIRECTION((1.,0.,0.));
#5249=IFCAXIS2PLACEMENT3D(#5246,#5247,#5248);
#5250=IFCDIRECTION((0.,0.,-1.));
#5251=IFCEXTRUDEDAREASOLID(#5245,#5249,#5250,0.040000000968575478);
#5252=IFCCARTESIANPOINTLIST2D(((0.,0.),(0.17500000260770321,0.),(0.17500000260770321,0.84999997541308403),(0.,0.84999997541308403)));
#5253=IFCINDEXEDPOLYCURVE(#5252,(IFCLINEINDEX((1,2,3,4,1))),$);
#5254=IFCCARTESIANPOINTLIST2D(((0.035000000149011612,0.035000000149011612),(0.1400000024586916,0.035000000149011612),(0.1400000024586916,0.81499997526407242),(0.035000000149011612,0.81499997526407242)));
#5255=IFCINDEXEDPOLYCURVE(#5254,(IFCLINEINDEX((1,2,3,4,1))),$);
#5256=IFCARBITRARYPROFILEDEFWITHVOIDS(.AREA.,$,#5253,(#5255));
#5257=IFCCARTESIANPOINT((0.02500000037252903,0.090000001713633537,0.02500000037252903));
#5258=IFCDIRECTION((0.,-1.,0.));
#5259=IFCDIRECTION((1.,0.,0.));
#5260=IFCAXIS2PLACEMENT3D(#5257,#5258,#5259);
#5261=IFCDIRECTION((0.,0.,-1.));
#5262=IFCEXTRUDEDAREASOLID(#5256,#5260,#5261,0.035000000149011612);
#5263=IFCINDEXEDPOLYCURVE(#5264,(IFCLINEINDEX((1,2,3,4,1))),$);
#5264=IFCCARTESIANPOINTLIST2D(((0.035000000149011612,0.035000000149011612),(0.1400000024586916,0.035000000149011612),(0.1400000024586916,0.81499997526407242),(0.035000000149011612,0.81499997526407242)));
#5265=IFCARBITRARYCLOSEDPROFILEDEF(.AREA.,$,#5263);
#5266=IFCCARTESIANPOINT((0.02500000037252903,0.10250000178813934,0.02500000037252903));
#5267=IFCDIRECTION((0.,-1.,0.));
#5268=IFCDIRECTION((1.,0.,0.));
#5269=IFCAXIS2PLACEMENT3D(#5266,#5267,#5268);
#5270=IFCDIRECTION((0.,0.,-1.));
#5271=IFCEXTRUDEDAREASOLID(#5265,#5269,#5270,0.01);
#5272=IFCCARTESIANPOINTLIST2D(((0.,0.89999997615814209),(0.20000000298023224,0.89999997615814209),(0.20000000298023224,0.87499997578561306),(0.,0.87499997578561306)));
#5273=IFCINDEXEDPOLYCURVE(#5272,(IFCLINEINDEX((1,2,3,4,1))),$);
#5274=IFCARBITRARYCLOSEDPROFILEDEF(.AREA.,$,#5273);
#5275=IFCCARTESIANPOINT((0.20000000298023224,0.090000001713633537,0.));
#5276=IFCDIRECTION((0.,-1.,0.));
#5277=IFCDIRECTION((1.,0.,0.));
#5278=IFCAXIS2PLACEMENT3D(#5275,#5276,#5277);
#5279=IFCDIRECTION((0.,0.,-1.));
#5280=IFCEXTRUDEDAREASOLID(#5274,#5278,#5279,0.0099999997764825821);
#5281=IFCCARTESIANPOINTLIST2D(((0.20000000298023224,0.),(0.,0.),(0.,0.02500000037252903),(0.20000000298023224,0.02500000037252903)));
#5282=IFCINDEXEDPOLYCURVE(#5281,(IFCLINEINDEX((1,2,3,4,1))),$);
#5283=IFCARBITRARYCLOSEDPROFILEDEF(.AREA.,$,#5282);
#5284=IFCCARTESIANPOINT((0.20000000298023224,0.090000001713633537,0.));
#5285=IFCDIRECTION((0.,-1.,0.));
#5286=IFCDIRECTION((1.,0.,0.));
#5287=IFCAXIS2PLACEMENT3D(#5284,#5285,#5286);
#5288=IFCDIRECTION((0.,0.,-1.));
#5289=IFCEXTRUDEDAREASOLID(#5283,#5287,#5288,0.0099999997764825821);
#5290=IFCCARTESIANPOINTLIST2D(((0.,0.),(0.20000000298023224,0.),(0.20000000298023224,0.89999997615814209),(0.,0.89999997615814209)));
#5291=IFCINDEXEDPOLYCURVE(#5290,(IFCLINEINDEX((1,2,3,4,1))),$);
#5292=IFCCARTESIANPOINTLIST2D(((0.02500000037252903,0.05000000074505806),(0.17500000260770321,0.05000000074505806),(0.17500000260770321,0.84999997541308403),(0.02500000037252903,0.84999997541308403)));
#5293=IFCINDEXEDPOLYCURVE(#5292,(IFCLINEINDEX((1,2,3,4,1))),$);
#5294=IFCARBITRARYPROFILEDEFWITHVOIDS(.AREA.,$,#5291,(#5293));
#5295=IFCCARTESIANPOINT((0.20000000298023224,0.05000000074505806,0.));
#5296=IFCDIRECTION((0.,-1.,0.));
#5297=IFCDIRECTION((1.,0.,0.));
#5298=IFCAXIS2PLACEMENT3D(#5295,#5296,#5297);
#5299=IFCDIRECTION((0.,0.,-1.));
#5300=IFCEXTRUDEDAREASOLID(#5294,#5298,#5299,0.040000000968575478);
#5301=IFCCARTESIANPOINTLIST2D(((0.,0.),(0.20000000298023224,0.),(0.20000000298023224,0.84999997541308403),(0.,0.84999997541308403)));
#5302=IFCINDEXEDPOLYCURVE(#5301,(IFCLINEINDEX((1,2,3,4,1))),$);
#5303=IFCCARTESIANPOINTLIST2D(((0.035000000149011612,0.035000000149011612),(0.16500000283122063,0.035000000149011612),(0.16500000283122063,0.81499997526407242),(0.035000000149011612,0.81499997526407242)));
#5304=IFCINDEXEDPOLYCURVE(#5303,(IFCLINEINDEX((1,2,3,4,1))),$);
#5305=IFCARBITRARYPROFILEDEFWITHVOIDS(.AREA.,$,#5302,(#5304));
#5306=IFCCARTESIANPOINT((0.20000000298023224,0.090000001713633537,0.02500000037252903));
#5307=IFCDIRECTION((0.,-1.,0.));
#5308=IFCDIRECTION((1.,0.,0.));
#5309=IFCAXIS2PLACEMENT3D(#5306,#5307,#5308);
#5310=IFCDIRECTION((0.,0.,-1.));
#5311=IFCEXTRUDEDAREASOLID(#5305,#5309,#5310,0.035000000149011612);
#5312=IFCINDEXEDPOLYCURVE(#5313,(IFCLINEINDEX((1,2,3,4,1))),$);
#5313=IFCCARTESIANPOINTLIST2D(((0.035000000149011612,0.035000000149011612),(0.16500000283122063,0.035000000149011612),(0.16500000283122063,0.81499997526407242),(0.035000000149011612,0.81499997526407242)));
#5314=IFCARBITRARYCLOSEDPROFILEDEF(.AREA.,$,#5312);
#5315=IFCCARTESIANPOINT((0.20000000298023224,0.10250000178813934,0.02500000037252903));
#5316=IFCDIRECTION((0.,-1.,0.));
#5317=IFCDIRECTION((1.,0.,0.));
#5318=IFCAXIS2PLACEMENT3D(#5315,#5316,#5317);
#5319=IFCDIRECTION((0.,0.,-1.));
#5320=IFCEXTRUDEDAREASOLID(#5314,#5318,#5319,0.01);
#5321=IFCCARTESIANPOINTLIST2D(((0.,0.89999997615814209),(0.36298725008964539,0.89999997615814209),(0.36298725008964539,0.),(0.,0.),(0.,0.02500000037252903),(0.33798724971711636,0.02500000037252903),(0.33798724971711636,0.87499997578561306),(0.,0.87499997578561306)));
#5322=IFCINDEXEDPOLYCURVE(#5321,(IFCLINEINDEX((1,2,3,4,5,6,7,8,1))),$);
#5323=IFCARBITRARYCLOSEDPROFILEDEF(.AREA.,$,#5322);
#5324=IFCCARTESIANPOINT((0.40000000596046448,0.090000001713633537,0.));
#5325=IFCDIRECTION((0.,-1.,0.));
#5326=IFCDIRECTION((1.,0.,0.));
#5327=IFCAXIS2PLACEMENT3D(#5324,#5325,#5326);
#5328=IFCDIRECTION((0.,0.,-1.));
#5329=IFCEXTRUDEDAREASOLID(#5323,#5327,#5328,0.0099999997764825821);
#5330=IFCCARTESIANPOINTLIST2D(((0.,0.),(0.36298725008964539,0.),(0.36298725008964539,0.89999997615814209),(0.,0.89999997615814209)));
#5331=IFCINDEXEDPOLYCURVE(#5330,(IFCLINEINDEX((1,2,3,4,1))),$);
#5332=IFCCARTESIANPOINTLIST2D(((0.02500000037252903,0.05000000074505806),(0.31298724934458733,0.05000000074505806),(0.31298724934458733,0.84999997541308403),(0.02500000037252903,0.84999997541308403)));
#5333=IFCINDEXEDPOLYCURVE(#5332,(IFCLINEINDEX((1,2,3,4,1))),$);
#5334=IFCARBITRARYPROFILEDEFWITHVOIDS(.AREA.,$,#5331,(#5333));
#5335=IFCCARTESIANPOINT((0.40000000596046448,0.05000000074505806,0.));
#5336=IFCDIRECTION((0.,-1.,0.));
#5337=IFCDIRECTION((1.,0.,0.));
#5338=IFCAXIS2PLACEMENT3D(#5335,#5336,#5337);
#5339=IFCDIRECTION((0.,0.,-1.));
#5340=IFCEXTRUDEDAREASOLID(#5334,#5338,#5339,0.040000000968575478);
#5341=IFCCARTESIANPOINTLIST2D(((0.,0.),(0.33798724971711636,0.),(0.33798724971711636,0.84999997541308403),(0.,0.84999997541308403)));
#5342=IFCINDEXEDPOLYCURVE(#5341,(IFCLINEINDEX((1,2,3,4,1))),$);
#5343=IFCCARTESIANPOINTLIST2D(((0.035000000149011612,0.035000000149011612),(0.30298724956810474,0.035000000149011612),(0.30298724956810474,0.81499997526407242),(0.035000000149011612,0.81499997526407242)));
#5344=IFCINDEXEDPOLYCURVE(#5343,(IFCLINEINDEX((1,2,3,4,1))),$);
#5345=IFCARBITRARYPROFILEDEFWITHVOIDS(.AREA.,$,#5342,(#5344));
#5346=IFCCARTESIANPOINT((0.40000000596046448,0.090000001713633537,0.02500000037252903));
#5347=IFCDIRECTION((0.,-1.,0.));
#5348=IFCDIRECTION((1.,0.,0.));
#5349=IFCAXIS2PLACEMENT3D(#5346,#5347,#5348);
#5350=IFCDIRECTION((0.,0.,-1.));
#5351=IFCEXTRUDEDAREASOLID(#5345,#5349,#5350,0.035000000149011612);
#5352=IFCINDEXEDPOLYCURVE(#5353,(IFCLINEINDEX((1,2,3,4,1))),$);
#5353=IFCCARTESIANPOINTLIST2D(((0.035000000149011612,0.035000000149011612),(0.30298724956810474,0.035000000149011612),(0.30298724956810474,0.81499997526407242),(0.035000000149011612,0.81499997526407242)));
#5354=IFCARBITRARYCLOSEDPROFILEDEF(.AREA.,$,#5352);
#5355=IFCCARTESIANPOINT((0.40000000596046448,0.10250000178813934,0.02500000037252903));
#5356=IFCDIRECTION((0.,-1.,0.));
#5357=IFCDIRECTION((1.,0.,0.));
#5358=IFCAXIS2PLACEMENT3D(#5355,#5356,#5357);
#5359=IFCDIRECTION((0.,0.,-1.));
#5360=IFCEXTRUDEDAREASOLID(#5354,#5358,#5359,0.01);
#5361=IFCSHAPEREPRESENTATION(#11,'Body','SweptSolid',(#5240,#5251,#5262,#5271,#5280,#5289,#5300,#5311,#5320,#5329,#5340,#5351,#5360));
#5362=IFCCARTESIANPOINTLIST2D(((0.05000000074505806,0.05000000074505806),(0.17500000260770321,0.05000000074505806)));
#5363=IFCINDEXEDPOLYCURVE(#5362,$,$);
#5364=IFCCARTESIANPOINTLIST2D(((0.,0.10000000149011612),(0.02500000037252903,0.10000000149011612),(0.02500000037252903,0.090000001713633537),(0.05000000074505806,0.090000001713633537),(0.05000000074505806,0.05000000074505806),(0.,0.05000000074505806)));
#5365=IFCINDEXEDPOLYCURVE(#5364,(IFCLINEINDEX((1,2,3,4,5,6,1))),$);
#5366=IFCCARTESIANPOINTLIST2D(((0.20000000298023224,0.10000000149011612),(0.20000000298023224,0.10000000149011612),(0.20000000298023224,0.090000001713633537),(0.17500000260770321,0.090000001713633537),(0.17500000260770321,0.05000000074505806),(0.20000000298023224,0.05000000074505806)));
#5367=IFCINDEXEDPOLYCURVE(#5366,$,$);
#5368=IFCCARTESIANPOINTLIST2D(((0.02500000037252903,0.090000001713633537),(0.060000000521540642,0.090000001713633537),(0.060000000521540642,0.12500000186264515),(0.02500000037252903,0.12500000186264515)));
#5369=IFCINDEXEDPOLYCURVE(#5368,(IFCLINEINDEX((1,2,3,4,1))),$);
#5370=IFCINDEXEDPOLYCURVE(#5371,(IFCLINEINDEX((1,2,3,4,1))),$);
#5371=IFCCARTESIANPOINTLIST2D(((0.20000000298023224,0.090000001713633537),(0.16500000283122063,0.090000001713633537),(0.16500000283122063,0.12500000186264515),(0.20000000298023224,0.12500000186264515)));
#5372=IFCCARTESIANPOINTLIST2D(((0.060000000521540642,0.090000001713633537),(0.16500000283122063,0.090000001713633537)));
#5373=IFCINDEXEDPOLYCURVE(#5372,$,$);
#5374=IFCINDEXEDPOLYCURVE(#5375,$,$);
#5375=IFCCARTESIANPOINTLIST2D(((0.060000000521540642,0.12500000186264515),(0.16500000283122063,0.12500000186264515)));
#5376=IFCINDEXEDPOLYCURVE(#5377,$,$);
#5377=IFCCARTESIANPOINTLIST2D(((0.060000000521540642,0.10750000178813934),(0.16500000283122063,0.10750000178813934)));
#5378=IFCCARTESIANPOINTLIST2D(((0.22500000335276127,0.05000000074505806),(0.37500000558793545,0.05000000074505806)));
#5379=IFCINDEXEDPOLYCURVE(#5378,$,$);
#5380=IFCCARTESIANPOINTLIST2D(((0.20000000298023224,0.10000000149011612),(0.20000000298023224,0.10000000149011612),(0.20000000298023224,0.090000001713633537),(0.22500000335276127,0.090000001713633537),(0.22500000335276127,0.05000000074505806),(0.20000000298023224,0.05000000074505806)));
#5381=IFCINDEXEDPOLYCURVE(#5380,$,$);
#5382=IFCCARTESIANPOINTLIST2D(((0.40000000596046448,0.10000000149011612),(0.40000000596046448,0.10000000149011612),(0.40000000596046448,0.090000001713633537),(0.37500000558793545,0.090000001713633537),(0.37500000558793545,0.05000000074505806),(0.40000000596046448,0.05000000074505806)));
#5383=IFCINDEXEDPOLYCURVE(#5382,$,$);
#5384=IFCCARTESIANPOINTLIST2D(((0.20000000298023224,0.090000001713633537),(0.23500000312924385,0.090000001713633537),(0.23500000312924385,0.12500000186264515),(0.20000000298023224,0.12500000186264515)));
#5385=IFCINDEXEDPOLYCURVE(#5384,(IFCLINEINDEX((1,2,3,4,1))),$);
#5386=IFCINDEXEDPOLYCURVE(#5387,(IFCLINEINDEX((1,2,3,4,1))),$);
#5387=IFCCARTESIANPOINTLIST2D(((0.40000000596046448,0.090000001713633537),(0.36500000581145287,0.090000001713633537),(0.36500000581145287,0.12500000186264515),(0.40000000596046448,0.12500000186264515)));
#5388=IFCCARTESIANPOINTLIST2D(((0.23500000312924385,0.090000001713633537),(0.36500000581145287,0.090000001713633537)));
#5389=IFCINDEXEDPOLYCURVE(#5388,$,$);
#5390=IFCINDEXEDPOLYCURVE(#5391,$,$);
#5391=IFCCARTESIANPOINTLIST2D(((0.23500000312924385,0.12500000186264515),(0.36500000581145287,0.12500000186264515)));
#5392=IFCINDEXEDPOLYCURVE(#5393,$,$);
#5393=IFCCARTESIANPOINTLIST2D(((0.23500000312924385,0.10750000178813934),(0.36500000581145287,0.10750000178813934)));
#5394=IFCCARTESIANPOINTLIST2D(((0.42500000633299351,0.05000000074505806),(0.7129872553050518,0.05000000074505806)));
#5395=IFCINDEXEDPOLYCURVE(#5394,$,$);
#5396=IFCCARTESIANPOINTLIST2D(((0.40000000596046448,0.10000000149011612),(0.40000000596046448,0.10000000149011612),(0.40000000596046448,0.090000001713633537),(0.42500000633299351,0.090000001713633537),(0.42500000633299351,0.05000000074505806),(0.40000000596046448,0.05000000074505806)));
#5397=IFCINDEXEDPOLYCURVE(#5396,$,$);
#5398=IFCCARTESIANPOINTLIST2D(((0.76298725605010986,0.10000000149011612),(0.73798725567758083,0.10000000149011612),(0.73798725567758083,0.090000001713633537),(0.7129872553050518,0.090000001713633537),(0.7129872553050518,0.05000000074505806),(0.76298725605010986,0.05000000074505806)));
#5399=IFCINDEXEDPOLYCURVE(#5398,(IFCLINEINDEX((1,2,3,4,5,6,1))),$);
#5400=IFCCARTESIANPOINTLIST2D(((0.40000000596046448,0.090000001713633537),(0.43500000610947609,0.090000001713633537),(0.43500000610947609,0.12500000186264515),(0.40000000596046448,0.12500000186264515)));
#5401=IFCINDEXEDPOLYCURVE(#5400,(IFCLINEINDEX((1,2,3,4,1))),$);
#5402=IFCINDEXEDPOLYCURVE(#5403,(IFCLINEINDEX((1,2,3,4,1))),$);
#5403=IFCCARTESIANPOINTLIST2D(((0.73798725567758083,0.090000001713633537),(0.70298725552856922,0.090000001713633537),(0.70298725552856922,0.12500000186264515),(0.73798725567758083,0.12500000186264515)));
#5404=IFCCARTESIANPOINTLIST2D(((0.43500000610947609,0.090000001713633537),(0.70298725552856922,0.090000001713633537)));
#5405=IFCINDEXEDPOLYCURVE(#5404,$,$);
#5406=IFCINDEXEDPOLYCURVE(#5407,$,$);
#5407=IFCCARTESIANPOINTLIST2D(((0.43500000610947609,0.12500000186264515),(0.70298725552856922,0.12500000186264515)));
#5408=IFCINDEXEDPOLYCURVE(#5409,$,$);
#5409=IFCCARTESIANPOINTLIST2D(((0.43500000610947609,0.10750000178813934),(0.70298725552856922,0.10750000178813934)));
#5410=IFCSHAPEREPRESENTATION(#24,'Body','Curve2D',(#5363,#5365,#5367,#5369,#5370,#5373,#5374,#5376,#5379,#5381,#5383,#5385,#5386,#5389,#5390,#5392,#5395,#5397,#5399,#5401,#5402,#5405,#5406,#5408));
#5411=IFCCARTESIANPOINTLIST2D(((0.,0.),(0.76298725605010986,0.),(0.76298725605010986,0.89999997615814209),(0.,0.89999997615814209)));
#5412=IFCINDEXEDPOLYCURVE(#5411,(IFCLINEINDEX((1,2,3,4,1))),$);
#5413=IFCARBITRARYCLOSEDPROFILEDEF(.AREA.,$,#5412);
#5414=IFCCARTESIANPOINT((0.,-0.60000002384185791,0.));
#5415=IFCDIRECTION((0.,-1.,0.));
#5416=IFCDIRECTION((1.,0.,0.));
#5417=IFCAXIS2PLACEMENT3D(#5414,#5415,#5416);
#5418=IFCDIRECTION((0.,0.,-1.));
#5419=IFCEXTRUDEDAREASOLID(#5413,#5417,#5418,1.2);
#5420=IFCSHAPEREPRESENTATION(#11,'Body','SweptSolid',(#5419));
#5426=IFCCARTESIANPOINT((2.2460184009867463,0.099999862567154096,1.));
#5427=IFCDIRECTION((0.,0.,1.));
#5428=IFCDIRECTION((-0.99999999999998856,1.5099580252808177E-07,0.));
#5429=IFCAXIS2PLACEMENT3D(#5426,#5427,#5428);
#5430=IFCLOCALPLACEMENT(#250,#5429);
#5431=IFCCARTESIANPOINT((-8.8817841970012523E-16,-4.4408920985006262E-16,0.));
#5432=IFCDIRECTION((0.,0.,1.));
#5433=IFCDIRECTION((1.,0.,0.));
#5434=IFCAXIS2PLACEMENT3D(#5431,#5432,#5433);
#5435=IFCLOCALPLACEMENT(#5430,#5434);
#5436=IFCWINDOWTYPE('3VC1AwbQf0mhUg_jCGwwni',$,'Guest-1-GF',$,$,(#5437),(#5439,#5447,#5582),$,$,.WINDOW.,.SINGLE_PANEL.,$,$);
#5437=IFCPROPERTYSET('3yBReb$Uz48BgDXPpP6Kyq',$,'BBIM_Window',$,(#5438));
#5438=IFCPROPERTYSINGLEVALUE('Data',$,IFCTEXT('{"window_type": "DOUBLE_PANEL_VERTICAL", "overall_height": 0.8999999761581421, "overall_width": 1.2341333627700806, "lining_properties": {"lining_depth": 0.05000000074505806, "lining_thickness": 0.05000000074505806, "lining_offset": 0.05000000074505806, "lining_to_panel_offset_x": 0.02500000037252903, "lining_to_panel_offset_y": 0.02500000037252903, "mullion_thickness": 0.05000000074505806, "first_mullion_offset": 0.30000001192092896}, "panel_properties": {"frame_depth": [0.03500000014901161, 0.03500000014901161, 0.03500000014901161], "frame_thickness": [0.03500000014901161, 0.03500000014901161, 0.03500000014901161]}}'),$);
#5439=IFCREPRESENTATIONMAP(#5440,#6669);
#5440=IFCAXIS2PLACEMENT3D(#5441,#5442,#5443);
#5441=IFCCARTESIANPOINT((0.,0.,0.));
#5442=IFCDIRECTION((0.,0.,1.));
#5443=IFCDIRECTION((1.,0.,0.));
#5447=IFCREPRESENTATIONMAP(#5448,#6750);
#5448=IFCAXIS2PLACEMENT3D(#5449,#5450,#5451);
#5449=IFCCARTESIANPOINT((0.,0.,0.));
#5450=IFCDIRECTION((0.,0.,1.));
#5451=IFCDIRECTION((1.,0.,0.));
#5582=IFCREPRESENTATIONMAP(#5583,#6783);
#5583=IFCAXIS2PLACEMENT3D(#5584,#5585,#5586);
#5584=IFCCARTESIANPOINT((0.,0.,0.));
#5585=IFCDIRECTION((0.,0.,1.));
#5586=IFCDIRECTION((1.,0.,0.));
#5636=IFCWINDOW('0ZoXYm5jbDFPZ$0$Cmu4BL',$,'Window',$,$,#6808,#5645,$,0.89999997615814209,1.2341333627700806,$,.DOUBLE_PANEL_VERTICAL.,$);
#5637=IFCRELDEFINESBYTYPE('2aA85hsiP8Kuxroud9a1Ih',$,$,$,(#5636),#5436);
#5638=IFCCARTESIANPOINT((0.,0.,0.));
#5639=IFCDIRECTION((1.,0.,0.));
#5640=IFCDIRECTION((0.,1.,0.));
#5641=IFCDIRECTION((0.,0.,1.));
#5642=IFCCARTESIANTRANSFORMATIONOPERATOR3D(#5639,#5640,#5638,1.,#5641);
#5643=IFCMAPPEDITEM(#5439,#5642);
#5644=IFCSHAPEREPRESENTATION(#18,'Profile','MappedRepresentation',(#5643));
#5645=IFCPRODUCTDEFINITIONSHAPE($,$,(#5644,#5652,#5659));
#5646=IFCCARTESIANPOINT((0.,0.,0.));
#5647=IFCDIRECTION((1.,0.,0.));
#5648=IFCDIRECTION((0.,1.,0.));
#5649=IFCDIRECTION((0.,0.,1.));
#5650=IFCCARTESIANTRANSFORMATIONOPERATOR3D(#5647,#5648,#5646,1.,#5649);
#5651=IFCMAPPEDITEM(#5447,#5650);
#5652=IFCSHAPEREPRESENTATION(#11,'Body','MappedRepresentation',(#5651));
#5653=IFCCARTESIANPOINT((0.,0.,0.));
#5654=IFCDIRECTION((1.,0.,0.));
#5655=IFCDIRECTION((0.,1.,0.));
#5656=IFCDIRECTION((0.,0.,1.));
#5657=IFCCARTESIANTRANSFORMATIONOPERATOR3D(#5654,#5655,#5653,1.,#5656);
#5658=IFCMAPPEDITEM(#5582,#5657);
#5659=IFCSHAPEREPRESENTATION(#24,'Body','MappedRepresentation',(#5658));
#5660=IFCOPENINGELEMENT('2TVZjyKfPF5gKUp5nQRqNc',$,'Opening',$,$,#6803,#5688,$,.OPENING.);
#5676=IFCCARTESIANPOINT((0.,0.,0.));
#5677=IFCDIRECTION((1.,0.,0.));
#5678=IFCDIRECTION((0.,0.,1.));
#5679=IFCAXIS2PLACEMENT3D(#5676,#5678,#5677);
#5680=IFCREPRESENTATIONMAP(#5679,#6793);
#5681=IFCCARTESIANPOINT((0.,0.,0.));
#5682=IFCDIRECTION((1.,0.,0.));
#5683=IFCDIRECTION((0.,1.,0.));
#5684=IFCDIRECTION((0.,0.,1.));
#5685=IFCCARTESIANTRANSFORMATIONOPERATOR3D(#5682,#5683,#5681,1.,#5684);
#5686=IFCMAPPEDITEM(#5680,#5685);
#5687=IFCSHAPEREPRESENTATION(#11,'Body','MappedRepresentation',(#5686));
#5688=IFCPRODUCTDEFINITIONSHAPE($,$,(#5687));
#5689=IFCRELVOIDSELEMENT('2ZRfHM64nFYemQg7Y5P3x$',$,$,$,#1001,#5660);
#5695=IFCRELFILLSELEMENT('02GtpOfoP4hvyGXAO9rW7k',$,$,$,#5660,#5636);
#6350=IFCSHAPEREPRESENTATION(#11,'Body','SweptSolid',(#6689,#6678,#6718,#6729));
#6351=IFCSHAPEASPECT((#6350),'Lining',$,.T.,#5645);
#6352=IFCSHAPEREPRESENTATION(#11,'Body','SweptSolid',(#6700,#6740));
#6353=IFCSHAPEASPECT((#6352),'Framing',$,.T.,#5645);
#6354=IFCSHAPEREPRESENTATION(#11,'Body','SweptSolid',(#6709,#6749));
#6355=IFCSHAPEASPECT((#6354),'Glazing',$,.T.,#5645);
#6667=IFCCARTESIANPOINTLIST3D(((0.,0.,0.),(1.2341333627700806,0.,0.),(1.2341333627700806,0.,0.89999997615814209),(0.,0.,0.89999997615814209)));
#6668=IFCINDEXEDPOLYCURVE(#6667,(IFCLINEINDEX((1,2,3,4,1))),$);
#6669=IFCSHAPEREPRESENTATION(#18,'Profile','Curve3D',(#6668));
#6670=IFCCARTESIANPOINTLIST2D(((0.30000001192092896,0.),(0.,0.),(0.,0.89999997615814209),(0.30000001192092896,0.89999997615814209),(0.30000001192092896,0.87499997578561306),(0.02500000037252903,0.87499997578561306),(0.02500000037252903,0.02500000037252903),(0.30000001192092896,0.02500000037252903)));
#6671=IFCINDEXEDPOLYCURVE(#6670,(IFCLINEINDEX((1,2,3,4,5,6,7,8,1))),$);
#6672=IFCARBITRARYCLOSEDPROFILEDEF(.AREA.,$,#6671);
#6673=IFCCARTESIANPOINT((0.,0.090000001713633537,0.));
#6674=IFCDIRECTION((0.,-1.,0.));
#6675=IFCDIRECTION((1.,0.,0.));
#6676=IFCAXIS2PLACEMENT3D(#6673,#6674,#6675);
#6677=IFCDIRECTION((0.,0.,-1.));
#6678=IFCEXTRUDEDAREASOLID(#6672,#6676,#6677,0.0099999997764825821);
#6679=IFCCARTESIANPOINTLIST2D(((0.,0.),(0.30000001192092896,0.),(0.30000001192092896,0.89999997615814209),(0.,0.89999997615814209)));
#6680=IFCINDEXEDPOLYCURVE(#6679,(IFCLINEINDEX((1,2,3,4,1))),$);
#6681=IFCCARTESIANPOINTLIST2D(((0.05000000074505806,0.05000000074505806),(0.27500001154839993,0.05000000074505806),(0.27500001154839993,0.84999997541308403),(0.05000000074505806,0.84999997541308403)));
#6682=IFCINDEXEDPOLYCURVE(#6681,(IFCLINEINDEX((1,2,3,4,1))),$);
#6683=IFCARBITRARYPROFILEDEFWITHVOIDS(.AREA.,$,#6680,(#6682));
#6684=IFCCARTESIANPOINT((0.,0.05000000074505806,0.));
#6685=IFCDIRECTION((0.,-1.,0.));
#6686=IFCDIRECTION((1.,0.,0.));
#6687=IFCAXIS2PLACEMENT3D(#6684,#6685,#6686);
#6688=IFCDIRECTION((0.,0.,-1.));
#6689=IFCEXTRUDEDAREASOLID(#6683,#6687,#6688,0.040000000968575478);
#6690=IFCCARTESIANPOINTLIST2D(((0.,0.),(0.27500001154839993,0.),(0.27500001154839993,0.84999997541308403),(0.,0.84999997541308403)));
#6691=IFCINDEXEDPOLYCURVE(#6690,(IFCLINEINDEX((1,2,3,4,1))),$);
#6692=IFCCARTESIANPOINTLIST2D(((0.035000000149011612,0.035000000149011612),(0.24000001139938831,0.035000000149011612),(0.24000001139938831,0.81499997526407242),(0.035000000149011612,0.81499997526407242)));
#6693=IFCINDEXEDPOLYCURVE(#6692,(IFCLINEINDEX((1,2,3,4,1))),$);
#6694=IFCARBITRARYPROFILEDEFWITHVOIDS(.AREA.,$,#6691,(#6693));
#6695=IFCCARTESIANPOINT((0.02500000037252903,0.090000001713633537,0.02500000037252903));
#6696=IFCDIRECTION((0.,-1.,0.));
#6697=IFCDIRECTION((1.,0.,0.));
#6698=IFCAXIS2PLACEMENT3D(#6695,#6696,#6697);
#6699=IFCDIRECTION((0.,0.,-1.));
#6700=IFCEXTRUDEDAREASOLID(#6694,#6698,#6699,0.035000000149011612);
#6701=IFCINDEXEDPOLYCURVE(#6702,(IFCLINEINDEX((1,2,3,4,1))),$);
#6702=IFCCARTESIANPOINTLIST2D(((0.035000000149011612,0.035000000149011612),(0.24000001139938831,0.035000000149011612),(0.24000001139938831,0.81499997526407242),(0.035000000149011612,0.81499997526407242)));
#6703=IFCARBITRARYCLOSEDPROFILEDEF(.AREA.,$,#6701);
#6704=IFCCARTESIANPOINT((0.02500000037252903,0.10250000178813934,0.02500000037252903));
#6705=IFCDIRECTION((0.,-1.,0.));
#6706=IFCDIRECTION((1.,0.,0.));
#6707=IFCAXIS2PLACEMENT3D(#6704,#6705,#6706);
#6708=IFCDIRECTION((0.,0.,-1.));
#6709=IFCEXTRUDEDAREASOLID(#6703,#6707,#6708,0.01);
#6710=IFCCARTESIANPOINTLIST2D(((0.,0.89999997615814209),(0.93413335084915161,0.89999997615814209),(0.93413335084915161,0.),(0.,0.),(0.,0.02500000037252903),(0.90913335047662258,0.02500000037252903),(0.90913335047662258,0.87499997578561306),(0.,0.87499997578561306)));
#6711=IFCINDEXEDPOLYCURVE(#6710,(IFCLINEINDEX((1,2,3,4,5,6,7,8,1))),$);
#6712=IFCARBITRARYCLOSEDPROFILEDEF(.AREA.,$,#6711);
#6713=IFCCARTESIANPOINT((0.30000001192092896,0.090000001713633537,0.));
#6714=IFCDIRECTION((0.,-1.,0.));
#6715=IFCDIRECTION((1.,0.,0.));
#6716=IFCAXIS2PLACEMENT3D(#6713,#6714,#6715);
#6717=IFCDIRECTION((0.,0.,-1.));
#6718=IFCEXTRUDEDAREASOLID(#6712,#6716,#6717,0.0099999997764825821);
#6719=IFCCARTESIANPOINTLIST2D(((0.,0.),(0.93413335084915161,0.),(0.93413335084915161,0.89999997615814209),(0.,0.89999997615814209)));
#6720=IFCINDEXEDPOLYCURVE(#6719,(IFCLINEINDEX((1,2,3,4,1))),$);
#6721=IFCCARTESIANPOINTLIST2D(((0.02500000037252903,0.05000000074505806),(0.88413335010409355,0.05000000074505806),(0.88413335010409355,0.84999997541308403),(0.02500000037252903,0.84999997541308403)));
#6722=IFCINDEXEDPOLYCURVE(#6721,(IFCLINEINDEX((1,2,3,4,1))),$);
#6723=IFCARBITRARYPROFILEDEFWITHVOIDS(.AREA.,$,#6720,(#6722));
#6724=IFCCARTESIANPOINT((0.30000001192092896,0.05000000074505806,0.));
#6725=IFCDIRECTION((0.,-1.,0.));
#6726=IFCDIRECTION((1.,0.,0.));
#6727=IFCAXIS2PLACEMENT3D(#6724,#6725,#6726);
#6728=IFCDIRECTION((0.,0.,-1.));
#6729=IFCEXTRUDEDAREASOLID(#6723,#6727,#6728,0.040000000968575478);
#6730=IFCCARTESIANPOINTLIST2D(((0.,0.),(0.90913335047662258,0.),(0.90913335047662258,0.84999997541308403),(0.,0.84999997541308403)));
#6731=IFCINDEXEDPOLYCURVE(#6730,(IFCLINEINDEX((1,2,3,4,1))),$);
#6732=IFCCARTESIANPOINTLIST2D(((0.035000000149011612,0.035000000149011612),(0.87413335032761097,0.035000000149011612),(0.87413335032761097,0.81499997526407242),(0.035000000149011612,0.81499997526407242)));
#6733=IFCINDEXEDPOLYCURVE(#6732,(IFCLINEINDEX((1,2,3,4,1))),$);
#6734=IFCARBITRARYPROFILEDEFWITHVOIDS(.AREA.,$,#6731,(#6733));
#6735=IFCCARTESIANPOINT((0.30000001192092896,0.090000001713633537,0.02500000037252903));
#6736=IFCDIRECTION((0.,-1.,0.));
#6737=IFCDIRECTION((1.,0.,0.));
#6738=IFCAXIS2PLACEMENT3D(#6735,#6736,#6737);
#6739=IFCDIRECTION((0.,0.,-1.));
#6740=IFCEXTRUDEDAREASOLID(#6734,#6738,#6739,0.035000000149011612);
#6741=IFCINDEXEDPOLYCURVE(#6742,(IFCLINEINDEX((1,2,3,4,1))),$);
#6742=IFCCARTESIANPOINTLIST2D(((0.035000000149011612,0.035000000149011612),(0.87413335032761097,0.035000000149011612),(0.87413335032761097,0.81499997526407242),(0.035000000149011612,0.81499997526407242)));
#6743=IFCARBITRARYCLOSEDPROFILEDEF(.AREA.,$,#6741);
#6744=IFCCARTESIANPOINT((0.30000001192092896,0.10250000178813934,0.02500000037252903));
#6745=IFCDIRECTION((0.,-1.,0.));
#6746=IFCDIRECTION((1.,0.,0.));
#6747=IFCAXIS2PLACEMENT3D(#6744,#6745,#6746);
#6748=IFCDIRECTION((0.,0.,-1.));
#6749=IFCEXTRUDEDAREASOLID(#6743,#6747,#6748,0.01);
#6750=IFCSHAPEREPRESENTATION(#11,'Body','SweptSolid',(#6678,#6689,#6700,#6709,#6718,#6729,#6740,#6749));
#6751=IFCCARTESIANPOINTLIST2D(((0.05000000074505806,0.05000000074505806),(0.27500001154839993,0.05000000074505806)));
#6752=IFCINDEXEDPOLYCURVE(#6751,$,$);
#6753=IFCCARTESIANPOINTLIST2D(((0.,0.10000000149011612),(0.02500000037252903,0.10000000149011612),(0.02500000037252903,0.090000001713633537),(0.05000000074505806,0.090000001713633537),(0.05000000074505806,0.05000000074505806),(0.,0.05000000074505806)));
#6754=IFCINDEXEDPOLYCURVE(#6753,(IFCLINEINDEX((1,2,3,4,5,6,1))),$);
#6755=IFCCARTESIANPOINTLIST2D(((0.30000001192092896,0.10000000149011612),(0.30000001192092896,0.10000000149011612),(0.30000001192092896,0.090000001713633537),(0.27500001154839993,0.090000001713633537),(0.27500001154839993,0.05000000074505806),(0.30000001192092896,0.05000000074505806)));
#6756=IFCINDEXEDPOLYCURVE(#6755,$,$);
#6757=IFCCARTESIANPOINTLIST2D(((0.02500000037252903,0.090000001713633537),(0.060000000521540642,0.090000001713633537),(0.060000000521540642,0.12500000186264515),(0.02500000037252903,0.12500000186264515)));
#6758=IFCINDEXEDPOLYCURVE(#6757,(IFCLINEINDEX((1,2,3,4,1))),$);
#6759=IFCINDEXEDPOLYCURVE(#6760,(IFCLINEINDEX((1,2,3,4,1))),$);
#6760=IFCCARTESIANPOINTLIST2D(((0.30000001192092896,0.090000001713633537),(0.26500001177191734,0.090000001713633537),(0.26500001177191734,0.12500000186264515),(0.30000001192092896,0.12500000186264515)));
#6761=IFCCARTESIANPOINTLIST2D(((0.060000000521540642,0.090000001713633537),(0.26500001177191734,0.090000001713633537)));
#6762=IFCINDEXEDPOLYCURVE(#6761,$,$);
#6763=IFCINDEXEDPOLYCURVE(#6764,$,$);
#6764=IFCCARTESIANPOINTLIST2D(((0.060000000521540642,0.12500000186264515),(0.26500001177191734,0.12500000186264515)));
#6765=IFCINDEXEDPOLYCURVE(#6766,$,$);
#6766=IFCCARTESIANPOINTLIST2D(((0.060000000521540642,0.10750000178813934),(0.26500001177191734,0.10750000178813934)));
#6767=IFCCARTESIANPOINTLIST2D(((0.32500001229345798,0.05000000074505806),(1.1841333620250225,0.05000000074505806)));
#6768=IFCINDEXEDPOLYCURVE(#6767,$,$);
#6769=IFCCARTESIANPOINTLIST2D(((0.30000001192092896,0.10000000149011612),(0.30000001192092896,0.10000000149011612),(0.30000001192092896,0.090000001713633537),(0.32500001229345798,0.090000001713633537),(0.32500001229345798,0.05000000074505806),(0.30000001192092896,0.05000000074505806)));
#6770=IFCINDEXEDPOLYCURVE(#6769,$,$);
#6771=IFCCARTESIANPOINTLIST2D(((1.2341333627700806,0.10000000149011612),(1.2091333623975515,0.10000000149011612),(1.2091333623975515,0.090000001713633537),(1.1841333620250225,0.090000001713633537),(1.1841333620250225,0.05000000074505806),(1.2341333627700806,0.05000000074505806)));
#6772=IFCINDEXEDPOLYCURVE(#6771,(IFCLINEINDEX((1,2,3,4,5,6,1))),$);
#6773=IFCCARTESIANPOINTLIST2D(((0.30000001192092896,0.090000001713633537),(0.33500001206994057,0.090000001713633537),(0.33500001206994057,0.12500000186264515),(0.30000001192092896,0.12500000186264515)));
#6774=IFCINDEXEDPOLYCURVE(#6773,(IFCLINEINDEX((1,2,3,4,1))),$);
#6775=IFCINDEXEDPOLYCURVE(#6776,(IFCLINEINDEX((1,2,3,4,1))),$);
#6776=IFCCARTESIANPOINTLIST2D(((1.2091333623975515,0.090000001713633537),(1.1741333622485399,0.090000001713633537),(1.1741333622485399,0.12500000186264515),(1.2091333623975515,0.12500000186264515)));
#6777=IFCCARTESIANPOINTLIST2D(((0.33500001206994057,0.090000001713633537),(1.1741333622485399,0.090000001713633537)));
#6778=IFCINDEXEDPOLYCURVE(#6777,$,$);
#6779=IFCINDEXEDPOLYCURVE(#6780,$,$);
#6780=IFCCARTESIANPOINTLIST2D(((0.33500001206994057,0.12500000186264515),(1.1741333622485399,0.12500000186264515)));
#6781=IFCINDEXEDPOLYCURVE(#6782,$,$);
#6782=IFCCARTESIANPOINTLIST2D(((0.33500001206994057,0.10750000178813934),(1.1741333622485399,0.10750000178813934)));
#6783=IFCSHAPEREPRESENTATION(#24,'Body','Curve2D',(#6752,#6754,#6756,#6758,#6759,#6762,#6763,#6765,#6768,#6770,#6772,#6774,#6775,#6778,#6779,#6781));
#6784=IFCCARTESIANPOINTLIST2D(((0.,0.),(1.2341333627700806,0.),(1.2341333627700806,0.89999997615814209),(0.,0.89999997615814209)));
#6785=IFCINDEXEDPOLYCURVE(#6784,(IFCLINEINDEX((1,2,3,4,1))),$);
#6786=IFCARBITRARYCLOSEDPROFILEDEF(.AREA.,$,#6785);
#6787=IFCCARTESIANPOINT((0.,-0.60000002384185791,0.));
#6788=IFCDIRECTION((0.,-1.,0.));
#6789=IFCDIRECTION((1.,0.,0.));
#6790=IFCAXIS2PLACEMENT3D(#6787,#6788,#6789);
#6791=IFCDIRECTION((0.,0.,-1.));
#6792=IFCEXTRUDEDAREASOLID(#6786,#6790,#6791,1.2);
#6793=IFCSHAPEREPRESENTATION(#11,'Body','SweptSolid',(#6792));
#6799=IFCCARTESIANPOINT((1.0274613821573659,1.2367963790893555E-06,1.));
#6800=IFCDIRECTION((0.,0.,1.));
#6801=IFCDIRECTION((0.99999999999988631,-4.7683715820307079E-07,0.));
#6802=IFCAXIS2PLACEMENT3D(#6799,#6800,#6801);
#6803=IFCLOCALPLACEMENT(#1880,#6802);
#6804=IFCCARTESIANPOINT((4.4408920985006262E-16,0.,0.));
#6805=IFCDIRECTION((0.,0.,1.));
#6806=IFCDIRECTION((1.,0.,0.));
#6807=IFCAXIS2PLACEMENT3D(#6804,#6805,#6806);
#6808=IFCLOCALPLACEMENT(#6803,#6807);
#7039=IFCWINDOWTYPE('3gGbDjBLT2iumSHrWtY48t',$,'Guest-2-GF',$,$,(#7040),(#7049,#7097,#7119),$,$,.WINDOW.,.SINGLE_PANEL.,$,$);
#7040=IFCPROPERTYSET('2eN0nZ2PnCwe1Tewqy$lPn',$,'BBIM_Window',$,(#7041));
#7041=IFCPROPERTYSINGLEVALUE('Data',$,IFCTEXT('{"window_type": "SINGLE_PANEL", "overall_height": 0.8999999761581421, "overall_width": 0.8384383916854858, "lining_properties": {"lining_depth": 0.05000000074505806, "lining_thickness": 0.05000000074505806, "lining_offset": 0.05000000074505806, "lining_to_panel_offset_x": 0.02500000037252903, "lining_to_panel_offset_y": 0.02500000037252903}, "panel_properties": {"frame_depth": [0.03500000014901161, 0.03500000014901161, 0.03500000014901161], "frame_thickness": [0.03500000014901161, 0.03500000014901161, 0.03500000014901161]}}'),$);
#7045=IFCCARTESIANPOINT((0.,0.,0.));
#7046=IFCDIRECTION((1.,0.,0.));
#7047=IFCDIRECTION((0.,0.,1.));
#7048=IFCAXIS2PLACEMENT3D(#7045,#7047,#7046);
#7049=IFCREPRESENTATIONMAP(#7048,#7669);
#7093=IFCCARTESIANPOINT((0.,0.,0.));
#7094=IFCDIRECTION((1.,0.,0.));
#7095=IFCDIRECTION((0.,0.,1.));
#7096=IFCAXIS2PLACEMENT3D(#7093,#7095,#7094);
#7097=IFCREPRESENTATIONMAP(#7096,#7712);
#7115=IFCCARTESIANPOINT((0.,0.,0.));
#7116=IFCDIRECTION((1.,0.,0.));
#7117=IFCDIRECTION((0.,0.,1.));
#7118=IFCAXIS2PLACEMENT3D(#7115,#7117,#7116);
#7119=IFCREPRESENTATIONMAP(#7118,#7729);
#7120=IFCWINDOW('0ge8DkBNT6OhEO5HqjSY4k',$,'Window',$,$,#7754,#7129,$,0.89999997615814209,0.83843839168548584,$,.SINGLE_PANEL.,$);
#7121=IFCRELDEFINESBYTYPE('0wI7MfLiX4K9JrYQySIDBe',$,$,$,(#7120),#7039);
#7122=IFCCARTESIANPOINT((0.,0.,0.));
#7123=IFCDIRECTION((1.,0.,0.));
#7124=IFCDIRECTION((0.,1.,0.));
#7125=IFCDIRECTION((0.,0.,1.));
#7126=IFCCARTESIANTRANSFORMATIONOPERATOR3D(#7123,#7124,#7122,1.,#7125);
#7127=IFCMAPPEDITEM(#7049,#7126);
#7128=IFCSHAPEREPRESENTATION(#18,'Profile','MappedRepresentation',(#7127));
#7129=IFCPRODUCTDEFINITIONSHAPE($,$,(#7128,#7136,#7143));
#7130=IFCCARTESIANPOINT((0.,0.,0.));
#7131=IFCDIRECTION((1.,0.,0.));
#7132=IFCDIRECTION((0.,1.,0.));
#7133=IFCDIRECTION((0.,0.,1.));
#7134=IFCCARTESIANTRANSFORMATIONOPERATOR3D(#7131,#7132,#7130,1.,#7133);
#7135=IFCMAPPEDITEM(#7097,#7134);
#7136=IFCSHAPEREPRESENTATION(#11,'Body','MappedRepresentation',(#7135));
#7137=IFCCARTESIANPOINT((0.,0.,0.));
#7138=IFCDIRECTION((1.,0.,0.));
#7139=IFCDIRECTION((0.,1.,0.));
#7140=IFCDIRECTION((0.,0.,1.));
#7141=IFCCARTESIANTRANSFORMATIONOPERATOR3D(#7138,#7139,#7137,1.,#7140);
#7142=IFCMAPPEDITEM(#7119,#7141);
#7143=IFCSHAPEREPRESENTATION(#24,'Body','MappedRepresentation',(#7142));
#7144=IFCOPENINGELEMENT('1FXDfI_VzD8wIUPXRRHbWc',$,'Opening',$,$,#7749,#7172,$,.OPENING.);
#7160=IFCCARTESIANPOINT((0.,0.,0.));
#7161=IFCDIRECTION((1.,0.,0.));
#7162=IFCDIRECTION((0.,0.,1.));
#7163=IFCAXIS2PLACEMENT3D(#7160,#7162,#7161);
#7164=IFCREPRESENTATIONMAP(#7163,#7739);
#7165=IFCCARTESIANPOINT((0.,0.,0.));
#7166=IFCDIRECTION((1.,0.,0.));
#7167=IFCDIRECTION((0.,1.,0.));
#7168=IFCDIRECTION((0.,0.,1.));
#7169=IFCCARTESIANTRANSFORMATIONOPERATOR3D(#7166,#7167,#7165,1.,#7168);
#7170=IFCMAPPEDITEM(#7164,#7169);
#7171=IFCSHAPEREPRESENTATION(#11,'Body','MappedRepresentation',(#7170));
#7172=IFCPRODUCTDEFINITIONSHAPE($,$,(#7171));
#7173=IFCRELVOIDSELEMENT('3ITFylLRzF5P7OicLg_FPM',$,$,$,#416,#7144);
#7179=IFCRELFILLSELEMENT('0OpPAAvWPCJf53_MKpuHFr',$,$,$,#7144,#7120);
#7188=IFCCARTESIANPOINTLIST2D(((0.,0.),(0.76832675933837891,0.),(0.76832675933837891,0.89999997615814209),(0.,0.89999997615814209)));
#7189=IFCINDEXEDPOLYCURVE(#7188,(IFCLINEINDEX((1,2,3,4,1))),$);
#7190=IFCCARTESIANPOINTLIST2D(((0.02500000037252903,0.02500000037252903),(0.74332675896584988,0.02500000037252903),(0.74332675896584988,0.87499997578561306),(0.02500000037252903,0.87499997578561306)));
#7191=IFCINDEXEDPOLYCURVE(#7190,(IFCLINEINDEX((1,2,3,4,1))),$);
#7192=IFCARBITRARYPROFILEDEFWITHVOIDS(.AREA.,$,#7189,(#7191));
#7193=IFCCARTESIANPOINT((0.,0.090000001713633537,0.));
#7194=IFCDIRECTION((0.,-1.,0.));
#7195=IFCDIRECTION((1.,0.,0.));
#7196=IFCAXIS2PLACEMENT3D(#7193,#7194,#7195);
#7197=IFCDIRECTION((0.,0.,-1.));
#7198=IFCEXTRUDEDAREASOLID(#7192,#7196,#7197,0.0099999997764825821);
#7199=IFCCARTESIANPOINTLIST2D(((0.,0.),(0.76832675933837891,0.),(0.76832675933837891,0.89999997615814209),(0.,0.89999997615814209)));
#7200=IFCINDEXEDPOLYCURVE(#7199,(IFCLINEINDEX((1,2,3,4,1))),$);
#7201=IFCCARTESIANPOINTLIST2D(((0.05000000074505806,0.05000000074505806),(0.71832675859332085,0.05000000074505806),(0.71832675859332085,0.84999997541308403),(0.05000000074505806,0.84999997541308403)));
#7202=IFCINDEXEDPOLYCURVE(#7201,(IFCLINEINDEX((1,2,3,4,1))),$);
#7203=IFCARBITRARYPROFILEDEFWITHVOIDS(.AREA.,$,#7200,(#7202));
#7204=IFCCARTESIANPOINT((0.,0.05000000074505806,0.));
#7205=IFCDIRECTION((0.,-1.,0.));
#7206=IFCDIRECTION((1.,0.,0.));
#7207=IFCAXIS2PLACEMENT3D(#7204,#7205,#7206);
#7208=IFCDIRECTION((0.,0.,-1.));
#7209=IFCEXTRUDEDAREASOLID(#7203,#7207,#7208,0.040000000968575478);
#7210=IFCCARTESIANPOINTLIST2D(((0.,0.),(0.71832675859332085,0.),(0.71832675859332085,0.84999997541308403),(0.,0.84999997541308403)));
#7211=IFCINDEXEDPOLYCURVE(#7210,(IFCLINEINDEX((1,2,3,4,1))),$);
#7212=IFCCARTESIANPOINTLIST2D(((0.035000000149011612,0.035000000149011612),(0.68332675844430923,0.035000000149011612),(0.68332675844430923,0.81499997526407242),(0.035000000149011612,0.81499997526407242)));
#7213=IFCINDEXEDPOLYCURVE(#7212,(IFCLINEINDEX((1,2,3,4,1))),$);
#7214=IFCARBITRARYPROFILEDEFWITHVOIDS(.AREA.,$,#7211,(#7213));
#7215=IFCCARTESIANPOINT((0.02500000037252903,0.090000001713633537,0.02500000037252903));
#7216=IFCDIRECTION((0.,-1.,0.));
#7217=IFCDIRECTION((1.,0.,0.));
#7218=IFCAXIS2PLACEMENT3D(#7215,#7216,#7217);
#7219=IFCDIRECTION((0.,0.,-1.));
#7220=IFCEXTRUDEDAREASOLID(#7214,#7218,#7219,0.035000000149011612);
#7221=IFCINDEXEDPOLYCURVE(#7222,(IFCLINEINDEX((1,2,3,4,1))),$);
#7222=IFCCARTESIANPOINTLIST2D(((0.035000000149011612,0.035000000149011612),(0.68332675844430923,0.035000000149011612),(0.68332675844430923,0.81499997526407242),(0.035000000149011612,0.81499997526407242)));
#7223=IFCARBITRARYCLOSEDPROFILEDEF(.AREA.,$,#7221);
#7224=IFCCARTESIANPOINT((0.02500000037252903,0.10250000178813934,0.02500000037252903));
#7225=IFCDIRECTION((0.,-1.,0.));
#7226=IFCDIRECTION((1.,0.,0.));
#7227=IFCAXIS2PLACEMENT3D(#7224,#7225,#7226);
#7228=IFCDIRECTION((0.,0.,-1.));
#7229=IFCEXTRUDEDAREASOLID(#7223,#7227,#7228,0.01);
#7231=IFCSHAPEREPRESENTATION(#11,'Body','SweptSolid',(#7680,#7691,#7198,#7209));
#7232=IFCSHAPEASPECT((#7231),'Lining',$,.T.,#7129);
#7233=IFCSHAPEREPRESENTATION(#11,'Body','SweptSolid',(#7702,#7220));
#7234=IFCSHAPEASPECT((#7233),'Framing',$,.T.,#7129);
#7235=IFCSHAPEREPRESENTATION(#11,'Body','SweptSolid',(#7229,#7711));
#7236=IFCSHAPEASPECT((#7235),'Glazing',$,.T.,#7129);
#7294=IFCWINDOWTYPE('3uNX6nIqP6ZOFwP8FWiKyC',$,'Maid-GF',$,$,(#7295),(#7297,#7305,#7353),$,$,.WINDOW.,.SINGLE_PANEL.,$,$);
#7295=IFCPROPERTYSET('1oj4j396bBgRW3Bo18zleG',$,'BBIM_Window',$,(#7296));
#7296=IFCPROPERTYSINGLEVALUE('Data',$,IFCTEXT('{"window_type": "SINGLE_PANEL", "overall_height": 0.8999999761581421, "overall_width": 0.841018557548523, "lining_properties": {"lining_depth": 0.05000000074505806, "lining_thickness": 0.05000000074505806, "lining_offset": 0.05000000074505806, "lining_to_panel_offset_x": 0.02500000037252903, "lining_to_panel_offset_y": 0.02500000037252903}, "panel_properties": {"frame_depth": [0.03500000014901161, 0.03500000014901161, 0.03500000014901161], "frame_thickness": [0.03500000014901161, 0.03500000014901161, 0.03500000014901161]}}'),$);
#7297=IFCREPRESENTATIONMAP(#7298,#7551);
#7298=IFCAXIS2PLACEMENT3D(#7299,#7300,#7301);
#7299=IFCCARTESIANPOINT((0.,0.,0.));
#7300=IFCDIRECTION((0.,0.,1.));
#7301=IFCDIRECTION((1.,0.,0.));
#7305=IFCREPRESENTATIONMAP(#7306,#7594);
#7306=IFCAXIS2PLACEMENT3D(#7307,#7308,#7309);
#7307=IFCCARTESIANPOINT((0.,0.,0.));
#7308=IFCDIRECTION((0.,0.,1.));
#7309=IFCDIRECTION((1.,0.,0.));
#7353=IFCREPRESENTATIONMAP(#7354,#7611);
#7354=IFCAXIS2PLACEMENT3D(#7355,#7356,#7357);
#7355=IFCCARTESIANPOINT((0.,0.,0.));
#7356=IFCDIRECTION((0.,0.,1.));
#7357=IFCDIRECTION((1.,0.,0.));
#7375=IFCWINDOW('0YipEiNOHEEwYhdBvo1mhZ',$,'Window',$,$,#7636,#7384,$,0.89999997615814209,0.84101855754852295,$,.SINGLE_PANEL.,$);
#7376=IFCRELDEFINESBYTYPE('0wp51rQLz9iwxGgGc6E5Cc',$,$,$,(#7375),#7294);
#7377=IFCCARTESIANPOINT((0.,0.,0.));
#7378=IFCDIRECTION((1.,0.,0.));
#7379=IFCDIRECTION((0.,1.,0.));
#7380=IFCDIRECTION((0.,0.,1.));
#7381=IFCCARTESIANTRANSFORMATIONOPERATOR3D(#7378,#7379,#7377,1.,#7380);
#7382=IFCMAPPEDITEM(#7297,#7381);
#7383=IFCSHAPEREPRESENTATION(#18,'Profile','MappedRepresentation',(#7382));
#7384=IFCPRODUCTDEFINITIONSHAPE($,$,(#7383,#7391,#7398));
#7385=IFCCARTESIANPOINT((0.,0.,0.));
#7386=IFCDIRECTION((1.,0.,0.));
#7387=IFCDIRECTION((0.,1.,0.));
#7388=IFCDIRECTION((0.,0.,1.));
#7389=IFCCARTESIANTRANSFORMATIONOPERATOR3D(#7386,#7387,#7385,1.,#7388);
#7390=IFCMAPPEDITEM(#7305,#7389);
#7391=IFCSHAPEREPRESENTATION(#11,'Body','MappedRepresentation',(#7390));
#7392=IFCCARTESIANPOINT((0.,0.,0.));
#7393=IFCDIRECTION((1.,0.,0.));
#7394=IFCDIRECTION((0.,1.,0.));
#7395=IFCDIRECTION((0.,0.,1.));
#7396=IFCCARTESIANTRANSFORMATIONOPERATOR3D(#7393,#7394,#7392,1.,#7395);
#7397=IFCMAPPEDITEM(#7353,#7396);
#7398=IFCSHAPEREPRESENTATION(#24,'Body','MappedRepresentation',(#7397));
#7399=IFCOPENINGELEMENT('1YY4truRjCDQtvn$sTZ2hB',$,'Opening',$,$,#7631,#7427,$,.OPENING.);
#7415=IFCCARTESIANPOINT((0.,0.,0.));
#7416=IFCDIRECTION((1.,0.,0.));
#7417=IFCDIRECTION((0.,0.,1.));
#7418=IFCAXIS2PLACEMENT3D(#7415,#7417,#7416);
#7419=IFCREPRESENTATIONMAP(#7418,#7621);
#7420=IFCCARTESIANPOINT((0.,0.,0.));
#7421=IFCDIRECTION((1.,0.,0.));
#7422=IFCDIRECTION((0.,1.,0.));
#7423=IFCDIRECTION((0.,0.,1.));
#7424=IFCCARTESIANTRANSFORMATIONOPERATOR3D(#7421,#7422,#7420,1.,#7423);
#7425=IFCMAPPEDITEM(#7419,#7424);
#7426=IFCSHAPEREPRESENTATION(#11,'Body','MappedRepresentation',(#7425));
#7427=IFCPRODUCTDEFINITIONSHAPE($,$,(#7426));
#7428=IFCRELVOIDSELEMENT('0XPLdtTGb6ggx$5J2yFF4p',$,$,$,#391,#7399);
#7434=IFCRELFILLSELEMENT('1Zm1WLN4DDPRxc4GKlQjWR',$,$,$,#7399,#7375);
#7443=IFCCARTESIANPOINTLIST2D(((0.,0.),(0.81041145324707031,0.),(0.81041145324707031,0.89999997615814209),(0.,0.89999997615814209)));
#7444=IFCINDEXEDPOLYCURVE(#7443,(IFCLINEINDEX((1,2,3,4,1))),$);
#7445=IFCCARTESIANPOINTLIST2D(((0.02500000037252903,0.02500000037252903),(0.78541145287454128,0.02500000037252903),(0.78541145287454128,0.87499997578561306),(0.02500000037252903,0.87499997578561306)));
#7446=IFCINDEXEDPOLYCURVE(#7445,(IFCLINEINDEX((1,2,3,4,1))),$);
#7447=IFCARBITRARYPROFILEDEFWITHVOIDS(.AREA.,$,#7444,(#7446));
#7448=IFCCARTESIANPOINT((0.,0.090000001713633537,0.));
#7449=IFCDIRECTION((0.,-1.,0.));
#7450=IFCDIRECTION((1.,0.,0.));
#7451=IFCAXIS2PLACEMENT3D(#7448,#7449,#7450);
#7452=IFCDIRECTION((0.,0.,-1.));
#7453=IFCEXTRUDEDAREASOLID(#7447,#7451,#7452,0.0099999997764825821);
#7454=IFCCARTESIANPOINTLIST2D(((0.,0.),(0.81041145324707031,0.),(0.81041145324707031,0.89999997615814209),(0.,0.89999997615814209)));
#7455=IFCINDEXEDPOLYCURVE(#7454,(IFCLINEINDEX((1,2,3,4,1))),$);
#7456=IFCCARTESIANPOINTLIST2D(((0.05000000074505806,0.05000000074505806),(0.76041145250201225,0.05000000074505806),(0.76041145250201225,0.84999997541308403),(0.05000000074505806,0.84999997541308403)));
#7457=IFCINDEXEDPOLYCURVE(#7456,(IFCLINEINDEX((1,2,3,4,1))),$);
#7458=IFCARBITRARYPROFILEDEFWITHVOIDS(.AREA.,$,#7455,(#7457));
#7459=IFCCARTESIANPOINT((0.,0.05000000074505806,0.));
#7460=IFCDIRECTION((0.,-1.,0.));
#7461=IFCDIRECTION((1.,0.,0.));
#7462=IFCAXIS2PLACEMENT3D(#7459,#7460,#7461);
#7463=IFCDIRECTION((0.,0.,-1.));
#7464=IFCEXTRUDEDAREASOLID(#7458,#7462,#7463,0.040000000968575478);
#7465=IFCCARTESIANPOINTLIST2D(((0.,0.),(0.76041145250201225,0.),(0.76041145250201225,0.84999997541308403),(0.,0.84999997541308403)));
#7466=IFCINDEXEDPOLYCURVE(#7465,(IFCLINEINDEX((1,2,3,4,1))),$);
#7467=IFCCARTESIANPOINTLIST2D(((0.035000000149011612,0.035000000149011612),(0.72541145235300064,0.035000000149011612),(0.72541145235300064,0.81499997526407242),(0.035000000149011612,0.81499997526407242)));
#7468=IFCINDEXEDPOLYCURVE(#7467,(IFCLINEINDEX((1,2,3,4,1))),$);
#7469=IFCARBITRARYPROFILEDEFWITHVOIDS(.AREA.,$,#7466,(#7468));
#7470=IFCCARTESIANPOINT((0.02500000037252903,0.090000001713633537,0.02500000037252903));
#7471=IFCDIRECTION((0.,-1.,0.));
#7472=IFCDIRECTION((1.,0.,0.));
#7473=IFCAXIS2PLACEMENT3D(#7470,#7471,#7472);
#7474=IFCDIRECTION((0.,0.,-1.));
#7475=IFCEXTRUDEDAREASOLID(#7469,#7473,#7474,0.035000000149011612);
#7476=IFCINDEXEDPOLYCURVE(#7477,(IFCLINEINDEX((1,2,3,4,1))),$);
#7477=IFCCARTESIANPOINTLIST2D(((0.035000000149011612,0.035000000149011612),(0.72541145235300064,0.035000000149011612),(0.72541145235300064,0.81499997526407242),(0.035000000149011612,0.81499997526407242)));
#7478=IFCARBITRARYCLOSEDPROFILEDEF(.AREA.,$,#7476);
#7479=IFCCARTESIANPOINT((0.02500000037252903,0.10250000178813934,0.02500000037252903));
#7480=IFCDIRECTION((0.,-1.,0.));
#7481=IFCDIRECTION((1.,0.,0.));
#7482=IFCAXIS2PLACEMENT3D(#7479,#7480,#7481);
#7483=IFCDIRECTION((0.,0.,-1.));
#7484=IFCEXTRUDEDAREASOLID(#7478,#7482,#7483,0.01);
#7486=IFCSHAPEREPRESENTATION(#11,'Body','SweptSolid',(#7464,#7453,#7573,#7562));
#7487=IFCSHAPEASPECT((#7486),'Lining',$,.T.,#7384);
#7488=IFCSHAPEREPRESENTATION(#11,'Body','SweptSolid',(#7584,#7475));
#7489=IFCSHAPEASPECT((#7488),'Framing',$,.T.,#7384);
#7490=IFCSHAPEREPRESENTATION(#11,'Body','SweptSolid',(#7593,#7484));
#7491=IFCSHAPEASPECT((#7490),'Glazing',$,.T.,#7384);
#7549=IFCCARTESIANPOINTLIST3D(((0.,0.,0.),(0.84101855754852295,0.,0.),(0.84101855754852295,0.,0.89999997615814209),(0.,0.,0.89999997615814209)));
#7550=IFCINDEXEDPOLYCURVE(#7549,(IFCLINEINDEX((1,2,3,4,1))),$);
#7551=IFCSHAPEREPRESENTATION(#18,'Profile','Curve3D',(#7550));
#7552=IFCCARTESIANPOINTLIST2D(((0.,0.),(0.84101855754852295,0.),(0.84101855754852295,0.89999997615814209),(0.,0.89999997615814209)));
#7553=IFCINDEXEDPOLYCURVE(#7552,(IFCLINEINDEX((1,2,3,4,1))),$);
#7554=IFCCARTESIANPOINTLIST2D(((0.02500000037252903,0.02500000037252903),(0.81601855717599392,0.02500000037252903),(0.81601855717599392,0.87499997578561306),(0.02500000037252903,0.87499997578561306)));
#7555=IFCINDEXEDPOLYCURVE(#7554,(IFCLINEINDEX((1,2,3,4,1))),$);
#7556=IFCARBITRARYPROFILEDEFWITHVOIDS(.AREA.,$,#7553,(#7555));
#7557=IFCCARTESIANPOINT((0.,0.090000001713633537,0.));
#7558=IFCDIRECTION((0.,-1.,0.));
#7559=IFCDIRECTION((1.,0.,0.));
#7560=IFCAXIS2PLACEMENT3D(#7557,#7558,#7559);
#7561=IFCDIRECTION((0.,0.,-1.));
#7562=IFCEXTRUDEDAREASOLID(#7556,#7560,#7561,0.0099999997764825821);
#7563=IFCCARTESIANPOINTLIST2D(((0.,0.),(0.84101855754852295,0.),(0.84101855754852295,0.89999997615814209),(0.,0.89999997615814209)));
#7564=IFCINDEXEDPOLYCURVE(#7563,(IFCLINEINDEX((1,2,3,4,1))),$);
#7565=IFCCARTESIANPOINTLIST2D(((0.05000000074505806,0.05000000074505806),(0.79101855680346489,0.05000000074505806),(0.79101855680346489,0.84999997541308403),(0.05000000074505806,0.84999997541308403)));
#7566=IFCINDEXEDPOLYCURVE(#7565,(IFCLINEINDEX((1,2,3,4,1))),$);
#7567=IFCARBITRARYPROFILEDEFWITHVOIDS(.AREA.,$,#7564,(#7566));
#7568=IFCCARTESIANPOINT((0.,0.05000000074505806,0.));
#7569=IFCDIRECTION((0.,-1.,0.));
#7570=IFCDIRECTION((1.,0.,0.));
#7571=IFCAXIS2PLACEMENT3D(#7568,#7569,#7570);
#7572=IFCDIRECTION((0.,0.,-1.));
#7573=IFCEXTRUDEDAREASOLID(#7567,#7571,#7572,0.040000000968575478);
#7574=IFCCARTESIANPOINTLIST2D(((0.,0.),(0.79101855680346489,0.),(0.79101855680346489,0.84999997541308403),(0.,0.84999997541308403)));
#7575=IFCINDEXEDPOLYCURVE(#7574,(IFCLINEINDEX((1,2,3,4,1))),$);
#7576=IFCCARTESIANPOINTLIST2D(((0.035000000149011612,0.035000000149011612),(0.75601855665445328,0.035000000149011612),(0.75601855665445328,0.81499997526407242),(0.035000000149011612,0.81499997526407242)));
#7577=IFCINDEXEDPOLYCURVE(#7576,(IFCLINEINDEX((1,2,3,4,1))),$);
#7578=IFCARBITRARYPROFILEDEFWITHVOIDS(.AREA.,$,#7575,(#7577));
#7579=IFCCARTESIANPOINT((0.02500000037252903,0.090000001713633537,0.02500000037252903));
#7580=IFCDIRECTION((0.,-1.,0.));
#7581=IFCDIRECTION((1.,0.,0.));
#7582=IFCAXIS2PLACEMENT3D(#7579,#7580,#7581);
#7583=IFCDIRECTION((0.,0.,-1.));
#7584=IFCEXTRUDEDAREASOLID(#7578,#7582,#7583,0.035000000149011612);
#7585=IFCINDEXEDPOLYCURVE(#7586,(IFCLINEINDEX((1,2,3,4,1))),$);
#7586=IFCCARTESIANPOINTLIST2D(((0.035000000149011612,0.035000000149011612),(0.75601855665445328,0.035000000149011612),(0.75601855665445328,0.81499997526407242),(0.035000000149011612,0.81499997526407242)));
#7587=IFCARBITRARYCLOSEDPROFILEDEF(.AREA.,$,#7585);
#7588=IFCCARTESIANPOINT((0.02500000037252903,0.10250000178813934,0.02500000037252903));
#7589=IFCDIRECTION((0.,-1.,0.));
#7590=IFCDIRECTION((1.,0.,0.));
#7591=IFCAXIS2PLACEMENT3D(#7588,#7589,#7590);
#7592=IFCDIRECTION((0.,0.,-1.));
#7593=IFCEXTRUDEDAREASOLID(#7587,#7591,#7592,0.01);
#7594=IFCSHAPEREPRESENTATION(#11,'Body','SweptSolid',(#7562,#7573,#7584,#7593));
#7595=IFCCARTESIANPOINTLIST2D(((0.05000000074505806,0.05000000074505806),(0.79101855680346489,0.05000000074505806)));
#7596=IFCINDEXEDPOLYCURVE(#7595,$,$);
#7597=IFCCARTESIANPOINTLIST2D(((0.,0.10000000149011612),(0.02500000037252903,0.10000000149011612),(0.02500000037252903,0.090000001713633537),(0.05000000074505806,0.090000001713633537),(0.05000000074505806,0.05000000074505806),(0.,0.05000000074505806)));
#7598=IFCINDEXEDPOLYCURVE(#7597,(IFCLINEINDEX((1,2,3,4,5,6,1))),$);
#7599=IFCCARTESIANPOINTLIST2D(((0.84101855754852295,0.10000000149011612),(0.81601855717599392,0.10000000149011612),(0.81601855717599392,0.090000001713633537),(0.79101855680346489,0.090000001713633537),(0.79101855680346489,0.05000000074505806),(0.84101855754852295,0.05000000074505806)));
#7600=IFCINDEXEDPOLYCURVE(#7599,(IFCLINEINDEX((1,2,3,4,5,6,1))),$);
#7601=IFCCARTESIANPOINTLIST2D(((0.02500000037252903,0.090000001713633537),(0.060000000521540642,0.090000001713633537),(0.060000000521540642,0.12500000186264515),(0.02500000037252903,0.12500000186264515)));
#7602=IFCINDEXEDPOLYCURVE(#7601,(IFCLINEINDEX((1,2,3,4,1))),$);
#7603=IFCINDEXEDPOLYCURVE(#7604,(IFCLINEINDEX((1,2,3,4,1))),$);
#7604=IFCCARTESIANPOINTLIST2D(((0.81601855717599392,0.090000001713633537),(0.78101855702698231,0.090000001713633537),(0.78101855702698231,0.12500000186264515),(0.81601855717599392,0.12500000186264515)));
#7605=IFCCARTESIANPOINTLIST2D(((0.060000000521540642,0.090000001713633537),(0.78101855702698231,0.090000001713633537)));
#7606=IFCINDEXEDPOLYCURVE(#7605,$,$);
#7607=IFCINDEXEDPOLYCURVE(#7608,$,$);
#7608=IFCCARTESIANPOINTLIST2D(((0.060000000521540642,0.12500000186264515),(0.78101855702698231,0.12500000186264515)));
#7609=IFCINDEXEDPOLYCURVE(#7610,$,$);
#7610=IFCCARTESIANPOINTLIST2D(((0.060000000521540642,0.10750000178813934),(0.78101855702698231,0.10750000178813934)));
#7611=IFCSHAPEREPRESENTATION(#24,'Body','Curve2D',(#7596,#7598,#7600,#7602,#7603,#7606,#7607,#7609));
#7612=IFCCARTESIANPOINTLIST2D(((0.,0.),(0.84101855754852295,0.),(0.84101855754852295,0.89999997615814209),(0.,0.89999997615814209)));
#7613=IFCINDEXEDPOLYCURVE(#7612,(IFCLINEINDEX((1,2,3,4,1))),$);
#7614=IFCARBITRARYCLOSEDPROFILEDEF(.AREA.,$,#7613);
#7615=IFCCARTESIANPOINT((0.,-0.60000002384185791,0.));
#7616=IFCDIRECTION((0.,-1.,0.));
#7617=IFCDIRECTION((1.,0.,0.));
#7618=IFCAXIS2PLACEMENT3D(#7615,#7616,#7617);
#7619=IFCDIRECTION((0.,0.,-1.));
#7620=IFCEXTRUDEDAREASOLID(#7614,#7618,#7619,1.2);
#7621=IFCSHAPEREPRESENTATION(#11,'Body','SweptSolid',(#7620));
#7627=IFCCARTESIANPOINT((0.75093709201027459,6.5970361617928575E-08,1.));
#7628=IFCDIRECTION((0.,0.,1.));
#7629=IFCDIRECTION((0.99999999999995448,-3.0199159084529453E-07,0.));
#7630=IFCAXIS2PLACEMENT3D(#7627,#7628,#7629);
#7631=IFCLOCALPLACEMENT(#1724,#7630);
#7632=IFCCARTESIANPOINT((1.0408340855860843E-16,0.,0.));
#7633=IFCDIRECTION((0.,0.,1.));
#7634=IFCDIRECTION((1.,-5.2939559203393771E-23,0.));
#7635=IFCAXIS2PLACEMENT3D(#7632,#7633,#7634);
#7636=IFCLOCALPLACEMENT(#7631,#7635);
#7667=IFCCARTESIANPOINTLIST3D(((0.,0.,0.),(0.83843839168548584,0.,0.),(0.83843839168548584,0.,0.89999997615814209),(0.,0.,0.89999997615814209)));
#7668=IFCINDEXEDPOLYCURVE(#7667,(IFCLINEINDEX((1,2,3,4,1))),$);
#7669=IFCSHAPEREPRESENTATION(#18,'Profile','Curve3D',(#7668));
#7670=IFCCARTESIANPOINTLIST2D(((0.,0.),(0.83843839168548584,0.),(0.83843839168548584,0.89999997615814209),(0.,0.89999997615814209)));
#7671=IFCINDEXEDPOLYCURVE(#7670,(IFCLINEINDEX((1,2,3,4,1))),$);
#7672=IFCCARTESIANPOINTLIST2D(((0.02500000037252903,0.02500000037252903),(0.81343839131295681,0.02500000037252903),(0.81343839131295681,0.87499997578561306),(0.02500000037252903,0.87499997578561306)));
#7673=IFCINDEXEDPOLYCURVE(#7672,(IFCLINEINDEX((1,2,3,4,1))),$);
#7674=IFCARBITRARYPROFILEDEFWITHVOIDS(.AREA.,$,#7671,(#7673));
#7675=IFCCARTESIANPOINT((0.,0.090000001713633537,0.));
#7676=IFCDIRECTION((0.,-1.,0.));
#7677=IFCDIRECTION((1.,0.,0.));
#7678=IFCAXIS2PLACEMENT3D(#7675,#7676,#7677);
#7679=IFCDIRECTION((0.,0.,-1.));
#7680=IFCEXTRUDEDAREASOLID(#7674,#7678,#7679,0.0099999997764825821);
#7681=IFCCARTESIANPOINTLIST2D(((0.,0.),(0.83843839168548584,0.),(0.83843839168548584,0.89999997615814209),(0.,0.89999997615814209)));
#7682=IFCINDEXEDPOLYCURVE(#7681,(IFCLINEINDEX((1,2,3,4,1))),$);
#7683=IFCCARTESIANPOINTLIST2D(((0.05000000074505806,0.05000000074505806),(0.78843839094042778,0.05000000074505806),(0.78843839094042778,0.84999997541308403),(0.05000000074505806,0.84999997541308403)));
#7684=IFCINDEXEDPOLYCURVE(#7683,(IFCLINEINDEX((1,2,3,4,1))),$);
#7685=IFCARBITRARYPROFILEDEFWITHVOIDS(.AREA.,$,#7682,(#7684));
#7686=IFCCARTESIANPOINT((0.,0.05000000074505806,0.));
#7687=IFCDIRECTION((0.,-1.,0.));
#7688=IFCDIRECTION((1.,0.,0.));
#7689=IFCAXIS2PLACEMENT3D(#7686,#7687,#7688);
#7690=IFCDIRECTION((0.,0.,-1.));
#7691=IFCEXTRUDEDAREASOLID(#7685,#7689,#7690,0.040000000968575478);
#7692=IFCCARTESIANPOINTLIST2D(((0.,0.),(0.78843839094042778,0.),(0.78843839094042778,0.84999997541308403),(0.,0.84999997541308403)));
#7693=IFCINDEXEDPOLYCURVE(#7692,(IFCLINEINDEX((1,2,3,4,1))),$);
#7694=IFCCARTESIANPOINTLIST2D(((0.035000000149011612,0.035000000149011612),(0.75343839079141617,0.035000000149011612),(0.75343839079141617,0.81499997526407242),(0.035000000149011612,0.81499997526407242)));
#7695=IFCINDEXEDPOLYCURVE(#7694,(IFCLINEINDEX((1,2,3,4,1))),$);
#7696=IFCARBITRARYPROFILEDEFWITHVOIDS(.AREA.,$,#7693,(#7695));
#7697=IFCCARTESIANPOINT((0.02500000037252903,0.090000001713633537,0.02500000037252903));
#7698=IFCDIRECTION((0.,-1.,0.));
#7699=IFCDIRECTION((1.,0.,0.));
#7700=IFCAXIS2PLACEMENT3D(#7697,#7698,#7699);
#7701=IFCDIRECTION((0.,0.,-1.));
#7702=IFCEXTRUDEDAREASOLID(#7696,#7700,#7701,0.035000000149011612);
#7703=IFCINDEXEDPOLYCURVE(#7704,(IFCLINEINDEX((1,2,3,4,1))),$);
#7704=IFCCARTESIANPOINTLIST2D(((0.035000000149011612,0.035000000149011612),(0.75343839079141617,0.035000000149011612),(0.75343839079141617,0.81499997526407242),(0.035000000149011612,0.81499997526407242)));
#7705=IFCARBITRARYCLOSEDPROFILEDEF(.AREA.,$,#7703);
#7706=IFCCARTESIANPOINT((0.02500000037252903,0.10250000178813934,0.02500000037252903));
#7707=IFCDIRECTION((0.,-1.,0.));
#7708=IFCDIRECTION((1.,0.,0.));
#7709=IFCAXIS2PLACEMENT3D(#7706,#7707,#7708);
#7710=IFCDIRECTION((0.,0.,-1.));
#7711=IFCEXTRUDEDAREASOLID(#7705,#7709,#7710,0.01);
#7712=IFCSHAPEREPRESENTATION(#11,'Body','SweptSolid',(#7680,#7691,#7702,#7711));
#7713=IFCCARTESIANPOINTLIST2D(((0.05000000074505806,0.05000000074505806),(0.78843839094042778,0.05000000074505806)));
#7714=IFCINDEXEDPOLYCURVE(#7713,$,$);
#7715=IFCCARTESIANPOINTLIST2D(((0.,0.10000000149011612),(0.02500000037252903,0.10000000149011612),(0.02500000037252903,0.090000001713633537),(0.05000000074505806,0.090000001713633537),(0.05000000074505806,0.05000000074505806),(0.,0.05000000074505806)));
#7716=IFCINDEXEDPOLYCURVE(#7715,(IFCLINEINDEX((1,2,3,4,5,6,1))),$);
#7717=IFCCARTESIANPOINTLIST2D(((0.83843839168548584,0.10000000149011612),(0.81343839131295681,0.10000000149011612),(0.81343839131295681,0.090000001713633537),(0.78843839094042778,0.090000001713633537),(0.78843839094042778,0.05000000074505806),(0.83843839168548584,0.05000000074505806)));
#7718=IFCINDEXEDPOLYCURVE(#7717,(IFCLINEINDEX((1,2,3,4,5,6,1))),$);
#7719=IFCCARTESIANPOINTLIST2D(((0.02500000037252903,0.090000001713633537),(0.060000000521540642,0.090000001713633537),(0.060000000521540642,0.12500000186264515),(0.02500000037252903,0.12500000186264515)));
#7720=IFCINDEXEDPOLYCURVE(#7719,(IFCLINEINDEX((1,2,3,4,1))),$);
#7721=IFCINDEXEDPOLYCURVE(#7722,(IFCLINEINDEX((1,2,3,4,1))),$);
#7722=IFCCARTESIANPOINTLIST2D(((0.81343839131295681,0.090000001713633537),(0.7784383911639452,0.090000001713633537),(0.7784383911639452,0.12500000186264515),(0.81343839131295681,0.12500000186264515)));
#7723=IFCCARTESIANPOINTLIST2D(((0.060000000521540642,0.090000001713633537),(0.7784383911639452,0.090000001713633537)));
#7724=IFCINDEXEDPOLYCURVE(#7723,$,$);
#7725=IFCINDEXEDPOLYCURVE(#7726,$,$);
#7726=IFCCARTESIANPOINTLIST2D(((0.060000000521540642,0.12500000186264515),(0.7784383911639452,0.12500000186264515)));
#7727=IFCINDEXEDPOLYCURVE(#7728,$,$);
#7728=IFCCARTESIANPOINTLIST2D(((0.060000000521540642,0.10750000178813934),(0.7784383911639452,0.10750000178813934)));
#7729=IFCSHAPEREPRESENTATION(#24,'Body','Curve2D',(#7714,#7716,#7718,#7720,#7721,#7724,#7725,#7727));
#7730=IFCCARTESIANPOINTLIST2D(((0.,0.),(0.83843839168548584,0.),(0.83843839168548584,0.89999997615814209),(0.,0.89999997615814209)));
#7731=IFCINDEXEDPOLYCURVE(#7730,(IFCLINEINDEX((1,2,3,4,1))),$);
#7732=IFCARBITRARYCLOSEDPROFILEDEF(.AREA.,$,#7731);
#7733=IFCCARTESIANPOINT((0.,-0.60000002384185791,0.));
#7734=IFCDIRECTION((0.,-1.,0.));
#7735=IFCDIRECTION((1.,0.,0.));
#7736=IFCAXIS2PLACEMENT3D(#7733,#7734,#7735);
#7737=IFCDIRECTION((0.,0.,-1.));
#7738=IFCEXTRUDEDAREASOLID(#7732,#7736,#7737,1.2);
#7739=IFCSHAPEREPRESENTATION(#11,'Body','SweptSolid',(#7738));
#7745=IFCCARTESIANPOINT((2.9797108892693789,7.2871242151606452E-07,1.));
#7746=IFCDIRECTION((0.,0.,1.));
#7747=IFCDIRECTION((0.99999999999999289,1.1920928244535129E-07,0.));
#7748=IFCAXIS2PLACEMENT3D(#7745,#7746,#7747);
#7749=IFCLOCALPLACEMENT(#561,#7748);
#7750=IFCCARTESIANPOINT((-1.3322676295501878E-15,0.,0.));
#7751=IFCDIRECTION((0.,0.,1.));
#7752=IFCDIRECTION((1.,0.,0.));
#7753=IFCAXIS2PLACEMENT3D(#7750,#7751,#7752);
#7754=IFCLOCALPLACEMENT(#7749,#7753);
#7765=IFCSLAB('2Rnceeign8aOeGKStcH2tV',$,'Slab',$,$,#10246,#7780,$,$);
#7766=IFCRELCONTAINEDINSPATIALSTRUCTURE('1n5MvEd9D7rPELhGga3TR5',$,$,$,(#12869,#11160,#11780,#8126,#8949,#9025,#8026,#8151,#7976,#12399,#11603,#10423,#13260,#8987,#8076,#8101,#7925,#9932,#8001,#8879,#8750,#9155,#7765,#12560),#39);
#7767=IFCMATERIALLAYERSETUSAGE(#2011,.AXIS3.,.POSITIVE.,-0.10000000149011612,$);
#7768=IFCRELASSOCIATESMATERIAL('1br80CnMPEXuQCpgTjdRtA',$,$,$,(#7765),#7767);
#7774=IFCCARTESIANPOINTLIST2D(((0.,0.),(4.76837158203125E-07,9.0700006484985352),(-3.4699983596801758,9.0700006484985352),(-3.4699983596801758,7.5528173446655273),(-7.016322135925293,7.5528173446655273),(-7.0163211822509766,2.4528172016143799),(-4.0017762184143066,2.4528172016143799),(-4.0017766952514648,4.76837158203125E-07),(0.,0.)));
#7775=IFCINDEXEDPOLYCURVE(#7774,$,$);
#7776=IFCDIRECTION((0.,0.,1.));
#7777=IFCARBITRARYCLOSEDPROFILEDEF(.AREA.,$,#7775);
#7778=IFCEXTRUDEDAREASOLID(#7777,#7787,#7776,0.10000000000000001);
#7779=IFCSHAPEREPRESENTATION(#11,'Body','SweptSolid',(#7778));
#7780=IFCPRODUCTDEFINITIONSHAPE($,$,(#7779));
#7781=IFCPROPERTYSET('1yXMNFHcD9wgMkT6qaKZH$',$,'EPset_Parametric',$,(#7783));
#7782=IFCRELDEFINESBYPROPERTIES('0jiUZDbKL5wOfW9f4_9pSJ',$,$,$,(#7765),#7781);
#7783=IFCPROPERTYSINGLEVALUE('Engine',$,IFCLABEL('Bonsai.DumbLayer3'),$);
#7784=IFCCARTESIANPOINT((-0.,-0.,-0.10000000149011612));
#7785=IFCDIRECTION((0.,0.,1.));
#7786=IFCDIRECTION((1.,0.,0.));
#7787=IFCAXIS2PLACEMENT3D(#7784,#7785,#7786);
#7788=IFCROOFTYPE('0fmPyJTGL2ugUwAWDeMrKx',$,'ROOF',$,$,(#7789),(#7818,#7846),$,$,.HIP_ROOF.);
#7789=IFCPROPERTYSET('3h11ikngr0IQixlnltshG3',$,'BBIM_Roof',$,(#7790));
#7790=IFCPROPERTYSINGLEVALUE('Data',$,IFCTEXT('{"roof_type": "HIP/GABLE ROOF", "generation_method": "ANGLE", "roof_thickness": 0.10000000149011612, "rafter_edge_angle": 1.5707963705062866, "angle": 0.1745329201221466, "percentage": 17.63269805908203, "path_data": {"edges": [[0, 1], [1, 2], [2, 3], [3, 0]], "verts": [[-5.0, -5.0, 0.0], [-5.0, 5.0, 0.0], [5.0, 5.0, 0.0], [5.0, -5.0, 0.0]]}}'),$);
#7814=IFCCARTESIANPOINT((0.,0.,0.));
#7815=IFCDIRECTION((1.,0.,0.));
#7816=IFCDIRECTION((0.,0.,1.));
#7817=IFCAXIS2PLACEMENT3D(#7814,#7816,#7815);
#7818=IFCREPRESENTATIONMAP(#7817,#7837);
#7819=IFCINDEXEDPOLYGONALFACE((3,1,2));
#7820=IFCINDEXEDPOLYGONALFACE((2,4,3));
#7821=IFCINDEXEDPOLYGONALFACE((1,3,5));
#7822=IFCINDEXEDPOLYGONALFACE((4,5,3));
#7823=IFCINDEXEDPOLYGONALFACE((6,7,8));
#7824=IFCINDEXEDPOLYGONALFACE((8,2,1));
#7825=IFCINDEXEDPOLYGONALFACE((8,1,6));
#7826=IFCINDEXEDPOLYGONALFACE((8,7,9));
#7827=IFCINDEXEDPOLYGONALFACE((2,8,9));
#7828=IFCINDEXEDPOLYGONALFACE((2,9,4));
#7829=IFCINDEXEDPOLYGONALFACE((10,7,6));
#7830=IFCINDEXEDPOLYGONALFACE((6,1,5));
#7831=IFCINDEXEDPOLYGONALFACE((6,5,10));
#7832=IFCINDEXEDPOLYGONALFACE((9,7,10));
#7833=IFCINDEXEDPOLYGONALFACE((4,9,10));
#7834=IFCINDEXEDPOLYGONALFACE((4,10,5));
#7835=IFCCARTESIANPOINTLIST3D(((-5.,-5.,0.),(5.,-5.,0.),(0.,0.,0.88163489103317261),(5.,5.,0.),(-5.,5.,0.),(-5.,-5.,-0.10154265910387039),(0.,0.,0.78009223937988281),(5.,-5.,-0.10154265910387039),(5.,5.,-0.10154265910387039),(-5.,5.,-0.10154265910387039)));
#7836=IFCPOLYGONALFACESET(#7835,.T.,(#7819,#7820,#7821,#7822,#7823,#7824,#7825,#7826,#7827,#7828,#7829,#7830,#7831,#7832,#7833,#7834),$);
#7837=IFCSHAPEREPRESENTATION(#11,'Body','Tessellation',(#7836));
#7839=IFCCARTESIANPOINT((-5.,-5.,-0.10154265910387039));
#7840=IFCBOUNDINGBOX(#7839,10.,10.,0.9831775426864624);
#7841=IFCSHAPEREPRESENTATION(#13,'Box','BoundingBox',(#7840));
#7842=IFCCARTESIANPOINT((0.,0.,0.));
#7843=IFCDIRECTION((1.,0.,0.));
#7844=IFCDIRECTION((0.,0.,1.));
#7845=IFCAXIS2PLACEMENT3D(#7842,#7844,#7843);
#7846=IFCREPRESENTATIONMAP(#7845,#7841);
#7874=IFCWALLTYPE('1cGML9FETAxvzH$9qrqWml',$,'Wall-2F',$,$,(#7875),$,$,$,.SOLIDWALL.);
#7875=IFCPROPERTYSET('0$$INu9R57teRGUFCBRgnl',$,'EPset_Parametric',$,(#7876));
#7876=IFCPROPERTYSINGLEVALUE('LayerSetDirection',$,IFCLABEL('AXIS2'),$);
#7877=IFCRELASSOCIATESMATERIAL('1j$oWXy0TAVO_FlP8nbTQf',$,$,$,(#7874),#7878);
#7878=IFCMATERIALLAYERSET((#7879),$,$);
#7879=IFCMATERIALLAYER(#81,0.10000000000000001,$,$,$,$,$);
#7925=IFCWALL('1m8fhMSLf86AjDoty9E8mY',$,'Wall',$,$,#10276,#7932,$,$);
#7926=IFCRELDEFINESBYTYPE('3j6tHDN_P7geOyyiqXwItO',$,$,$,(#8126,#8026,#8076,#8101,#8001,#7925,#8151,#7976),#7874);
#7927=IFCMATERIALLAYERSETUSAGE(#7878,.AXIS2.,.POSITIVE.,0.,$);
#7928=IFCRELASSOCIATESMATERIAL('0YbQQMBGP2S8THusmZEtA6',$,$,$,(#7925),#7927);
#7932=IFCPRODUCTDEFINITIONSHAPE($,$,(#13628,#13625));
#7948=IFCPROPERTYSET('3jTvCxEbX9JP1mhZE5Uq$_',$,'EPset_Parametric',$,(#7950));
#7949=IFCRELDEFINESBYPROPERTIES('1gr1whMBH5M8bD1meYRI7F',$,$,$,(#7925),#7948);
#7950=IFCPROPERTYSINGLEVALUE('Engine',$,IFCLABEL('Bonsai.DumbLayer2'),$);
#7976=IFCWALL('3IPlc9KN9CbO9iw8Ys9OJl',$,'Wall',$,$,#10301,#7982,$,$);
#7977=IFCMATERIALLAYERSETUSAGE(#7878,.AXIS2.,.POSITIVE.,0.,$);
#7978=IFCRELASSOCIATESMATERIAL('3IMqHeqz5DcOKeHKFY2kOH',$,$,$,(#7976),#7977);
#7982=IFCPRODUCTDEFINITIONSHAPE($,$,(#8860,#8857));
#7998=IFCPROPERTYSET('0wWYYWM_53hPNXsf0Q$LAI',$,'EPset_Parametric',$,(#8000));
#7999=IFCRELDEFINESBYPROPERTIES('1vH9yDz01EMxhO2aEC6tAQ',$,$,$,(#7976),#7998);
#8000=IFCPROPERTYSINGLEVALUE('Engine',$,IFCLABEL('Bonsai.DumbLayer2'),$);
#8001=IFCWALL('2xxVkjNA5AER0Gol2qvVRc',$,'Wall',$,$,#10251,#8007,$,$);
#8002=IFCMATERIALLAYERSETUSAGE(#7878,.AXIS2.,.POSITIVE.,0.,$);
#8003=IFCRELASSOCIATESMATERIAL('2LyXerPa1DgOvGXI0mZ2pK',$,$,$,(#8001),#8002);
#8007=IFCPRODUCTDEFINITIONSHAPE($,$,(#8428,#8425));
#8023=IFCPROPERTYSET('0IxLM7Ee11oRwZ9MvWIuS4',$,'EPset_Parametric',$,(#8025));
#8024=IFCRELDEFINESBYPROPERTIES('2VxboN5b98v98MmBtZPsFp',$,$,$,(#8001),#8023);
#8025=IFCPROPERTYSINGLEVALUE('Engine',$,IFCLABEL('Bonsai.DumbLayer2'),$);
#8026=IFCWALL('0f4_5y2690xw5qdo2nTrGF',$,'Wall',$,$,#10256,#8032,$,$);
#8027=IFCMATERIALLAYERSETUSAGE(#7878,.AXIS2.,.POSITIVE.,0.,$);
#8028=IFCRELASSOCIATESMATERIAL('3uUfz1wFDC0wRjtZiIWL6n',$,$,$,(#8026),#8027);
#8032=IFCPRODUCTDEFINITIONSHAPE($,$,(#8801,#8798));
#8048=IFCPROPERTYSET('0TLMu4u21EABo_EsAtAtUa',$,'EPset_Parametric',$,(#8050));
#8049=IFCRELDEFINESBYPROPERTIES('3Wm9iS4YXBZgvS_uUH4gXC',$,$,$,(#8026),#8048);
#8050=IFCPROPERTYSINGLEVALUE('Engine',$,IFCLABEL('Bonsai.DumbLayer2'),$);
#8076=IFCWALL('26yhIiTAvDUQGRUN_xBwFP',$,'Wall',$,$,#10296,#8082,$,$);
#8077=IFCMATERIALLAYERSETUSAGE(#7878,.AXIS2.,.POSITIVE.,0.,$);
#8078=IFCRELASSOCIATESMATERIAL('3YWmrpWY9DHg6$tJg314QY',$,$,$,(#8076),#8077);
#8082=IFCPRODUCTDEFINITIONSHAPE($,$,(#8841,#8838));
#8098=IFCPROPERTYSET('2Pikko1ODCGgDeQxRWjgC4',$,'EPset_Parametric',$,(#8100));
#8099=IFCRELDEFINESBYPROPERTIES('2E4Aqric962x_8h6ma3qre',$,$,$,(#8076),#8098);
#8100=IFCPROPERTYSINGLEVALUE('Engine',$,IFCLABEL('Bonsai.DumbLayer2'),$);
#8101=IFCWALL('3Z1k1B_P9EMv43vIORnfE_',$,'Wall',$,$,#10261,#8107,$,$);
#8102=IFCMATERIALLAYERSETUSAGE(#7878,.AXIS2.,.POSITIVE.,0.,$);
#8103=IFCRELASSOCIATESMATERIAL('1gH8lWkmH709LmqIqhJIXf',$,$,$,(#8101),#8102);
#8107=IFCPRODUCTDEFINITIONSHAPE($,$,(#8556,#8553));
#8123=IFCPROPERTYSET('30vcQZVCPB$O388HqIVMzq',$,'EPset_Parametric',$,(#8125));
#8124=IFCRELDEFINESBYPROPERTIES('1Md3_Ra_PE8vUoYO$f0oxJ',$,$,$,(#8101),#8123);
#8125=IFCPROPERTYSINGLEVALUE('Engine',$,IFCLABEL('Bonsai.DumbLayer2'),$);
#8126=IFCWALL('1R$bkWXab8dezPyfbHqecb',$,'Wall',$,$,#10266,#8132,$,$);
#8127=IFCMATERIALLAYERSETUSAGE(#7878,.AXIS2.,.POSITIVE.,0.,$);
#8128=IFCRELASSOCIATESMATERIAL('3HI6fZKdr15OCClGtVtKXX',$,$,$,(#8126),#8127);
#8132=IFCPRODUCTDEFINITIONSHAPE($,$,(#8588,#8585));
#8148=IFCPROPERTYSET('33Ba1svzr4nuh1vfe1CLri',$,'EPset_Parametric',$,(#8150));
#8149=IFCRELDEFINESBYPROPERTIES('3d4aIdkFXAXxTn3_RGpJce',$,$,$,(#8126),#8148);
#8150=IFCPROPERTYSINGLEVALUE('Engine',$,IFCLABEL('Bonsai.DumbLayer2'),$);
#8151=IFCWALL('2VrLDtMhXCqhieKDcy7f7Q',$,'Wall',$,$,#10271,#8157,$,$);
#8152=IFCMATERIALLAYERSETUSAGE(#7878,.AXIS2.,.POSITIVE.,0.,$);
#8153=IFCRELASSOCIATESMATERIAL('2JN6ETv2P1gQaORxGtJRYo',$,$,$,(#8151),#8152);
#8157=IFCPRODUCTDEFINITIONSHAPE($,$,(#8602,#8599));
#8173=IFCPROPERTYSET('01WqPpQyrF0xDURYgsbD77',$,'EPset_Parametric',$,(#8175));
#8174=IFCRELDEFINESBYPROPERTIES('22Jb8uCsr4WhRngqvpzGAY',$,$,$,(#8151),#8173);
#8175=IFCPROPERTYSINGLEVALUE('Engine',$,IFCLABEL('Bonsai.DumbLayer2'),$);
#8365=IFCRELCONNECTSPATHELEMENTS('0xsfEC3Mz15O5BFgc78YH5',$,$,$,$,#8001,#7976,(),(),.ATEND.,.ATSTART.);
#8397=IFCRELCONNECTSPATHELEMENTS('3tn_Uxztz2BQ0zsw7w4gCt',$,$,$,$,#8026,#8001,(),(),.ATEND.,.ATSTART.);
#8416=IFCCARTESIANPOINTLIST2D(((0.,0.),(0.10000004649123768,0.10000000000000001),(7.0500009890303046,0.10000000000000001),(7.150000981480515,0.)));
#8417=IFCINDEXEDPOLYCURVE(#8416,(IFCLINEINDEX((1,2,3,4,1))),$);
#8418=IFCARBITRARYCLOSEDPROFILEDEF(.AREA.,$,#8417);
#8419=IFCCARTESIANPOINT((0.,0.,0.));
#8420=IFCDIRECTION((0.,0.,1.));
#8421=IFCDIRECTION((1.,0.,0.));
#8422=IFCAXIS2PLACEMENT3D(#8419,#8420,#8421);
#8423=IFCDIRECTION((0.,0.,1.));
#8424=IFCEXTRUDEDAREASOLID(#8418,#8422,#8423,3.);
#8425=IFCSHAPEREPRESENTATION(#11,'Body','SweptSolid',(#8424));
#8426=IFCCARTESIANPOINTLIST2D(((0.,0.),(7.150000981480515,0.)));
#8427=IFCINDEXEDPOLYCURVE(#8426,$,$);
#8428=IFCSHAPEREPRESENTATION(#23,'Axis','Curve2D',(#8427));
#8493=IFCRELCONNECTSPATHELEMENTS('3MTvzeyE14iQbNhzQmo312',$,$,$,$,#8101,#8076,(),(),.ATEND.,.ATSTART.);
#8525=IFCRELCONNECTSPATHELEMENTS('1T0yL$aJf6ZOURnm3EvOC1',$,$,$,$,#8126,#8101,(),(),.ATEND.,.ATSTART.);
#8544=IFCCARTESIANPOINTLIST2D(((0.,0.),(-0.10000004013393446,0.10000000000000001),(0.79999997802688871,0.10000000000000001),(0.8999999943189585,0.)));
#8545=IFCINDEXEDPOLYCURVE(#8544,(IFCLINEINDEX((1,2,3,4,1))),$);
#8546=IFCARBITRARYCLOSEDPROFILEDEF(.AREA.,$,#8545);
#8547=IFCCARTESIANPOINT((0.,0.,0.));
#8548=IFCDIRECTION((0.,0.,1.));
#8549=IFCDIRECTION((1.,0.,0.));
#8550=IFCAXIS2PLACEMENT3D(#8547,#8548,#8549);
#8551=IFCDIRECTION((0.,0.,1.));
#8552=IFCEXTRUDEDAREASOLID(#8546,#8550,#8551,3.);
#8553=IFCSHAPEREPRESENTATION(#11,'Body','SweptSolid',(#8552));
#8554=IFCCARTESIANPOINTLIST2D(((0.,0.),(0.8999999943189585,0.)));
#8555=IFCINDEXEDPOLYCURVE(#8554,$,$);
#8556=IFCSHAPEREPRESENTATION(#23,'Axis','Curve2D',(#8555));
#8557=IFCRELCONNECTSPATHELEMENTS('1YM5KN6WfF6hGWEzHd27z_',$,$,$,$,#8151,#8126,(),(),.ATEND.,.ATSTART.);
#8576=IFCCARTESIANPOINTLIST2D(((0.,0.),(0.10000001629206984,0.10000000000000001),(2.2900000206639608,0.10000000000000001),(2.3900000131141708,0.)));
#8577=IFCINDEXEDPOLYCURVE(#8576,(IFCLINEINDEX((1,2,3,4,1))),$);
#8578=IFCARBITRARYCLOSEDPROFILEDEF(.AREA.,$,#8577);
#8579=IFCCARTESIANPOINT((0.,0.,0.));
#8580=IFCDIRECTION((0.,0.,1.));
#8581=IFCDIRECTION((1.,0.,0.));
#8582=IFCAXIS2PLACEMENT3D(#8579,#8580,#8581);
#8583=IFCDIRECTION((0.,0.,1.));
#8584=IFCEXTRUDEDAREASOLID(#8578,#8582,#8583,3.);
#8585=IFCSHAPEREPRESENTATION(#11,'Body','SweptSolid',(#8584));
#8586=IFCCARTESIANPOINTLIST2D(((0.,0.),(2.3900000131141708,0.)));
#8587=IFCINDEXEDPOLYCURVE(#8586,$,$);
#8588=IFCSHAPEREPRESENTATION(#23,'Axis','Curve2D',(#8587));
#8589=IFCRELCONNECTSPATHELEMENTS('0SP6zWo5T7IxAhB9iraDHG',$,$,$,$,#8151,#7925,(),(),.ATSTART.,.ATEND.);
#8590=IFCCARTESIANPOINTLIST2D(((0.,0.),(0.099999992450210157,0.10000000000000001),(9.5380782137391886,0.10000000000000001),(9.6380782125467004,0.)));
#8591=IFCINDEXEDPOLYCURVE(#8590,(IFCLINEINDEX((1,2,3,4,1))),$);
#8592=IFCARBITRARYCLOSEDPROFILEDEF(.AREA.,$,#8591);
#8593=IFCCARTESIANPOINT((0.,0.,0.));
#8594=IFCDIRECTION((0.,0.,1.));
#8595=IFCDIRECTION((1.,0.,0.));
#8596=IFCAXIS2PLACEMENT3D(#8593,#8594,#8595);
#8597=IFCDIRECTION((0.,0.,1.));
#8598=IFCEXTRUDEDAREASOLID(#8592,#8596,#8597,3.);
#8599=IFCSHAPEREPRESENTATION(#11,'Body','SweptSolid',(#8598));
#8600=IFCCARTESIANPOINTLIST2D(((0.,0.),(9.6380782125467004,0.)));
#8601=IFCINDEXEDPOLYCURVE(#8600,$,$);
#8602=IFCSHAPEREPRESENTATION(#23,'Axis','Curve2D',(#8601));
#8750=IFCWALL('3tH0aqZ3T1oh9rBamLo_nK',$,'Wall',$,$,#13605,#8756,$,$);
#8751=IFCMATERIALLAYERSETUSAGE(#82,.AXIS2.,.POSITIVE.,0.,$);
#8752=IFCRELASSOCIATESMATERIAL('2qpmOZtCv1Uh4rgOMfJ8f4',$,$,$,(#8750),#8751);
#8756=IFCPRODUCTDEFINITIONSHAPE($,$,(#13600,#13597));
#8772=IFCPROPERTYSET('1PkTIEOwv3NRg$AT9QZ4JJ',$,'EPset_Parametric',$,(#8774));
#8773=IFCRELDEFINESBYPROPERTIES('1R0D5fcxT90fZWZtYIIV49',$,$,$,(#8750),#8772);
#8774=IFCPROPERTYSINGLEVALUE('Engine',$,IFCLABEL('Bonsai.DumbLayer2'),$);
#8788=IFCRELCONNECTSPATHELEMENTS('0BldgzCoTD9udfmOp7LrG0',$,$,$,$,#8026,#8750,(),(),.ATPATH.,.ATEND.);
#8789=IFCCARTESIANPOINTLIST2D(((0.,0.),(0.099999992450210171,0.10000000000000001),(3.5481885151454216,0.10000000000000001),(3.5481885226952117,0.)));
#8790=IFCINDEXEDPOLYCURVE(#8789,(IFCLINEINDEX((1,2,3,4,1))),$);
#8791=IFCARBITRARYCLOSEDPROFILEDEF(.AREA.,$,#8790);
#8792=IFCCARTESIANPOINT((0.,0.,0.));
#8793=IFCDIRECTION((0.,0.,1.));
#8794=IFCDIRECTION((1.,0.,0.));
#8795=IFCAXIS2PLACEMENT3D(#8792,#8793,#8794);
#8796=IFCDIRECTION((0.,0.,1.));
#8797=IFCEXTRUDEDAREASOLID(#8791,#8795,#8796,3.);
#8798=IFCSHAPEREPRESENTATION(#11,'Body','SweptSolid',(#8797));
#8799=IFCCARTESIANPOINTLIST2D(((0.,0.),(3.5481885226952117,0.)));
#8800=IFCINDEXEDPOLYCURVE(#8799,$,$);
#8801=IFCSHAPEREPRESENTATION(#23,'Axis','Curve2D',(#8800));
#8815=IFCRELCONNECTSPATHELEMENTS('2eDupcVIP0cf3pOdwAyRXA',$,$,$,$,#8750,#8076,(),(),.ATSTART.,.ATEND.);
#8829=IFCCARTESIANPOINTLIST2D(((0.,0.),(0.10000001629206913,0.10000000000000001),(1.6739992621717554,0.10000000000000001),(1.5739992220378212,0.)));
#8830=IFCINDEXEDPOLYCURVE(#8829,(IFCLINEINDEX((1,2,3,4,1))),$);
#8831=IFCARBITRARYCLOSEDPROFILEDEF(.AREA.,$,#8830);
#8832=IFCCARTESIANPOINT((0.,0.,0.));
#8833=IFCDIRECTION((0.,0.,1.));
#8834=IFCDIRECTION((1.,0.,0.));
#8835=IFCAXIS2PLACEMENT3D(#8832,#8833,#8834);
#8836=IFCDIRECTION((0.,0.,1.));
#8837=IFCEXTRUDEDAREASOLID(#8831,#8835,#8836,3.);
#8838=IFCSHAPEREPRESENTATION(#11,'Body','SweptSolid',(#8837));
#8839=IFCCARTESIANPOINTLIST2D(((0.,0.),(1.5739992220378212,0.)));
#8840=IFCINDEXEDPOLYCURVE(#8839,$,$);
#8841=IFCSHAPEREPRESENTATION(#23,'Axis','Curve2D',(#8840));
#8847=IFCRELCONNECTSPATHELEMENTS('2nkudyAYb2hR5Pr_Dwrks3',$,$,$,$,#7976,#8750,(),(),.ATPATH.,.ATSTART.);
#8848=IFCCARTESIANPOINTLIST2D(((0.,0.),(-4.6491226868285151E-08,0.10000000000000001),(3.4481884762043467,0.10000000000000001),(3.5481885226955843,0.)));
#8849=IFCINDEXEDPOLYCURVE(#8848,(IFCLINEINDEX((1,2,3,4,1))),$);
#8850=IFCARBITRARYCLOSEDPROFILEDEF(.AREA.,$,#8849);
#8851=IFCCARTESIANPOINT((0.,0.,0.));
#8852=IFCDIRECTION((0.,0.,1.));
#8853=IFCDIRECTION((1.,0.,0.));
#8854=IFCAXIS2PLACEMENT3D(#8851,#8852,#8853);
#8855=IFCDIRECTION((0.,0.,1.));
#8856=IFCEXTRUDEDAREASOLID(#8850,#8854,#8855,3.);
#8857=IFCSHAPEREPRESENTATION(#11,'Body','SweptSolid',(#8856));
#8858=IFCCARTESIANPOINTLIST2D(((0.,0.),(3.5481885226955843,0.)));
#8859=IFCINDEXEDPOLYCURVE(#8858,$,$);
#8860=IFCSHAPEREPRESENTATION(#23,'Axis','Curve2D',(#8859));
#8879=IFCWALL('3ueC6f4CzDCOe8Qa4lNJr7',$,'Wall',$,$,#10306,#8885,$,$);
#8880=IFCMATERIALLAYERSETUSAGE(#82,.AXIS2.,.POSITIVE.,0.,$);
#8881=IFCRELASSOCIATESMATERIAL('3vCj3KAojENOCRwEcpftvb',$,$,$,(#8879),#8880);
#8885=IFCPRODUCTDEFINITIONSHAPE($,$,(#8930,#8927));
#8901=IFCPROPERTYSET('1kDN_jXT15JP5PNszuVYYy',$,'EPset_Parametric',$,(#8903));
#8902=IFCRELDEFINESBYPROPERTIES('080AdpoxPBcvrxqJHCobrQ',$,$,$,(#8879),#8901);
#8903=IFCPROPERTYSINGLEVALUE('Engine',$,IFCLABEL('Bonsai.DumbLayer2'),$);
#8917=IFCRELCONNECTSPATHELEMENTS('1wE6dQHlL2ygtuQLsAcmI4',$,$,$,$,#8879,#8750,(),(),.ATPATH.,.ATSTART.);
#8918=IFCCARTESIANPOINTLIST2D(((0.,0.),(7.5497901264043321E-09,0.10000000000000001),(3.4482171712546972,0.10000000000000001),(3.4482171712546972,0.)));
#8919=IFCINDEXEDPOLYCURVE(#8918,(IFCLINEINDEX((1,2,3,4,1))),$);
#8920=IFCARBITRARYCLOSEDPROFILEDEF(.AREA.,$,#8919);
#8921=IFCCARTESIANPOINT((0.,0.,0.));
#8922=IFCDIRECTION((0.,0.,1.));
#8923=IFCDIRECTION((1.,0.,0.));
#8924=IFCAXIS2PLACEMENT3D(#8921,#8922,#8923);
#8925=IFCDIRECTION((0.,0.,1.));
#8926=IFCEXTRUDEDAREASOLID(#8920,#8924,#8925,3.);
#8927=IFCSHAPEREPRESENTATION(#11,'Body','SweptSolid',(#8926));
#8928=IFCCARTESIANPOINTLIST2D(((0.,0.),(3.4482171712546972,0.)));
#8929=IFCINDEXEDPOLYCURVE(#8928,$,$);
#8930=IFCSHAPEREPRESENTATION(#23,'Axis','Curve2D',(#8929));
#8949=IFCWALL('0fuKbmAdv4HfrJ$bznakHc',$,'Wall',$,$,#10311,#8955,$,$);
#8950=IFCMATERIALLAYERSETUSAGE(#82,.AXIS2.,.POSITIVE.,0.,$);
#8951=IFCRELASSOCIATESMATERIAL('2bLC4ZjzrA0urB3T98zsv5',$,$,$,(#8949),#8950);
#8955=IFCPRODUCTDEFINITIONSHAPE($,$,(#8986,#8983));
#8971=IFCPROPERTYSET('0RduRc6AH4yO$bBkNKHwr2',$,'EPset_Parametric',$,(#8973));
#8972=IFCRELDEFINESBYPROPERTIES('1EjDx6xnT0XPJIrWo7YNvj',$,$,$,(#8949),#8971);
#8973=IFCPROPERTYSINGLEVALUE('Engine',$,IFCLABEL('Bonsai.DumbLayer2'),$);
#8974=IFCCARTESIANPOINTLIST2D(((0.,0.),(0.,0.10000000000000001),(3.763999493151978,0.10000000000000001),(3.763999493151978,0.)));
#8975=IFCINDEXEDPOLYCURVE(#8974,(IFCLINEINDEX((1,2,3,4,1))),$);
#8976=IFCARBITRARYCLOSEDPROFILEDEF(.AREA.,$,#8975);
#8977=IFCCARTESIANPOINT((0.,0.,0.));
#8978=IFCDIRECTION((0.,0.,1.));
#8979=IFCDIRECTION((1.,0.,0.));
#8980=IFCAXIS2PLACEMENT3D(#8977,#8978,#8979);
#8981=IFCDIRECTION((0.,0.,1.));
#8982=IFCEXTRUDEDAREASOLID(#8976,#8980,#8981,3.);
#8983=IFCSHAPEREPRESENTATION(#11,'Body','SweptSolid',(#8982));
#8984=IFCCARTESIANPOINTLIST2D(((0.,0.),(3.763999493151978,0.)));
#8985=IFCINDEXEDPOLYCURVE(#8984,$,$);
#8986=IFCSHAPEREPRESENTATION(#23,'Axis','Curve2D',(#8985));
#8987=IFCWALL('1kR$_WlXjCGuP4Zc8wqUsq',$,'Wall',$,$,#10316,#8993,$,$);
#8988=IFCMATERIALLAYERSETUSAGE(#82,.AXIS2.,.POSITIVE.,0.,$);
#8989=IFCRELASSOCIATESMATERIAL('0RqEMfYazEpRWdTrq00uA_',$,$,$,(#8987),#8988);
#8993=IFCPRODUCTDEFINITIONSHAPE($,$,(#9024,#9021));
#9009=IFCPROPERTYSET('33VXu39N50mhQTzPWiYWU0',$,'EPset_Parametric',$,(#9011));
#9010=IFCRELDEFINESBYPROPERTIES('3p3oOiSX1CORbONFwtKWfi',$,$,$,(#8987),#9009);
#9011=IFCPROPERTYSINGLEVALUE('Engine',$,IFCLABEL('Bonsai.DumbLayer2'),$);
#9012=IFCCARTESIANPOINTLIST2D(((0.,0.),(0.,0.10000000000000001),(3.7676954473616959,0.10000000000000001),(3.7676954473616959,0.)));
#9013=IFCINDEXEDPOLYCURVE(#9012,(IFCLINEINDEX((1,2,3,4,1))),$);
#9014=IFCARBITRARYCLOSEDPROFILEDEF(.AREA.,$,#9013);
#9015=IFCCARTESIANPOINT((0.,0.,0.));
#9016=IFCDIRECTION((0.,0.,1.));
#9017=IFCDIRECTION((1.,0.,0.));
#9018=IFCAXIS2PLACEMENT3D(#9015,#9016,#9017);
#9019=IFCDIRECTION((0.,0.,1.));
#9020=IFCEXTRUDEDAREASOLID(#9014,#9018,#9019,3.);
#9021=IFCSHAPEREPRESENTATION(#11,'Body','SweptSolid',(#9020));
#9022=IFCCARTESIANPOINTLIST2D(((0.,0.),(3.7676954473616959,0.)));
#9023=IFCINDEXEDPOLYCURVE(#9022,$,$);
#9024=IFCSHAPEREPRESENTATION(#23,'Axis','Curve2D',(#9023));
#9025=IFCSLAB('2S49FJd7vA$Q8XvZb3b0pk',$,'Slab',$,$,#10321,#9039,$,$);
#9026=IFCMATERIALLAYERSETUSAGE(#2011,.AXIS3.,.POSITIVE.,-0.10000000149011612,$);
#9027=IFCRELASSOCIATESMATERIAL('0EDBpMDNb7ueG5NhkJJe9V',$,$,$,(#9025),#9026);
#9033=IFCCARTESIANPOINTLIST2D(((0.,0.),(9.5367431640625E-07,9.6380786895751953),(-3.9639997482299805,9.6380786895751953),(-3.9639997482299805,8.6480779647827148),(-7.5121879577636719,8.6480789184570312),(-7.5121889114379883,-2.47955322265625E-05),(0.,0.)));
#9034=IFCINDEXEDPOLYCURVE(#9033,$,$);
#9035=IFCDIRECTION((0.,0.,1.));
#9036=IFCARBITRARYCLOSEDPROFILEDEF(.AREA.,$,#9034);
#9037=IFCEXTRUDEDAREASOLID(#9036,#9046,#9035,0.10000000000000001);
#9038=IFCSHAPEREPRESENTATION(#11,'Body','SweptSolid',(#9037));
#9039=IFCPRODUCTDEFINITIONSHAPE($,$,(#9038));
#9040=IFCPROPERTYSET('13t1S3qwn7XQgNrBnOubbY',$,'EPset_Parametric',$,(#9042));
#9041=IFCRELDEFINESBYPROPERTIES('0__2GtfXv1jhvp_yK1JDQ3',$,$,$,(#9025),#9040);
#9042=IFCPROPERTYSINGLEVALUE('Engine',$,IFCLABEL('Bonsai.DumbLayer3'),$);
#9043=IFCCARTESIANPOINT((-0.,-0.,-0.10000000149011612));
#9044=IFCDIRECTION((0.,0.,1.));
#9045=IFCDIRECTION((1.,0.,0.));
#9046=IFCAXIS2PLACEMENT3D(#9043,#9044,#9045);
#9047=IFCDOORTYPE('2sfL9rXcT9HvS79wTKDb5q',$,'CR-2F',$,$,(#9048),(#9050,#9058,#9136),$,$,.DOOR.,.SINGLE_SWING_LEFT.,$,$);
#9048=IFCPROPERTYSET('0LVE04k6bCK8HjLQDTC08l',$,'BBIM_Door',$,(#9049));
#9049=IFCPROPERTYSINGLEVALUE('Data',$,IFCTEXT('{"door_type": "SINGLE_SWING_LEFT", "overall_height": 2.0, "overall_width": 0.7623394727706909, "lining_properties": {"lining_depth": 0.05000000074505806, "lining_thickness": 0.05000000074505806, "lining_offset": 0.0, "lining_to_panel_offset_x": 0.02500000037252903, "lining_to_panel_offset_y": 0.02500000037252903, "transom_thickness": 0.0, "casing_thickness": 0.07500000298023224, "casing_depth": 0.0010000000474974513, "threshold_thickness": 0.02500000037252903, "threshold_depth": 0.10000000149011612, "threshold_offset": 0.0}, "panel_properties": {"panel_depth": 0.03500000014901161, "panel_width_ratio": 1.0}}'),$);
#9050=IFCREPRESENTATIONMAP(#9051,#9571);
#9051=IFCAXIS2PLACEMENT3D(#9052,#9053,#9054);
#9052=IFCCARTESIANPOINT((0.,0.,0.));
#9053=IFCDIRECTION((0.,0.,1.));
#9054=IFCDIRECTION((1.,0.,0.));
#9058=IFCREPRESENTATIONMAP(#9059,#9644);
#9059=IFCAXIS2PLACEMENT3D(#9060,#9061,#9062);
#9060=IFCCARTESIANPOINT((0.,0.,0.));
#9061=IFCDIRECTION((0.,0.,1.));
#9062=IFCDIRECTION((1.,0.,0.));
#9136=IFCREPRESENTATIONMAP(#9137,#9658);
#9137=IFCAXIS2PLACEMENT3D(#9138,#9139,#9140);
#9138=IFCCARTESIANPOINT((0.,0.,0.));
#9139=IFCDIRECTION((0.,0.,1.));
#9140=IFCDIRECTION((1.,0.,0.));
#9155=IFCDOOR('2ai2Bb$cv67R$xnbk$JpOG',$,'Door',$,$,#9683,#9164,$,2.,0.76233947277069092,$,.SINGLE_SWING_LEFT.,$);
#9156=IFCRELDEFINESBYTYPE('1wo6yMWI19DxgfK4cb8sR5',$,$,$,(#9155),#9047);
#9157=IFCCARTESIANPOINT((0.,0.,0.));
#9158=IFCDIRECTION((1.,0.,0.));
#9159=IFCDIRECTION((0.,1.,0.));
#9160=IFCDIRECTION((0.,0.,1.));
#9161=IFCCARTESIANTRANSFORMATIONOPERATOR3D(#9158,#9159,#9157,1.,#9160);
#9162=IFCMAPPEDITEM(#9050,#9161);
#9163=IFCSHAPEREPRESENTATION(#18,'Profile','MappedRepresentation',(#9162));
#9164=IFCPRODUCTDEFINITIONSHAPE($,$,(#9163,#9171,#9178));
#9165=IFCCARTESIANPOINT((0.,0.,0.));
#9166=IFCDIRECTION((1.,0.,0.));
#9167=IFCDIRECTION((0.,1.,0.));
#9168=IFCDIRECTION((0.,0.,1.));
#9169=IFCCARTESIANTRANSFORMATIONOPERATOR3D(#9166,#9167,#9165,1.,#9168);
#9170=IFCMAPPEDITEM(#9058,#9169);
#9171=IFCSHAPEREPRESENTATION(#11,'Body','MappedRepresentation',(#9170));
#9172=IFCCARTESIANPOINT((0.,0.,0.));
#9173=IFCDIRECTION((1.,0.,0.));
#9174=IFCDIRECTION((0.,1.,0.));
#9175=IFCDIRECTION((0.,0.,1.));
#9176=IFCCARTESIANTRANSFORMATIONOPERATOR3D(#9173,#9174,#9172,1.,#9175);
#9177=IFCMAPPEDITEM(#9136,#9176);
#9178=IFCSHAPEREPRESENTATION(#24,'Body','MappedRepresentation',(#9177));
#9179=IFCOPENINGELEMENT('3ti$i48ovFBwDW4byRTfRw',$,'Opening',$,$,#9678,#9207,$,.OPENING.);
#9195=IFCCARTESIANPOINT((0.,0.,0.));
#9196=IFCDIRECTION((1.,0.,0.));
#9197=IFCDIRECTION((0.,0.,1.));
#9198=IFCAXIS2PLACEMENT3D(#9195,#9197,#9196);
#9199=IFCREPRESENTATIONMAP(#9198,#9668);
#9200=IFCCARTESIANPOINT((0.,0.,0.));
#9201=IFCDIRECTION((1.,0.,0.));
#9202=IFCDIRECTION((0.,1.,0.));
#9203=IFCDIRECTION((0.,0.,1.));
#9204=IFCCARTESIANTRANSFORMATIONOPERATOR3D(#9201,#9202,#9200,1.,#9203);
#9205=IFCMAPPEDITEM(#9199,#9204);
#9206=IFCSHAPEREPRESENTATION(#11,'Body','MappedRepresentation',(#9205));
#9207=IFCPRODUCTDEFINITIONSHAPE($,$,(#9206));
#9208=IFCRELVOIDSELEMENT('2hx2A$dAL1wvOstjjAq08T',$,$,$,#8987,#9179);
#9214=IFCRELFILLSELEMENT('3sWMX8Ag90AunASSKa5eMV',$,$,$,#9179,#9155);
#9223=IFCCARTESIANPOINTLIST2D(((0.,0.),(0.,2.),(0.7898259162902832,2.),(0.7898259162902832,0.),(0.76482591591775417,0.),(0.76482591591775417,1.974999999627471),(0.02500000037252903,1.974999999627471),(0.02500000037252903,0.)));
#9224=IFCINDEXEDPOLYCURVE(#9223,(IFCLINEINDEX((1,2,3,4,5,6,7,8,1))),$);
#9225=IFCARBITRARYCLOSEDPROFILEDEF(.AREA.,$,#9224);
#9226=IFCCARTESIANPOINT((0.,0.02500000037252903,0.));
#9227=IFCDIRECTION((0.,-1.,0.));
#9228=IFCDIRECTION((1.,0.,0.));
#9229=IFCAXIS2PLACEMENT3D(#9226,#9227,#9228);
#9230=IFCDIRECTION((0.,0.,-1.));
#9231=IFCEXTRUDEDAREASOLID(#9225,#9229,#9230,0.02500000037252903);
#9232=IFCCARTESIANPOINTLIST2D(((0.,0.),(0.,2.),(0.7898259162902832,2.),(0.7898259162902832,0.),(0.73982591554522514,0.),(0.73982591554522514,1.9499999992549419),(0.05000000074505806,1.9499999992549419),(0.05000000074505806,0.)));
#9233=IFCINDEXEDPOLYCURVE(#9232,(IFCLINEINDEX((1,2,3,4,5,6,7,8,1))),$);
#9234=IFCARBITRARYCLOSEDPROFILEDEF(.AREA.,$,#9233);
#9235=IFCCARTESIANPOINT((0.,0.,0.));
#9236=IFCDIRECTION((0.,-1.,0.));
#9237=IFCDIRECTION((1.,0.,0.));
#9238=IFCAXIS2PLACEMENT3D(#9235,#9236,#9237);
#9239=IFCDIRECTION((0.,0.,-1.));
#9240=IFCEXTRUDEDAREASOLID(#9234,#9238,#9239,0.02500000037252903);
#9241=IFCCARTESIANPOINTLIST2D(((0.,0.),(0.68982591480016708,0.),(0.68982591480016708,0.10000000149011612),(0.,0.10000000149011612)));
#9242=IFCINDEXEDPOLYCURVE(#9241,(IFCLINEINDEX((1,2,3,4,1))),$);
#9243=IFCARBITRARYCLOSEDPROFILEDEF(.AREA.,$,#9242);
#9244=IFCCARTESIANPOINT((0.05000000074505806,0.,0.));
#9245=IFCDIRECTION((0.,0.,1.));
#9246=IFCDIRECTION((1.,0.,0.));
#9247=IFCAXIS2PLACEMENT3D(#9244,#9245,#9246);
#9248=IFCDIRECTION((0.,0.,1.));
#9249=IFCEXTRUDEDAREASOLID(#9243,#9247,#9248,0.02500000037252903);
#9250=IFCCARTESIANPOINTLIST2D(((0.,0.),(0.,2.0250000022351742),(0.83982592076063156,2.0250000022351742),(0.83982592076063156,0.),(0.76482591778039932,0.),(0.76482591778039932,1.9499999992549419),(0.075000002980232239,1.9499999992549419),(0.075000002980232239,0.)));
#9251=IFCINDEXEDPOLYCURVE(#9250,(IFCLINEINDEX((1,2,3,4,5,6,7,8,1))),$);
#9252=IFCARBITRARYCLOSEDPROFILEDEF(.AREA.,$,#9251);
#9253=IFCCARTESIANPOINT((-0.025000002235174179,-0.0010000000474974513,0.));
#9254=IFCDIRECTION((0.,-1.,0.));
#9255=IFCDIRECTION((1.,0.,0.));
#9256=IFCAXIS2PLACEMENT3D(#9253,#9254,#9255);
#9257=IFCDIRECTION((0.,0.,-1.));
#9258=IFCEXTRUDEDAREASOLID(#9252,#9256,#9257,0.0010000000474974513);
#9259=IFCCARTESIANPOINTLIST2D(((0.,0.),(0.,2.0250000022351742),(0.83982592076063156,2.0250000022351742),(0.83982592076063156,0.),(0.78982591815292835,0.),(0.78982591815292835,1.974999999627471),(0.050000002607703209,1.974999999627471),(0.050000002607703209,0.)));
#9260=IFCINDEXEDPOLYCURVE(#9259,(IFCLINEINDEX((1,2,3,4,5,6,7,8,1))),$);
#9261=IFCARBITRARYCLOSEDPROFILEDEF(.AREA.,$,#9260);
#9262=IFCCARTESIANPOINT((-0.025000002235174179,0.05000000074505806,0.));
#9263=IFCDIRECTION((0.,-1.,0.));
#9264=IFCDIRECTION((1.,0.,0.));
#9265=IFCAXIS2PLACEMENT3D(#9262,#9263,#9264);
#9266=IFCDIRECTION((0.,0.,-1.));
#9267=IFCEXTRUDEDAREASOLID(#9261,#9265,#9266,0.0010000000474974513);
#9268=IFCCARTESIANPOINTLIST2D(((0.,0.),(0.73982591554522514,0.),(0.73982591554522514,0.035000000149011612),(0.,0.035000000149011612)));
#9269=IFCINDEXEDPOLYCURVE(#9268,(IFCLINEINDEX((1,2,3,4,1))),$);
#9270=IFCARBITRARYCLOSEDPROFILEDEF(.AREA.,$,#9269);
#9271=IFCCARTESIANPOINT((0.02500000037252903,0.02500000037252903,0.02500000037252903));
#9272=IFCDIRECTION((0.,0.,1.));
#9273=IFCDIRECTION((1.,0.,0.));
#9274=IFCAXIS2PLACEMENT3D(#9271,#9272,#9273);
#9275=IFCDIRECTION((0.,0.,1.));
#9276=IFCEXTRUDEDAREASOLID(#9270,#9274,#9275,1.9499999992549419);
#9277=IFCCARTESIANPOINTLIST2D(((0.,0.),(0.,-0.040000000000000001),(-0.11999999999999988,-0.040000000000000001),(-0.11999999999999988,-0.02),(-0.020000000000000018,-0.02),(-0.020000000000000018,0.)));
#9278=IFCINDEXEDPOLYCURVE(#9277,(IFCLINEINDEX((1,2,3,4,5,6,1))),$);
#9279=IFCARBITRARYCLOSEDPROFILEDEF(.AREA.,$,#9278);
#9280=IFCCARTESIANPOINT((0.71482591591775413,0.02500000037252903,1.015000000372529));
#9281=IFCDIRECTION((0.,0.,1.));
#9282=IFCDIRECTION((1.,0.,0.));
#9283=IFCAXIS2PLACEMENT3D(#9280,#9281,#9282);
#9284=IFCDIRECTION((0.,0.,1.));
#9285=IFCEXTRUDEDAREASOLID(#9279,#9283,#9284,0.02);
#9286=IFCEXTRUDEDAREASOLID(#9287,#9290,#9294,0.02);
#9287=IFCARBITRARYCLOSEDPROFILEDEF(.AREA.,$,#9288);
#9288=IFCINDEXEDPOLYCURVE(#9289,(IFCLINEINDEX((1,2,3,4,5,6,1))),$);
#9289=IFCCARTESIANPOINTLIST2D(((0.,0.),(0.,0.040000000000000008),(-0.11999999999999988,0.040000000000000008),(-0.11999999999999988,0.020000000000000004),(-0.020000000000000018,0.020000000000000004),(-0.020000000000000018,0.)));
#9290=IFCAXIS2PLACEMENT3D(#9291,#9292,#9293);
#9291=IFCCARTESIANPOINT((0.71482591591775413,0.060000000521540642,1.015000000372529));
#9292=IFCDIRECTION((0.,0.,1.));
#9293=IFCDIRECTION((1.,0.,0.));
#9294=IFCDIRECTION((0.,0.,1.));
#9296=IFCSHAPEREPRESENTATION(#11,'Body','SweptSolid',(#9501,#9249,#9359,#9240,#9231,#9492,#9580,#9350,#9483,#9474,#9616,#9386,#9465,#9368,#9607,#9377,#9598,#9589,#9267,#9258));
#9297=IFCSHAPEASPECT((#9296),'Lining',$,.T.,#9164);
#9298=IFCSHAPEREPRESENTATION(#11,'Body','SweptSolid',(#9395,#9404,#9519,#9625,#9520,#9634,#9510,#9285,#9635,#9276,#9405,#9286));
#9299=IFCSHAPEASPECT((#9298),'Framing',$,.T.,#9164);
#9342=IFCCARTESIANPOINTLIST2D(((0.,0.),(0.,2.),(0.7898259162902832,2.),(0.7898259162902832,0.),(0.76482591591775417,0.),(0.76482591591775417,1.974999999627471),(0.02500000037252903,1.974999999627471),(0.02500000037252903,0.)));
#9343=IFCINDEXEDPOLYCURVE(#9342,(IFCLINEINDEX((1,2,3,4,5,6,7,8,1))),$);
#9344=IFCARBITRARYCLOSEDPROFILEDEF(.AREA.,$,#9343);
#9345=IFCCARTESIANPOINT((0.,0.02500000037252903,0.));
#9346=IFCDIRECTION((0.,-1.,0.));
#9347=IFCDIRECTION((1.,0.,0.));
#9348=IFCAXIS2PLACEMENT3D(#9345,#9346,#9347);
#9349=IFCDIRECTION((0.,0.,-1.));
#9350=IFCEXTRUDEDAREASOLID(#9344,#9348,#9349,0.02500000037252903);
#9351=IFCCARTESIANPOINTLIST2D(((0.,0.),(0.,2.),(0.7898259162902832,2.),(0.7898259162902832,0.),(0.73982591554522514,0.),(0.73982591554522514,1.9499999992549419),(0.05000000074505806,1.9499999992549419),(0.05000000074505806,0.)));
#9352=IFCINDEXEDPOLYCURVE(#9351,(IFCLINEINDEX((1,2,3,4,5,6,7,8,1))),$);
#9353=IFCARBITRARYCLOSEDPROFILEDEF(.AREA.,$,#9352);
#9354=IFCCARTESIANPOINT((0.,0.,0.));
#9355=IFCDIRECTION((0.,-1.,0.));
#9356=IFCDIRECTION((1.,0.,0.));
#9357=IFCAXIS2PLACEMENT3D(#9354,#9355,#9356);
#9358=IFCDIRECTION((0.,0.,-1.));
#9359=IFCEXTRUDEDAREASOLID(#9353,#9357,#9358,0.02500000037252903);
#9360=IFCCARTESIANPOINTLIST2D(((0.,0.),(0.68982591480016708,0.),(0.68982591480016708,0.10000000149011612),(0.,0.10000000149011612)));
#9361=IFCINDEXEDPOLYCURVE(#9360,(IFCLINEINDEX((1,2,3,4,1))),$);
#9362=IFCARBITRARYCLOSEDPROFILEDEF(.AREA.,$,#9361);
#9363=IFCCARTESIANPOINT((0.05000000074505806,0.,0.));
#9364=IFCDIRECTION((0.,0.,1.));
#9365=IFCDIRECTION((1.,0.,0.));
#9366=IFCAXIS2PLACEMENT3D(#9363,#9364,#9365);
#9367=IFCDIRECTION((0.,0.,1.));
#9368=IFCEXTRUDEDAREASOLID(#9362,#9366,#9367,0.02500000037252903);
#9369=IFCCARTESIANPOINTLIST2D(((0.,0.),(0.,2.0250000022351742),(0.83982592076063156,2.0250000022351742),(0.83982592076063156,0.),(0.76482591778039932,0.),(0.76482591778039932,1.9499999992549419),(0.075000002980232239,1.9499999992549419),(0.075000002980232239,0.)));
#9370=IFCINDEXEDPOLYCURVE(#9369,(IFCLINEINDEX((1,2,3,4,5,6,7,8,1))),$);
#9371=IFCARBITRARYCLOSEDPROFILEDEF(.AREA.,$,#9370);
#9372=IFCCARTESIANPOINT((-0.025000002235174179,-0.0010000000474974513,0.));
#9373=IFCDIRECTION((0.,-1.,0.));
#9374=IFCDIRECTION((1.,0.,0.));
#9375=IFCAXIS2PLACEMENT3D(#9372,#9373,#9374);
#9376=IFCDIRECTION((0.,0.,-1.));
#9377=IFCEXTRUDEDAREASOLID(#9371,#9375,#9376,0.0010000000474974513);
#9378=IFCCARTESIANPOINTLIST2D(((0.,0.),(0.,2.0250000022351742),(0.83982592076063156,2.0250000022351742),(0.83982592076063156,0.),(0.78982591815292835,0.),(0.78982591815292835,1.974999999627471),(0.050000002607703209,1.974999999627471),(0.050000002607703209,0.)));
#9379=IFCINDEXEDPOLYCURVE(#9378,(IFCLINEINDEX((1,2,3,4,5,6,7,8,1))),$);
#9380=IFCARBITRARYCLOSEDPROFILEDEF(.AREA.,$,#9379);
#9381=IFCCARTESIANPOINT((-0.025000002235174179,0.05000000074505806,0.));
#9382=IFCDIRECTION((0.,-1.,0.));
#9383=IFCDIRECTION((1.,0.,0.));
#9384=IFCAXIS2PLACEMENT3D(#9381,#9382,#9383);
#9385=IFCDIRECTION((0.,0.,-1.));
#9386=IFCEXTRUDEDAREASOLID(#9380,#9384,#9385,0.0010000000474974513);
#9387=IFCCARTESIANPOINTLIST2D(((0.,0.),(0.73982591554522514,0.),(0.73982591554522514,0.035000000149011612),(0.,0.035000000149011612)));
#9388=IFCINDEXEDPOLYCURVE(#9387,(IFCLINEINDEX((1,2,3,4,1))),$);
#9389=IFCARBITRARYCLOSEDPROFILEDEF(.AREA.,$,#9388);
#9390=IFCCARTESIANPOINT((0.02500000037252903,0.02500000037252903,0.02500000037252903));
#9391=IFCDIRECTION((0.,0.,1.));
#9392=IFCDIRECTION((1.,0.,0.));
#9393=IFCAXIS2PLACEMENT3D(#9390,#9391,#9392);
#9394=IFCDIRECTION((0.,0.,1.));
#9395=IFCEXTRUDEDAREASOLID(#9389,#9393,#9394,1.9499999992549419);
#9396=IFCCARTESIANPOINTLIST2D(((0.,0.),(0.,-0.040000000000000001),(-0.11999999999999988,-0.040000000000000001),(-0.11999999999999988,-0.02),(-0.020000000000000018,-0.02),(-0.020000000000000018,0.)));
#9397=IFCINDEXEDPOLYCURVE(#9396,(IFCLINEINDEX((1,2,3,4,5,6,1))),$);
#9398=IFCARBITRARYCLOSEDPROFILEDEF(.AREA.,$,#9397);
#9399=IFCCARTESIANPOINT((0.71482591591775413,0.02500000037252903,1.015000000372529));
#9400=IFCDIRECTION((0.,0.,1.));
#9401=IFCDIRECTION((1.,0.,0.));
#9402=IFCAXIS2PLACEMENT3D(#9399,#9400,#9401);
#9403=IFCDIRECTION((0.,0.,1.));
#9404=IFCEXTRUDEDAREASOLID(#9398,#9402,#9403,0.02);
#9405=IFCEXTRUDEDAREASOLID(#9406,#9409,#9413,0.02);
#9406=IFCARBITRARYCLOSEDPROFILEDEF(.AREA.,$,#9407);
#9407=IFCINDEXEDPOLYCURVE(#9408,(IFCLINEINDEX((1,2,3,4,5,6,1))),$);
#9408=IFCCARTESIANPOINTLIST2D(((0.,0.),(0.,0.040000000000000008),(-0.11999999999999988,0.040000000000000008),(-0.11999999999999988,0.020000000000000004),(-0.020000000000000018,0.020000000000000004),(-0.020000000000000018,0.)));
#9409=IFCAXIS2PLACEMENT3D(#9410,#9411,#9412);
#9410=IFCCARTESIANPOINT((0.71482591591775413,0.060000000521540642,1.015000000372529));
#9411=IFCDIRECTION((0.,0.,1.));
#9412=IFCDIRECTION((1.,0.,0.));
#9413=IFCDIRECTION((0.,0.,1.));
#9457=IFCCARTESIANPOINTLIST2D(((0.,0.),(0.,2.),(0.76233947277069092,2.),(0.76233947277069092,0.),(0.73733947239816189,0.),(0.73733947239816189,1.974999999627471),(0.02500000037252903,1.974999999627471),(0.02500000037252903,0.)));
#9458=IFCINDEXEDPOLYCURVE(#9457,(IFCLINEINDEX((1,2,3,4,5,6,7,8,1))),$);
#9459=IFCARBITRARYCLOSEDPROFILEDEF(.AREA.,$,#9458);
#9460=IFCCARTESIANPOINT((0.,0.02500000037252903,0.));
#9461=IFCDIRECTION((0.,-1.,0.));
#9462=IFCDIRECTION((1.,0.,0.));
#9463=IFCAXIS2PLACEMENT3D(#9460,#9461,#9462);
#9464=IFCDIRECTION((0.,0.,-1.));
#9465=IFCEXTRUDEDAREASOLID(#9459,#9463,#9464,0.02500000037252903);
#9466=IFCCARTESIANPOINTLIST2D(((0.,0.),(0.,2.),(0.76233947277069092,2.),(0.76233947277069092,0.),(0.71233947202563286,0.),(0.71233947202563286,1.9499999992549419),(0.05000000074505806,1.9499999992549419),(0.05000000074505806,0.)));
#9467=IFCINDEXEDPOLYCURVE(#9466,(IFCLINEINDEX((1,2,3,4,5,6,7,8,1))),$);
#9468=IFCARBITRARYCLOSEDPROFILEDEF(.AREA.,$,#9467);
#9469=IFCCARTESIANPOINT((0.,0.,0.));
#9470=IFCDIRECTION((0.,-1.,0.));
#9471=IFCDIRECTION((1.,0.,0.));
#9472=IFCAXIS2PLACEMENT3D(#9469,#9470,#9471);
#9473=IFCDIRECTION((0.,0.,-1.));
#9474=IFCEXTRUDEDAREASOLID(#9468,#9472,#9473,0.02500000037252903);
#9475=IFCCARTESIANPOINTLIST2D(((0.,0.),(0.6623394712805748,0.),(0.6623394712805748,0.10000000149011612),(0.,0.10000000149011612)));
#9476=IFCINDEXEDPOLYCURVE(#9475,(IFCLINEINDEX((1,2,3,4,1))),$);
#9477=IFCARBITRARYCLOSEDPROFILEDEF(.AREA.,$,#9476);
#9478=IFCCARTESIANPOINT((0.05000000074505806,0.,0.));
#9479=IFCDIRECTION((0.,0.,1.));
#9480=IFCDIRECTION((1.,0.,0.));
#9481=IFCAXIS2PLACEMENT3D(#9478,#9479,#9480);
#9482=IFCDIRECTION((0.,0.,1.));
#9483=IFCEXTRUDEDAREASOLID(#9477,#9481,#9482,0.02500000037252903);
#9484=IFCCARTESIANPOINTLIST2D(((0.,0.),(0.,2.0250000022351742),(0.81233947724103928,2.0250000022351742),(0.81233947724103928,0.),(0.73733947426080704,0.),(0.73733947426080704,1.9499999992549419),(0.075000002980232239,1.9499999992549419),(0.075000002980232239,0.)));
#9485=IFCINDEXEDPOLYCURVE(#9484,(IFCLINEINDEX((1,2,3,4,5,6,7,8,1))),$);
#9486=IFCARBITRARYCLOSEDPROFILEDEF(.AREA.,$,#9485);
#9487=IFCCARTESIANPOINT((-0.025000002235174179,-0.0010000000474974513,0.));
#9488=IFCDIRECTION((0.,-1.,0.));
#9489=IFCDIRECTION((1.,0.,0.));
#9490=IFCAXIS2PLACEMENT3D(#9487,#9488,#9489);
#9491=IFCDIRECTION((0.,0.,-1.));
#9492=IFCEXTRUDEDAREASOLID(#9486,#9490,#9491,0.0010000000474974513);
#9493=IFCCARTESIANPOINTLIST2D(((0.,0.),(0.,2.0250000022351742),(0.81233947724103928,2.0250000022351742),(0.81233947724103928,0.),(0.76233947463333607,0.),(0.76233947463333607,1.974999999627471),(0.050000002607703209,1.974999999627471),(0.050000002607703209,0.)));
#9494=IFCINDEXEDPOLYCURVE(#9493,(IFCLINEINDEX((1,2,3,4,5,6,7,8,1))),$);
#9495=IFCARBITRARYCLOSEDPROFILEDEF(.AREA.,$,#9494);
#9496=IFCCARTESIANPOINT((-0.025000002235174179,0.05000000074505806,0.));
#9497=IFCDIRECTION((0.,-1.,0.));
#9498=IFCDIRECTION((1.,0.,0.));
#9499=IFCAXIS2PLACEMENT3D(#9496,#9497,#9498);
#9500=IFCDIRECTION((0.,0.,-1.));
#9501=IFCEXTRUDEDAREASOLID(#9495,#9499,#9500,0.0010000000474974513);
#9502=IFCCARTESIANPOINTLIST2D(((0.,0.),(0.71233947202563286,0.),(0.71233947202563286,0.035000000149011612),(0.,0.035000000149011612)));
#9503=IFCINDEXEDPOLYCURVE(#9502,(IFCLINEINDEX((1,2,3,4,1))),$);
#9504=IFCARBITRARYCLOSEDPROFILEDEF(.AREA.,$,#9503);
#9505=IFCCARTESIANPOINT((0.02500000037252903,0.02500000037252903,0.02500000037252903));
#9506=IFCDIRECTION((0.,0.,1.));
#9507=IFCDIRECTION((1.,0.,0.));
#9508=IFCAXIS2PLACEMENT3D(#9505,#9506,#9507);
#9509=IFCDIRECTION((0.,0.,1.));
#9510=IFCEXTRUDEDAREASOLID(#9504,#9508,#9509,1.9499999992549419);
#9511=IFCCARTESIANPOINTLIST2D(((0.,0.),(0.,-0.040000000000000001),(0.12,-0.040000000000000001),(0.12,-0.02),(0.02,-0.02),(0.02,0.)));
#9512=IFCINDEXEDPOLYCURVE(#9511,(IFCLINEINDEX((1,2,3,4,5,6,1))),$);
#9513=IFCARBITRARYCLOSEDPROFILEDEF(.AREA.,$,#9512);
#9514=IFCCARTESIANPOINT((0.075000000372529033,0.02500000037252903,1.015000000372529));
#9515=IFCDIRECTION((0.,0.,1.));
#9516=IFCDIRECTION((1.,0.,0.));
#9517=IFCAXIS2PLACEMENT3D(#9514,#9515,#9516);
#9518=IFCDIRECTION((0.,0.,1.));
#9519=IFCEXTRUDEDAREASOLID(#9513,#9517,#9518,0.02);
#9520=IFCEXTRUDEDAREASOLID(#9521,#9524,#9528,0.02);
#9521=IFCARBITRARYCLOSEDPROFILEDEF(.AREA.,$,#9522);
#9522=IFCINDEXEDPOLYCURVE(#9523,(IFCLINEINDEX((1,2,3,4,5,6,1))),$);
#9523=IFCCARTESIANPOINTLIST2D(((0.,0.),(0.,0.040000000000000008),(0.11999999999999998,0.040000000000000008),(0.11999999999999998,0.020000000000000004),(0.020000000000000004,0.020000000000000004),(0.020000000000000004,0.)));
#9524=IFCAXIS2PLACEMENT3D(#9525,#9526,#9527);
#9525=IFCCARTESIANPOINT((0.075000000372529033,0.060000000521540642,1.015000000372529));
#9526=IFCDIRECTION((0.,0.,1.));
#9527=IFCDIRECTION((1.,0.,0.));
#9528=IFCDIRECTION((0.,0.,1.));
#9569=IFCCARTESIANPOINTLIST3D(((0.,0.,0.),(0.76233947277069092,0.,0.),(0.76233947277069092,0.,2.),(0.,0.,2.)));
#9570=IFCINDEXEDPOLYCURVE(#9569,(IFCLINEINDEX((1,2,3,4,1))),$);
#9571=IFCSHAPEREPRESENTATION(#18,'Profile','Curve3D',(#9570));
#9572=IFCCARTESIANPOINTLIST2D(((0.,0.),(0.,2.),(0.76233947277069092,2.),(0.76233947277069092,0.),(0.73733947239816189,0.),(0.73733947239816189,1.974999999627471),(0.02500000037252903,1.974999999627471),(0.02500000037252903,0.)));
#9573=IFCINDEXEDPOLYCURVE(#9572,(IFCLINEINDEX((1,2,3,4,5,6,7,8,1))),$);
#9574=IFCARBITRARYCLOSEDPROFILEDEF(.AREA.,$,#9573);
#9575=IFCCARTESIANPOINT((0.,0.02500000037252903,0.));
#9576=IFCDIRECTION((0.,-1.,0.));
#9577=IFCDIRECTION((1.,0.,0.));
#9578=IFCAXIS2PLACEMENT3D(#9575,#9576,#9577);
#9579=IFCDIRECTION((0.,0.,-1.));
#9580=IFCEXTRUDEDAREASOLID(#9574,#9578,#9579,0.02500000037252903);
#9581=IFCCARTESIANPOINTLIST2D(((0.,0.),(0.,2.),(0.76233947277069092,2.),(0.76233947277069092,0.),(0.71233947202563286,0.),(0.71233947202563286,1.9499999992549419),(0.05000000074505806,1.9499999992549419),(0.05000000074505806,0.)));
#9582=IFCINDEXEDPOLYCURVE(#9581,(IFCLINEINDEX((1,2,3,4,5,6,7,8,1))),$);
#9583=IFCARBITRARYCLOSEDPROFILEDEF(.AREA.,$,#9582);
#9584=IFCCARTESIANPOINT((0.,0.,0.));
#9585=IFCDIRECTION((0.,-1.,0.));
#9586=IFCDIRECTION((1.,0.,0.));
#9587=IFCAXIS2PLACEMENT3D(#9584,#9585,#9586);
#9588=IFCDIRECTION((0.,0.,-1.));
#9589=IFCEXTRUDEDAREASOLID(#9583,#9587,#9588,0.02500000037252903);
#9590=IFCCARTESIANPOINTLIST2D(((0.,0.),(0.6623394712805748,0.),(0.6623394712805748,0.10000000149011612),(0.,0.10000000149011612)));
#9591=IFCINDEXEDPOLYCURVE(#9590,(IFCLINEINDEX((1,2,3,4,1))),$);
#9592=IFCARBITRARYCLOSEDPROFILEDEF(.AREA.,$,#9591);
#9593=IFCCARTESIANPOINT((0.05000000074505806,0.,0.));
#9594=IFCDIRECTION((0.,0.,1.));
#9595=IFCDIRECTION((1.,0.,0.));
#9596=IFCAXIS2PLACEMENT3D(#9593,#9594,#9595);
#9597=IFCDIRECTION((0.,0.,1.));
#9598=IFCEXTRUDEDAREASOLID(#9592,#9596,#9597,0.02500000037252903);
#9599=IFCCARTESIANPOINTLIST2D(((0.,0.),(0.,2.0250000022351742),(0.81233947724103928,2.0250000022351742),(0.81233947724103928,0.),(0.73733947426080704,0.),(0.73733947426080704,1.9499999992549419),(0.075000002980232239,1.9499999992549419),(0.075000002980232239,0.)));
#9600=IFCINDEXEDPOLYCURVE(#9599,(IFCLINEINDEX((1,2,3,4,5,6,7,8,1))),$);
#9601=IFCARBITRARYCLOSEDPROFILEDEF(.AREA.,$,#9600);
#9602=IFCCARTESIANPOINT((-0.025000002235174179,-0.0010000000474974513,0.));
#9603=IFCDIRECTION((0.,-1.,0.));
#9604=IFCDIRECTION((1.,0.,0.));
#9605=IFCAXIS2PLACEMENT3D(#9602,#9603,#9604);
#9606=IFCDIRECTION((0.,0.,-1.));
#9607=IFCEXTRUDEDAREASOLID(#9601,#9605,#9606,0.0010000000474974513);
#9608=IFCCARTESIANPOINTLIST2D(((0.,0.),(0.,2.0250000022351742),(0.81233947724103928,2.0250000022351742),(0.81233947724103928,0.),(0.76233947463333607,0.),(0.76233947463333607,1.974999999627471),(0.050000002607703209,1.974999999627471),(0.050000002607703209,0.)));
#9609=IFCINDEXEDPOLYCURVE(#9608,(IFCLINEINDEX((1,2,3,4,5,6,7,8,1))),$);
#9610=IFCARBITRARYCLOSEDPROFILEDEF(.AREA.,$,#9609);
#9611=IFCCARTESIANPOINT((-0.025000002235174179,0.05000000074505806,0.));
#9612=IFCDIRECTION((0.,-1.,0.));
#9613=IFCDIRECTION((1.,0.,0.));
#9614=IFCAXIS2PLACEMENT3D(#9611,#9612,#9613);
#9615=IFCDIRECTION((0.,0.,-1.));
#9616=IFCEXTRUDEDAREASOLID(#9610,#9614,#9615,0.0010000000474974513);
#9617=IFCCARTESIANPOINTLIST2D(((0.,0.),(0.71233947202563286,0.),(0.71233947202563286,0.035000000149011612),(0.,0.035000000149011612)));
#9618=IFCINDEXEDPOLYCURVE(#9617,(IFCLINEINDEX((1,2,3,4,1))),$);
#9619=IFCARBITRARYCLOSEDPROFILEDEF(.AREA.,$,#9618);
#9620=IFCCARTESIANPOINT((0.02500000037252903,0.02500000037252903,0.02500000037252903));
#9621=IFCDIRECTION((0.,0.,1.));
#9622=IFCDIRECTION((1.,0.,0.));
#9623=IFCAXIS2PLACEMENT3D(#9620,#9621,#9622);
#9624=IFCDIRECTION((0.,0.,1.));
#9625=IFCEXTRUDEDAREASOLID(#9619,#9623,#9624,1.9499999992549419);
#9626=IFCCARTESIANPOINTLIST2D(((0.,0.),(0.,-0.040000000000000001),(-0.11999999999999988,-0.040000000000000001),(-0.11999999999999988,-0.02),(-0.020000000000000018,-0.02),(-0.020000000000000018,0.)));
#9627=IFCINDEXEDPOLYCURVE(#9626,(IFCLINEINDEX((1,2,3,4,5,6,1))),$);
#9628=IFCARBITRARYCLOSEDPROFILEDEF(.AREA.,$,#9627);
#9629=IFCCARTESIANPOINT((0.68733947239816184,0.02500000037252903,1.015000000372529));
#9630=IFCDIRECTION((0.,0.,1.));
#9631=IFCDIRECTION((1.,0.,0.));
#9632=IFCAXIS2PLACEMENT3D(#9629,#9630,#9631);
#9633=IFCDIRECTION((0.,0.,1.));
#9634=IFCEXTRUDEDAREASOLID(#9628,#9632,#9633,0.02);
#9635=IFCEXTRUDEDAREASOLID(#9636,#9639,#9643,0.02);
#9636=IFCARBITRARYCLOSEDPROFILEDEF(.AREA.,$,#9637);
#9637=IFCINDEXEDPOLYCURVE(#9638,(IFCLINEINDEX((1,2,3,4,5,6,1))),$);
#9638=IFCCARTESIANPOINTLIST2D(((0.,0.),(0.,0.040000000000000008),(-0.11999999999999988,0.040000000000000008),(-0.11999999999999988,0.020000000000000004),(-0.020000000000000018,0.020000000000000004),(-0.020000000000000018,0.)));
#9639=IFCAXIS2PLACEMENT3D(#9640,#9641,#9642);
#9640=IFCCARTESIANPOINT((0.68733947239816184,0.060000000521540642,1.015000000372529));
#9641=IFCDIRECTION((0.,0.,1.));
#9642=IFCDIRECTION((1.,0.,0.));
#9643=IFCDIRECTION((0.,0.,1.));
#9644=IFCSHAPEREPRESENTATION(#11,'Body','SweptSolid',(#9580,#9589,#9625,#9634,#9635,#9598,#9607,#9616));
#9645=IFCCARTESIANPOINTLIST2D(((0.,0.),(0.,0.05000000074505806),(0.02500000037252903,0.05000000074505806),(0.02500000037252903,0.02500000037252903),(0.05000000074505806,0.02500000037252903),(0.05000000074505806,0.)));
#9646=IFCINDEXEDPOLYCURVE(#9645,(IFCLINEINDEX((1,2,3,4,5,6,1))),$);
#9647=IFCINDEXEDPOLYCURVE(#9648,(IFCLINEINDEX((1,2,3,4,5,6,1))),$);
#9648=IFCCARTESIANPOINTLIST2D(((0.76233947277069092,0.),(0.76233947277069092,0.05000000074505806),(0.73733947239816189,0.05000000074505806),(0.73733947239816189,0.02500000037252903),(0.71233947202563286,0.02500000037252903),(0.71233947202563286,0.)));
#9649=IFCDIRECTION((1.,0.));
#9650=IFCCARTESIANPOINT((0.060000000521540642,0.05000000074505806));
#9651=IFCAXIS2PLACEMENT2D(#9650,#9649);
#9652=IFCELLIPSE(#9651,0.67733947187662125,0.71233947202563286);
#9653=IFCCARTESIANPOINT((0.73733947239816189,0.05000000074505806));
#9654=IFCCARTESIANPOINT((0.060000000521540642,0.76233947277069092));
#9655=IFCTRIMMEDCURVE(#9652,(#9653),(#9654),.T.,.CARTESIAN.);
#9656=IFCCARTESIANPOINTLIST2D(((0.02500000037252903,0.05000000074505806),(0.060000000521540642,0.05000000074505806),(0.060000000521540642,0.76233947277069092),(0.02500000037252903,0.76233947277069092)));
#9657=IFCINDEXEDPOLYCURVE(#9656,(IFCLINEINDEX((1,2,3,4,1))),$);
#9658=IFCSHAPEREPRESENTATION(#24,'Body','Curve2D',(#9646,#9647,#9655,#9657));
#9659=IFCCARTESIANPOINTLIST2D(((0.,0.),(0.76233947277069092,0.),(0.76233947277069092,2.),(0.,2.)));
#9660=IFCINDEXEDPOLYCURVE(#9659,(IFCLINEINDEX((1,2,3,4,1))),$);
#9661=IFCARBITRARYCLOSEDPROFILEDEF(.AREA.,$,#9660);
#9662=IFCCARTESIANPOINT((0.,-0.60000002384185791,0.));
#9663=IFCDIRECTION((0.,-1.,0.));
#9664=IFCDIRECTION((1.,0.,0.));
#9665=IFCAXIS2PLACEMENT3D(#9662,#9663,#9664);
#9666=IFCDIRECTION((0.,0.,-1.));
#9667=IFCEXTRUDEDAREASOLID(#9661,#9665,#9666,1.2);
#9668=IFCSHAPEREPRESENTATION(#11,'Body','SweptSolid',(#9667));
#9674=IFCCARTESIANPOINT((3.5096956642466313,0.099999851520414573,0.));
#9675=IFCDIRECTION((0.,0.,1.));
#9676=IFCDIRECTION((-0.99999999999992417,3.8941438162963358E-07,0.));
#9677=IFCAXIS2PLACEMENT3D(#9674,#9675,#9676);
#9678=IFCLOCALPLACEMENT(#10316,#9677);
#9679=IFCCARTESIANPOINT((2.2204460492503131E-16,0.,0.));
#9680=IFCDIRECTION((0.,0.,1.));
#9681=IFCDIRECTION((0.99999999999999989,5.2939559203393771E-23,0.));
#9682=IFCAXIS2PLACEMENT3D(#9679,#9680,#9681);
#9683=IFCLOCALPLACEMENT(#9678,#9682);
#9831=IFCDOORTYPE('0iZd9Zd$HDxw$l_FOyfscY',$,'BR1-2F',$,$,(#9832),(#9834,#9842,#9911),$,$,.DOOR.,.SINGLE_SWING_LEFT.,$,$);
#9832=IFCPROPERTYSET('19Wi4UTS9EGQ3ZJxV5$i5j',$,'BBIM_Door',$,(#9833));
#9833=IFCPROPERTYSINGLEVALUE('Data',$,IFCTEXT('{"door_type": "DOUBLE_SWING_LEFT", "overall_height": 2.0, "overall_width": 0.8822101354598999, "lining_properties": {"lining_depth": 0.05000000074505806, "lining_thickness": 0.05000000074505806, "lining_offset": 0.0, "lining_to_panel_offset_x": 0.02500000037252903, "lining_to_panel_offset_y": 0.02500000037252903, "transom_thickness": 0.0, "casing_thickness": 0.07500000298023224, "casing_depth": 0.0010000000474974513, "threshold_thickness": 0.02500000037252903, "threshold_depth": 0.10000000149011612, "threshold_offset": 0.0}, "panel_properties": {"panel_depth": 0.03500000014901161, "panel_width_ratio": 1.0}}'),$);
#9834=IFCREPRESENTATIONMAP(#9835,#10111);
#9835=IFCAXIS2PLACEMENT3D(#9836,#9837,#9838);
#9836=IFCCARTESIANPOINT((0.,0.,0.));
#9837=IFCDIRECTION((0.,0.,1.));
#9838=IFCDIRECTION((1.,0.,0.));
#9842=IFCREPRESENTATIONMAP(#9843,#10175);
#9843=IFCAXIS2PLACEMENT3D(#9844,#9845,#9846);
#9844=IFCCARTESIANPOINT((0.,0.,0.));
#9845=IFCDIRECTION((0.,0.,1.));
#9846=IFCDIRECTION((1.,0.,0.));
#9911=IFCREPRESENTATIONMAP(#9912,#10191);
#9912=IFCAXIS2PLACEMENT3D(#9913,#9914,#9915);
#9913=IFCCARTESIANPOINT((0.,0.,0.));
#9914=IFCDIRECTION((0.,0.,1.));
#9915=IFCDIRECTION((1.,0.,0.));
#9932=IFCDOOR('2TPX3z$g95LfKQ7noPjfmk',$,'Door',$,$,#10236,#9941,$,2.,0.8822101354598999,$,.DOUBLE_SWING_LEFT.,$);
#9933=IFCRELDEFINESBYTYPE('0shzI9gWn67fKFftu65myp',$,$,$,(#9932),#9831);
#9934=IFCCARTESIANPOINT((0.,0.,0.));
#9935=IFCDIRECTION((1.,0.,0.));
#9936=IFCDIRECTION((0.,1.,0.));
#9937=IFCDIRECTION((0.,0.,1.));
#9938=IFCCARTESIANTRANSFORMATIONOPERATOR3D(#9935,#9936,#9934,1.,#9937);
#9939=IFCMAPPEDITEM(#9834,#9938);
#9940=IFCSHAPEREPRESENTATION(#18,'Profile','MappedRepresentation',(#9939));
#9941=IFCPRODUCTDEFINITIONSHAPE($,$,(#9940,#9948,#9955));
#9942=IFCCARTESIANPOINT((0.,0.,0.));
#9943=IFCDIRECTION((1.,0.,0.));
#9944=IFCDIRECTION((0.,1.,0.));
#9945=IFCDIRECTION((0.,0.,1.));
#9946=IFCCARTESIANTRANSFORMATIONOPERATOR3D(#9943,#9944,#9942,1.,#9945);
#9947=IFCMAPPEDITEM(#9842,#9946);
#9948=IFCSHAPEREPRESENTATION(#11,'Body','MappedRepresentation',(#9947));
#9949=IFCCARTESIANPOINT((0.,0.,0.));
#9950=IFCDIRECTION((1.,0.,0.));
#9951=IFCDIRECTION((0.,1.,0.));
#9952=IFCDIRECTION((0.,0.,1.));
#9953=IFCCARTESIANTRANSFORMATIONOPERATOR3D(#9950,#9951,#9949,1.,#9952);
#9954=IFCMAPPEDITEM(#9911,#9953);
#9955=IFCSHAPEREPRESENTATION(#24,'Body','MappedRepresentation',(#9954));
#9956=IFCOPENINGELEMENT('0MKZeFgcH73A_Z2aqZsRTt',$,'Opening',$,$,#13610,#9984,$,.OPENING.);
#9972=IFCCARTESIANPOINT((0.,0.,0.));
#9973=IFCDIRECTION((1.,0.,0.));
#9974=IFCDIRECTION((0.,0.,1.));
#9975=IFCAXIS2PLACEMENT3D(#9972,#9974,#9973);
#9976=IFCREPRESENTATIONMAP(#9975,#10201);
#9977=IFCCARTESIANPOINT((0.,0.,0.));
#9978=IFCDIRECTION((1.,0.,0.));
#9979=IFCDIRECTION((0.,1.,0.));
#9980=IFCDIRECTION((0.,0.,1.));
#9981=IFCCARTESIANTRANSFORMATIONOPERATOR3D(#9978,#9979,#9977,1.,#9980);
#9982=IFCMAPPEDITEM(#9976,#9981);
#9983=IFCSHAPEREPRESENTATION(#11,'Body','MappedRepresentation',(#9982));
#9984=IFCPRODUCTDEFINITIONSHAPE($,$,(#9983));
#9985=IFCRELVOIDSELEMENT('0xUwpEVdL00OJHs3kp6F6z',$,$,$,#8750,#9956);
#9991=IFCRELFILLSELEMENT('21rybH2Qz0Vu80smaT8UW7',$,$,$,#9956,#9932);
#10000=IFCCARTESIANPOINTLIST2D(((0.,0.),(0.,2.),(0.92653572559356689,2.),(0.92653572559356689,0.),(0.90153572522103786,0.),(0.90153572522103786,1.974999999627471),(0.02500000037252903,1.974999999627471),(0.02500000037252903,0.)));
#10001=IFCINDEXEDPOLYCURVE(#10000,(IFCLINEINDEX((1,2,3,4,5,6,7,8,1))),$);
#10002=IFCARBITRARYCLOSEDPROFILEDEF(.AREA.,$,#10001);
#10003=IFCCARTESIANPOINT((0.,0.,0.));
#10004=IFCDIRECTION((0.,-1.,0.));
#10005=IFCDIRECTION((1.,0.,0.));
#10006=IFCAXIS2PLACEMENT3D(#10003,#10004,#10005);
#10007=IFCDIRECTION((0.,0.,-1.));
#10008=IFCEXTRUDEDAREASOLID(#10002,#10006,#10007,0.05000000074505806);
#10009=IFCCARTESIANPOINTLIST2D(((0.,0.),(0.87653572484850883,0.),(0.87653572484850883,0.10000000149011612),(0.,0.10000000149011612)));
#10010=IFCINDEXEDPOLYCURVE(#10009,(IFCLINEINDEX((1,2,3,4,1))),$);
#10011=IFCARBITRARYCLOSEDPROFILEDEF(.AREA.,$,#10010);
#10012=IFCCARTESIANPOINT((0.02500000037252903,0.,0.));
#10013=IFCDIRECTION((0.,0.,1.));
#10014=IFCDIRECTION((1.,0.,0.));
#10015=IFCAXIS2PLACEMENT3D(#10012,#10013,#10014);
#10016=IFCDIRECTION((0.,0.,1.));
#10017=IFCEXTRUDEDAREASOLID(#10011,#10015,#10016,0.02500000037252903);
#10018=IFCCARTESIANPOINTLIST2D(((0.,0.),(0.,2.0250000022351742),(0.97653573006391525,2.0250000022351742),(0.97653573006391525,0.),(0.92653572745621204,0.),(0.92653572745621204,1.974999999627471),(0.050000002607703209,1.974999999627471),(0.050000002607703209,0.)));
#10019=IFCINDEXEDPOLYCURVE(#10018,(IFCLINEINDEX((1,2,3,4,5,6,7,8,1))),$);
#10020=IFCARBITRARYCLOSEDPROFILEDEF(.AREA.,$,#10019);
#10021=IFCCARTESIANPOINT((-0.025000002235174179,-0.0010000000474974513,0.));
#10022=IFCDIRECTION((0.,-1.,0.));
#10023=IFCDIRECTION((1.,0.,0.));
#10024=IFCAXIS2PLACEMENT3D(#10021,#10022,#10023);
#10025=IFCDIRECTION((0.,0.,-1.));
#10026=IFCEXTRUDEDAREASOLID(#10020,#10024,#10025,0.0010000000474974513);
#10027=IFCCARTESIANPOINTLIST2D(((0.,0.),(0.,2.0250000022351742),(0.97653573006391525,2.0250000022351742),(0.97653573006391525,0.),(0.92653572745621204,0.),(0.92653572745621204,1.974999999627471),(0.050000002607703209,1.974999999627471),(0.050000002607703209,0.)));
#10028=IFCINDEXEDPOLYCURVE(#10027,(IFCLINEINDEX((1,2,3,4,5,6,7,8,1))),$);
#10029=IFCARBITRARYCLOSEDPROFILEDEF(.AREA.,$,#10028);
#10030=IFCCARTESIANPOINT((-0.025000002235174179,0.05000000074505806,0.));
#10031=IFCDIRECTION((0.,-1.,0.));
#10032=IFCDIRECTION((1.,0.,0.));
#10033=IFCAXIS2PLACEMENT3D(#10030,#10031,#10032);
#10034=IFCDIRECTION((0.,0.,-1.));
#10035=IFCEXTRUDEDAREASOLID(#10029,#10033,#10034,0.0010000000474974513);
#10036=IFCCARTESIANPOINTLIST2D(((0.,0.),(0.87653572484850883,0.),(0.87653572484850883,0.035000000149011612),(0.,0.035000000149011612)));
#10037=IFCINDEXEDPOLYCURVE(#10036,(IFCLINEINDEX((1,2,3,4,1))),$);
#10038=IFCARBITRARYCLOSEDPROFILEDEF(.AREA.,$,#10037);
#10039=IFCCARTESIANPOINT((0.02500000037252903,0.02500000037252903,0.02500000037252903));
#10040=IFCDIRECTION((0.,0.,1.));
#10041=IFCDIRECTION((1.,0.,0.));
#10042=IFCAXIS2PLACEMENT3D(#10039,#10040,#10041);
#10043=IFCDIRECTION((0.,0.,1.));
#10044=IFCEXTRUDEDAREASOLID(#10038,#10042,#10043,1.9499999992549419);
#10045=IFCCARTESIANPOINTLIST2D(((0.,0.),(0.,-0.040000000000000001),(0.12,-0.040000000000000001),(0.12,-0.02),(0.02,-0.02),(0.02,0.)));
#10046=IFCINDEXEDPOLYCURVE(#10045,(IFCLINEINDEX((1,2,3,4,5,6,1))),$);
#10047=IFCARBITRARYCLOSEDPROFILEDEF(.AREA.,$,#10046);
#10048=IFCCARTESIANPOINT((0.075000000372529033,0.02500000037252903,1.015000000372529));
#10049=IFCDIRECTION((0.,0.,1.));
#10050=IFCDIRECTION((1.,0.,0.));
#10051=IFCAXIS2PLACEMENT3D(#10048,#10049,#10050);
#10052=IFCDIRECTION((0.,0.,1.));
#10053=IFCEXTRUDEDAREASOLID(#10047,#10051,#10052,0.02);
#10054=IFCEXTRUDEDAREASOLID(#10055,#10058,#10062,0.02);
#10055=IFCARBITRARYCLOSEDPROFILEDEF(.AREA.,$,#10056);
#10056=IFCINDEXEDPOLYCURVE(#10057,(IFCLINEINDEX((1,2,3,4,5,6,1))),$);
#10057=IFCCARTESIANPOINTLIST2D(((0.,0.),(0.,0.040000000000000008),(0.11999999999999998,0.040000000000000008),(0.11999999999999998,0.020000000000000004),(0.020000000000000004,0.020000000000000004),(0.020000000000000004,0.)));
#10058=IFCAXIS2PLACEMENT3D(#10059,#10060,#10061);
#10059=IFCCARTESIANPOINT((0.075000000372529033,0.060000000521540642,1.015000000372529));
#10060=IFCDIRECTION((0.,0.,1.));
#10061=IFCDIRECTION((1.,0.,0.));
#10062=IFCDIRECTION((0.,0.,1.));
#10064=IFCSHAPEREPRESENTATION(#11,'Body','SweptSolid',(#10120,#10017,#10147,#10138,#10008,#10129,#10035,#10026));
#10065=IFCSHAPEASPECT((#10064),'Lining',$,.T.,#9941);
#10066=IFCSHAPEREPRESENTATION(#11,'Body','SweptSolid',(#10044,#10165,#10166,#10053,#10156,#10054));
#10067=IFCSHAPEASPECT((#10066),'Framing',$,.T.,#9941);
#10109=IFCCARTESIANPOINTLIST3D(((0.,0.,0.),(0.8822101354598999,0.,0.),(0.8822101354598999,0.,2.),(0.,0.,2.)));
#10110=IFCINDEXEDPOLYCURVE(#10109,(IFCLINEINDEX((1,2,3,4,1))),$);
#10111=IFCSHAPEREPRESENTATION(#18,'Profile','Curve3D',(#10110));
#10112=IFCCARTESIANPOINTLIST2D(((0.,0.),(0.,2.),(0.8822101354598999,2.),(0.8822101354598999,0.),(0.85721013508737087,0.),(0.85721013508737087,1.974999999627471),(0.02500000037252903,1.974999999627471),(0.02500000037252903,0.)));
#10113=IFCINDEXEDPOLYCURVE(#10112,(IFCLINEINDEX((1,2,3,4,5,6,7,8,1))),$);
#10114=IFCARBITRARYCLOSEDPROFILEDEF(.AREA.,$,#10113);
#10115=IFCCARTESIANPOINT((0.,0.,0.));
#10116=IFCDIRECTION((0.,-1.,0.));
#10117=IFCDIRECTION((1.,0.,0.));
#10118=IFCAXIS2PLACEMENT3D(#10115,#10116,#10117);
#10119=IFCDIRECTION((0.,0.,-1.));
#10120=IFCEXTRUDEDAREASOLID(#10114,#10118,#10119,0.05000000074505806);
#10121=IFCCARTESIANPOINTLIST2D(((0.,0.),(0.83221013471484184,0.),(0.83221013471484184,0.10000000149011612),(0.,0.10000000149011612)));
#10122=IFCINDEXEDPOLYCURVE(#10121,(IFCLINEINDEX((1,2,3,4,1))),$);
#10123=IFCARBITRARYCLOSEDPROFILEDEF(.AREA.,$,#10122);
#10124=IFCCARTESIANPOINT((0.02500000037252903,0.,0.));
#10125=IFCDIRECTION((0.,0.,1.));
#10126=IFCDIRECTION((1.,0.,0.));
#10127=IFCAXIS2PLACEMENT3D(#10124,#10125,#10126);
#10128=IFCDIRECTION((0.,0.,1.));
#10129=IFCEXTRUDEDAREASOLID(#10123,#10127,#10128,0.02500000037252903);
#10130=IFCCARTESIANPOINTLIST2D(((0.,0.),(0.,2.0250000022351742),(0.93221013993024826,2.0250000022351742),(0.93221013993024826,0.),(0.88221013732254505,0.),(0.88221013732254505,1.974999999627471),(0.050000002607703209,1.974999999627471),(0.050000002607703209,0.)));
#10131=IFCINDEXEDPOLYCURVE(#10130,(IFCLINEINDEX((1,2,3,4,5,6,7,8,1))),$);
#10132=IFCARBITRARYCLOSEDPROFILEDEF(.AREA.,$,#10131);
#10133=IFCCARTESIANPOINT((-0.025000002235174179,-0.0010000000474974513,0.));
#10134=IFCDIRECTION((0.,-1.,0.));
#10135=IFCDIRECTION((1.,0.,0.));
#10136=IFCAXIS2PLACEMENT3D(#10133,#10134,#10135);
#10137=IFCDIRECTION((0.,0.,-1.));
#10138=IFCEXTRUDEDAREASOLID(#10132,#10136,#10137,0.0010000000474974513);
#10139=IFCCARTESIANPOINTLIST2D(((0.,0.),(0.,2.0250000022351742),(0.93221013993024826,2.0250000022351742),(0.93221013993024826,0.),(0.88221013732254505,0.),(0.88221013732254505,1.974999999627471),(0.050000002607703209,1.974999999627471),(0.050000002607703209,0.)));
#10140=IFCINDEXEDPOLYCURVE(#10139,(IFCLINEINDEX((1,2,3,4,5,6,7,8,1))),$);
#10141=IFCARBITRARYCLOSEDPROFILEDEF(.AREA.,$,#10140);
#10142=IFCCARTESIANPOINT((-0.025000002235174179,0.05000000074505806,0.));
#10143=IFCDIRECTION((0.,-1.,0.));
#10144=IFCDIRECTION((1.,0.,0.));
#10145=IFCAXIS2PLACEMENT3D(#10142,#10143,#10144);
#10146=IFCDIRECTION((0.,0.,-1.));
#10147=IFCEXTRUDEDAREASOLID(#10141,#10145,#10146,0.0010000000474974513);
#10148=IFCCARTESIANPOINTLIST2D(((0.,0.),(0.83221013471484184,0.),(0.83221013471484184,0.035000000149011612),(0.,0.035000000149011612)));
#10149=IFCINDEXEDPOLYCURVE(#10148,(IFCLINEINDEX((1,2,3,4,1))),$);
#10150=IFCARBITRARYCLOSEDPROFILEDEF(.AREA.,$,#10149);
#10151=IFCCARTESIANPOINT((0.02500000037252903,0.02500000037252903,0.02500000037252903));
#10152=IFCDIRECTION((0.,0.,1.));
#10153=IFCDIRECTION((1.,0.,0.));
#10154=IFCAXIS2PLACEMENT3D(#10151,#10152,#10153);
#10155=IFCDIRECTION((0.,0.,1.));
#10156=IFCEXTRUDEDAREASOLID(#10150,#10154,#10155,1.9499999992549419);
#10157=IFCCARTESIANPOINTLIST2D(((0.,0.),(0.,-0.040000000000000001),(-0.11999999999999988,-0.040000000000000001),(-0.11999999999999988,-0.02),(-0.020000000000000018,-0.02),(-0.020000000000000018,0.)));
#10158=IFCINDEXEDPOLYCURVE(#10157,(IFCLINEINDEX((1,2,3,4,5,6,1))),$);
#10159=IFCARBITRARYCLOSEDPROFILEDEF(.AREA.,$,#10158);
#10160=IFCCARTESIANPOINT((0.80721013508737083,0.02500000037252903,1.015000000372529));
#10161=IFCDIRECTION((0.,0.,1.));
#10162=IFCDIRECTION((1.,0.,0.));
#10163=IFCAXIS2PLACEMENT3D(#10160,#10161,#10162);
#10164=IFCDIRECTION((0.,0.,1.));
#10165=IFCEXTRUDEDAREASOLID(#10159,#10163,#10164,0.02);
#10166=IFCEXTRUDEDAREASOLID(#10167,#10170,#10174,0.02);
#10167=IFCARBITRARYCLOSEDPROFILEDEF(.AREA.,$,#10168);
#10168=IFCINDEXEDPOLYCURVE(#10169,(IFCLINEINDEX((1,2,3,4,5,6,1))),$);
#10169=IFCCARTESIANPOINTLIST2D(((0.,0.),(0.,0.040000000000000008),(-0.11999999999999988,0.040000000000000008),(-0.11999999999999988,0.020000000000000004),(-0.020000000000000018,0.020000000000000004),(-0.020000000000000018,0.)));
#10170=IFCAXIS2PLACEMENT3D(#10171,#10172,#10173);
#10171=IFCCARTESIANPOINT((0.80721013508737083,0.060000000521540642,1.015000000372529));
#10172=IFCDIRECTION((0.,0.,1.));
#10173=IFCDIRECTION((1.,0.,0.));
#10174=IFCDIRECTION((0.,0.,1.));
#10175=IFCSHAPEREPRESENTATION(#11,'Body','SweptSolid',(#10120,#10156,#10165,#10166,#10129,#10138,#10147));
#10176=IFCCARTESIANPOINTLIST2D(((0.,0.),(0.02500000037252903,0.),(0.02500000037252903,0.05000000074505806),(0.,0.05000000074505806)));
#10177=IFCINDEXEDPOLYCURVE(#10176,(IFCLINEINDEX((1,2,3,4,1))),$);
#10178=IFCINDEXEDPOLYCURVE(#10179,(IFCLINEINDEX((1,2,3,4,1))),$);
#10179=IFCCARTESIANPOINTLIST2D(((0.8822101354598999,0.),(0.85721013508737087,0.),(0.85721013508737087,0.05000000074505806),(0.8822101354598999,0.05000000074505806)));
#10180=IFCCARTESIANPOINTLIST2D(((0.02500000037252903,0.05000000074505806),(0.02500000037252903,-0.78221013396978378),(0.060000000521540642,-0.78221013396978378)));
#10181=IFCINDEXEDPOLYCURVE(#10180,$,$);
#10182=IFCDIRECTION((1.,0.));
#10183=IFCCARTESIANPOINT((0.060000000521540642,0.05000000074505806));
#10184=IFCAXIS2PLACEMENT2D(#10183,#10182);
#10185=IFCELLIPSE(#10184,0.79721013456583023,0.83221013471484184);
#10186=IFCCARTESIANPOINT((0.060000000521540642,-0.78221013396978378));
#10187=IFCCARTESIANPOINT((0.060000000521540642,0.8822101354598999));
#10188=IFCTRIMMEDCURVE(#10185,(#10186),(#10187),.T.,.CARTESIAN.);
#10189=IFCCARTESIANPOINTLIST2D(((0.02500000037252903,0.05000000074505806),(0.060000000521540642,0.05000000074505806),(0.060000000521540642,0.8822101354598999),(0.02500000037252903,0.8822101354598999)));
#10190=IFCINDEXEDPOLYCURVE(#10189,(IFCLINEINDEX((1,2,3,4,1))),$);
#10191=IFCSHAPEREPRESENTATION(#24,'Body','Curve2D',(#10177,#10178,#10181,#10188,#10190));
#10192=IFCCARTESIANPOINTLIST2D(((0.,0.),(0.8822101354598999,0.),(0.8822101354598999,2.),(0.,2.)));
#10193=IFCINDEXEDPOLYCURVE(#10192,(IFCLINEINDEX((1,2,3,4,1))),$);
#10194=IFCARBITRARYCLOSEDPROFILEDEF(.AREA.,$,#10193);
#10195=IFCCARTESIANPOINT((0.,-0.60000002384185791,0.));
#10196=IFCDIRECTION((0.,-1.,0.));
#10197=IFCDIRECTION((1.,0.,0.));
#10198=IFCAXIS2PLACEMENT3D(#10195,#10196,#10197);
#10199=IFCDIRECTION((0.,0.,-1.));
#10200=IFCEXTRUDEDAREASOLID(#10194,#10198,#10199,1.2);
#10201=IFCSHAPEREPRESENTATION(#11,'Body','SweptSolid',(#10200));
#10232=IFCCARTESIANPOINT((0.,5.5511151231257827E-17,0.));
#10233=IFCDIRECTION((0.,0.,1.));
#10234=IFCDIRECTION((0.99999999999999978,2.6469779601696886E-23,0.));
#10235=IFCAXIS2PLACEMENT3D(#10232,#10233,#10234);
#10236=IFCLOCALPLACEMENT(#13610,#10235);
#10237=IFCCARTESIANPOINT((0.,0.,3.));
#10238=IFCDIRECTION((0.,0.,1.));
#10239=IFCDIRECTION((1.,0.,0.));
#10240=IFCAXIS2PLACEMENT3D(#10237,#10238,#10239);
#10241=IFCLOCALPLACEMENT(#56,#10240);
#10242=IFCCARTESIANPOINT((4.2435240745544434,-2.5500004291534424,0.));
#10243=IFCDIRECTION((0.,0.,1.));
#10244=IFCDIRECTION((1.,0.,0.));
#10245=IFCAXIS2PLACEMENT3D(#10242,#10243,#10244);
#10246=IFCLOCALPLACEMENT(#10241,#10245);
#10247=IFCCARTESIANPOINT((-3.2664754390717223,5.5300010959214134,0.));
#10248=IFCDIRECTION((0.,0.,1.));
#10249=IFCDIRECTION((7.5497901264043123E-08,-0.99999999999999722,0.));
#10250=IFCAXIS2PLACEMENT3D(#10247,#10248,#10249);
#10251=IFCLOCALPLACEMENT(#10241,#10250);
#10252=IFCCARTESIANPOINT((-3.2664748992616541,-1.619999885559082,0.));
#10253=IFCDIRECTION((0.,0.,1.));
#10254=IFCDIRECTION((1.,0.,0.));
#10255=IFCAXIS2PLACEMENT3D(#10252,#10253,#10254);
#10256=IFCLOCALPLACEMENT(#10241,#10255);
#10257=IFCCARTESIANPOINT((1.8557128906250224,-2.2180782374925769,0.));
#10258=IFCDIRECTION((0.,0.,1.));
#10259=IFCDIRECTION((-1.6292068494294439E-07,-0.99999999999998679,0.));
#10260=IFCAXIS2PLACEMENT3D(#10257,#10258,#10259);
#10261=IFCLOCALPLACEMENT(#10241,#10260);
#10262=IFCCARTESIANPOINT((1.855712743996407,-3.1180782318115234,0.));
#10263=IFCDIRECTION((0.,0.,1.));
#10264=IFCDIRECTION((1.,0.,0.));
#10265=IFCAXIS2PLACEMENT3D(#10262,#10263,#10264);
#10266=IFCLOCALPLACEMENT(#10241,#10265);
#10267=IFCCARTESIANPOINT((4.2457127571105779,-3.1180782318115234,0.));
#10268=IFCDIRECTION((0.,0.,1.));
#10269=IFCDIRECTION((7.5497901264043123E-08,0.99999999999999722,0.));
#10270=IFCAXIS2PLACEMENT3D(#10267,#10268,#10269);
#10271=IFCLOCALPLACEMENT(#10241,#10270);
#10272=IFCCARTESIANPOINT((4.2457134847652549,6.5199999807351512,0.));
#10273=IFCDIRECTION((0.,0.,1.));
#10274=IFCDIRECTION((-0.99999999999999623,8.7422776573475527E-08,0.));
#10275=IFCAXIS2PLACEMENT3D(#10272,#10273,#10274);
#10276=IFCLOCALPLACEMENT(#10241,#10275);
#10292=IFCCARTESIANPOINT((0.28171366858724617,-2.218078612763235,0.));
#10293=IFCDIRECTION((0.,0.,1.));
#10294=IFCDIRECTION((0.99999999999997158,2.3841857910155572E-07,0.));
#10295=IFCAXIS2PLACEMENT3D(#10292,#10293,#10294);
#10296=IFCLOCALPLACEMENT(#10241,#10295);
#10297=IFCCARTESIANPOINT((0.28171308362359371,5.5299997142058244,0.));
#10298=IFCDIRECTION((0.,0.,1.));
#10299=IFCDIRECTION((-0.99999999999992428,3.8941436741876494E-07,0.));
#10300=IFCAXIS2PLACEMENT3D(#10297,#10298,#10299);
#10301=IFCLOCALPLACEMENT(#10241,#10300);
#10302=IFCCARTESIANPOINT((0.28171330271251871,2.6280789800679982,0.));
#10303=IFCDIRECTION((0.,0.,1.));
#10304=IFCDIRECTION((-0.99999999999998868,-1.5099580252808492E-07,0.));
#10305=IFCAXIS2PLACEMENT3D(#10302,#10303,#10304);
#10306=IFCLOCALPLACEMENT(#10241,#10305);
#10307=IFCCARTESIANPOINT((4.1457133293151855,0.47453957796096802,0.));
#10308=IFCDIRECTION((0.,0.,1.));
#10309=IFCDIRECTION((-0.99999999999998868,-1.5099580252808492E-07,0.));
#10310=IFCAXIS2PLACEMENT3D(#10307,#10308,#10309);
#10311=IFCLOCALPLACEMENT(#10241,#10310);
#10312=IFCCARTESIANPOINT((4.149409294128418,5.0260629653930664,0.));
#10313=IFCDIRECTION((0.,0.,1.));
#10314=IFCDIRECTION((-0.99999999999998868,-1.5099580252808492E-07,0.));
#10315=IFCAXIS2PLACEMENT3D(#10312,#10313,#10314);
#10316=IFCLOCALPLACEMENT(#10241,#10315);
#10317=IFCCARTESIANPOINT((4.2457127571105957,-3.1180782318115234,0.));
#10318=IFCDIRECTION((0.,0.,1.));
#10319=IFCDIRECTION((1.,0.,0.));
#10320=IFCAXIS2PLACEMENT3D(#10317,#10318,#10319);
#10321=IFCLOCALPLACEMENT(#10241,#10320);
#10322=IFCDOORTYPE('07me8ejxTFYe26gzbhDJWS',$,'MR-1-2F',$,$,(#10323),(#10325,#10333,#10402),$,$,.DOOR.,.SINGLE_SWING_LEFT.,$,$);
#10323=IFCPROPERTYSET('1dIBgrIez7lOrTV40z$FdH',$,'BBIM_Door',$,(#10324));
#10324=IFCPROPERTYSINGLEVALUE('Data',$,IFCTEXT('{"door_type": "SINGLE_SWING_RIGHT", "overall_height": 2.0, "overall_width": 0.8725175857543945, "lining_properties": {"lining_depth": 0.05000000074505806, "lining_thickness": 0.05000000074505806, "lining_offset": 0.0, "lining_to_panel_offset_x": 0.02500000037252903, "lining_to_panel_offset_y": 0.02500000037252903, "transom_thickness": 0.0, "casing_thickness": 0.07500000298023224, "casing_depth": 0.0010000000474974513, "threshold_thickness": 0.02500000037252903, "threshold_depth": 0.10000000149011612, "threshold_offset": 0.0}, "panel_properties": {"panel_depth": 0.03500000014901161, "panel_width_ratio": 1.0}}'),$);
#10325=IFCREPRESENTATIONMAP(#10326,#12204);
#10326=IFCAXIS2PLACEMENT3D(#10327,#10328,#10329);
#10327=IFCCARTESIANPOINT((0.,0.,0.));
#10328=IFCDIRECTION((0.,0.,1.));
#10329=IFCDIRECTION((1.,0.,0.));
#10333=IFCREPRESENTATIONMAP(#10334,#12277);
#10334=IFCAXIS2PLACEMENT3D(#10335,#10336,#10337);
#10335=IFCCARTESIANPOINT((0.,0.,0.));
#10336=IFCDIRECTION((0.,0.,1.));
#10337=IFCDIRECTION((1.,0.,0.));
#10402=IFCREPRESENTATIONMAP(#10403,#12291);
#10403=IFCAXIS2PLACEMENT3D(#10404,#10405,#10406);
#10404=IFCCARTESIANPOINT((0.,0.,0.));
#10405=IFCDIRECTION((0.,0.,1.));
#10406=IFCDIRECTION((1.,0.,0.));
#10423=IFCDOOR('1uuP$uxQ59pgclqgsKMkSw',$,'Door',$,$,#12317,#10432,$,2.,0.87251758575439453,$,.SINGLE_SWING_RIGHT.,$);
#10424=IFCRELDEFINESBYTYPE('0aX6zXE513EuRTdkd84_cd',$,$,$,(#10423),#10322);
#10425=IFCCARTESIANPOINT((0.,0.,0.));
#10426=IFCDIRECTION((1.,0.,0.));
#10427=IFCDIRECTION((0.,1.,0.));
#10428=IFCDIRECTION((0.,0.,1.));
#10429=IFCCARTESIANTRANSFORMATIONOPERATOR3D(#10426,#10427,#10425,1.,#10428);
#10430=IFCMAPPEDITEM(#10325,#10429);
#10431=IFCSHAPEREPRESENTATION(#18,'Profile','MappedRepresentation',(#10430));
#10432=IFCPRODUCTDEFINITIONSHAPE($,$,(#10431,#10439,#10446));
#10433=IFCCARTESIANPOINT((0.,0.,0.));
#10434=IFCDIRECTION((1.,0.,0.));
#10435=IFCDIRECTION((0.,1.,0.));
#10436=IFCDIRECTION((0.,0.,1.));
#10437=IFCCARTESIANTRANSFORMATIONOPERATOR3D(#10434,#10435,#10433,1.,#10436);
#10438=IFCMAPPEDITEM(#10333,#10437);
#10439=IFCSHAPEREPRESENTATION(#11,'Body','MappedRepresentation',(#10438));
#10440=IFCCARTESIANPOINT((0.,0.,0.));
#10441=IFCDIRECTION((1.,0.,0.));
#10442=IFCDIRECTION((0.,1.,0.));
#10443=IFCDIRECTION((0.,0.,1.));
#10444=IFCCARTESIANTRANSFORMATIONOPERATOR3D(#10441,#10442,#10440,1.,#10443);
#10445=IFCMAPPEDITEM(#10402,#10444);
#10446=IFCSHAPEREPRESENTATION(#24,'Body','MappedRepresentation',(#10445));
#10447=IFCOPENINGELEMENT('2llVaxye550wOj4Fhtvzev',$,'Opening',$,$,#13615,#10475,$,.OPENING.);
#10463=IFCCARTESIANPOINT((0.,0.,0.));
#10464=IFCDIRECTION((1.,0.,0.));
#10465=IFCDIRECTION((0.,0.,1.));
#10466=IFCAXIS2PLACEMENT3D(#10463,#10465,#10464);
#10467=IFCREPRESENTATIONMAP(#10466,#12302);
#10468=IFCCARTESIANPOINT((0.,0.,0.));
#10469=IFCDIRECTION((1.,0.,0.));
#10470=IFCDIRECTION((0.,1.,0.));
#10471=IFCDIRECTION((0.,0.,1.));
#10472=IFCCARTESIANTRANSFORMATIONOPERATOR3D(#10469,#10470,#10468,1.,#10471);
#10473=IFCMAPPEDITEM(#10467,#10472);
#10474=IFCSHAPEREPRESENTATION(#11,'Body','MappedRepresentation',(#10473));
#10475=IFCPRODUCTDEFINITIONSHAPE($,$,(#10474));
#10476=IFCRELVOIDSELEMENT('1ECvuUvCD7bO2v0mAI_Kdl',$,$,$,#8750,#10447);
#10482=IFCRELFILLSELEMENT('1hlRXbOQf8yuxOUHHQ5GtE',$,$,$,#10447,#10423);
#10491=IFCCARTESIANPOINTLIST2D(((0.,0.),(0.,2.),(0.87251758575439453,2.),(0.87251758575439453,0.),(0.8475175853818655,0.),(0.8475175853818655,1.974999999627471),(0.02500000037252903,1.974999999627471),(0.02500000037252903,0.)));
#10492=IFCINDEXEDPOLYCURVE(#10491,(IFCLINEINDEX((1,2,3,4,5,6,7,8,1))),$);
#10493=IFCARBITRARYCLOSEDPROFILEDEF(.AREA.,$,#10492);
#10494=IFCCARTESIANPOINT((0.,0.,0.));
#10495=IFCDIRECTION((0.,-1.,0.));
#10496=IFCDIRECTION((1.,0.,0.));
#10497=IFCAXIS2PLACEMENT3D(#10494,#10495,#10496);
#10498=IFCDIRECTION((0.,0.,-1.));
#10499=IFCEXTRUDEDAREASOLID(#10493,#10497,#10498,0.05000000074505806);
#10500=IFCCARTESIANPOINTLIST2D(((0.,0.),(0.82251758500933647,0.),(0.82251758500933647,0.10000000149011612),(0.,0.10000000149011612)));
#10501=IFCINDEXEDPOLYCURVE(#10500,(IFCLINEINDEX((1,2,3,4,1))),$);
#10502=IFCARBITRARYCLOSEDPROFILEDEF(.AREA.,$,#10501);
#10503=IFCCARTESIANPOINT((0.02500000037252903,0.,0.));
#10504=IFCDIRECTION((0.,0.,1.));
#10505=IFCDIRECTION((1.,0.,0.));
#10506=IFCAXIS2PLACEMENT3D(#10503,#10504,#10505);
#10507=IFCDIRECTION((0.,0.,1.));
#10508=IFCEXTRUDEDAREASOLID(#10502,#10506,#10507,0.02500000037252903);
#10509=IFCCARTESIANPOINTLIST2D(((0.,0.),(0.,2.0250000022351742),(0.92251759022474289,2.0250000022351742),(0.92251759022474289,0.),(0.87251758761703968,0.),(0.87251758761703968,1.974999999627471),(0.050000002607703209,1.974999999627471),(0.050000002607703209,0.)));
#10510=IFCINDEXEDPOLYCURVE(#10509,(IFCLINEINDEX((1,2,3,4,5,6,7,8,1))),$);
#10511=IFCARBITRARYCLOSEDPROFILEDEF(.AREA.,$,#10510);
#10512=IFCCARTESIANPOINT((-0.025000002235174179,-0.0010000000474974513,0.));
#10513=IFCDIRECTION((0.,-1.,0.));
#10514=IFCDIRECTION((1.,0.,0.));
#10515=IFCAXIS2PLACEMENT3D(#10512,#10513,#10514);
#10516=IFCDIRECTION((0.,0.,-1.));
#10517=IFCEXTRUDEDAREASOLID(#10511,#10515,#10516,0.0010000000474974513);
#10518=IFCCARTESIANPOINTLIST2D(((0.,0.),(0.,2.0250000022351742),(0.92251759022474289,2.0250000022351742),(0.92251759022474289,0.),(0.87251758761703968,0.),(0.87251758761703968,1.974999999627471),(0.050000002607703209,1.974999999627471),(0.050000002607703209,0.)));
#10519=IFCINDEXEDPOLYCURVE(#10518,(IFCLINEINDEX((1,2,3,4,5,6,7,8,1))),$);
#10520=IFCARBITRARYCLOSEDPROFILEDEF(.AREA.,$,#10519);
#10521=IFCCARTESIANPOINT((-0.025000002235174179,0.05000000074505806,0.));
#10522=IFCDIRECTION((0.,-1.,0.));
#10523=IFCDIRECTION((1.,0.,0.));
#10524=IFCAXIS2PLACEMENT3D(#10521,#10522,#10523);
#10525=IFCDIRECTION((0.,0.,-1.));
#10526=IFCEXTRUDEDAREASOLID(#10520,#10524,#10525,0.0010000000474974513);
#10527=IFCCARTESIANPOINTLIST2D(((0.,0.),(0.82251758500933647,0.),(0.82251758500933647,0.035000000149011612),(0.,0.035000000149011612)));
#10528=IFCINDEXEDPOLYCURVE(#10527,(IFCLINEINDEX((1,2,3,4,1))),$);
#10529=IFCARBITRARYCLOSEDPROFILEDEF(.AREA.,$,#10528);
#10530=IFCCARTESIANPOINT((0.02500000037252903,0.02500000037252903,0.02500000037252903));
#10531=IFCDIRECTION((0.,0.,1.));
#10532=IFCDIRECTION((1.,0.,0.));
#10533=IFCAXIS2PLACEMENT3D(#10530,#10531,#10532);
#10534=IFCDIRECTION((0.,0.,1.));
#10535=IFCEXTRUDEDAREASOLID(#10529,#10533,#10534,1.9499999992549419);
#10536=IFCCARTESIANPOINTLIST2D(((0.,0.),(0.,-0.040000000000000001),(0.12,-0.040000000000000001),(0.12,-0.02),(0.02,-0.02),(0.02,0.)));
#10537=IFCINDEXEDPOLYCURVE(#10536,(IFCLINEINDEX((1,2,3,4,5,6,1))),$);
#10538=IFCARBITRARYCLOSEDPROFILEDEF(.AREA.,$,#10537);
#10539=IFCCARTESIANPOINT((0.075000000372529033,0.02500000037252903,1.015000000372529));
#10540=IFCDIRECTION((0.,0.,1.));
#10541=IFCDIRECTION((1.,0.,0.));
#10542=IFCAXIS2PLACEMENT3D(#10539,#10540,#10541);
#10543=IFCDIRECTION((0.,0.,1.));
#10544=IFCEXTRUDEDAREASOLID(#10538,#10542,#10543,0.02);
#10545=IFCEXTRUDEDAREASOLID(#10546,#10549,#10553,0.02);
#10546=IFCARBITRARYCLOSEDPROFILEDEF(.AREA.,$,#10547);
#10547=IFCINDEXEDPOLYCURVE(#10548,(IFCLINEINDEX((1,2,3,4,5,6,1))),$);
#10548=IFCCARTESIANPOINTLIST2D(((0.,0.),(0.,0.040000000000000008),(0.11999999999999998,0.040000000000000008),(0.11999999999999998,0.020000000000000004),(0.020000000000000004,0.020000000000000004),(0.020000000000000004,0.)));
#10549=IFCAXIS2PLACEMENT3D(#10550,#10551,#10552);
#10550=IFCCARTESIANPOINT((0.075000000372529033,0.060000000521540642,1.015000000372529));
#10551=IFCDIRECTION((0.,0.,1.));
#10552=IFCDIRECTION((1.,0.,0.));
#10553=IFCDIRECTION((0.,0.,1.));
#10555=IFCSHAPEREPRESENTATION(#11,'Body','SweptSolid',(#10722,#12213,#10713,#10526,#10740,#10517,#10508,#12240,#12249,#12231,#10499,#10731,#12222));
#10556=IFCSHAPEASPECT((#10555),'Lining',$,.T.,#10432);
#10557=IFCSHAPEREPRESENTATION(#11,'Body','SweptSolid',(#10545,#10749,#10535,#10777,#12267,#12258,#10768,#10759,#12268,#10758,#10544,#10786));
#10558=IFCSHAPEASPECT((#10557),'Framing',$,.T.,#10432);
#10600=IFCDOORTYPE('0jjWdehMX8JQm$U9df4fPu',$,'Balcony-2F',$,$,(#10601),(#10603,#10611,#10680,#10692),$,$,.DOOR.,.SINGLE_SWING_LEFT.,$,$);
#10601=IFCPROPERTYSET('2c38Sn_650QO64AO9ZXifa',$,'BBIM_Door',$,(#10602));
#10602=IFCPROPERTYSINGLEVALUE('Data',$,IFCTEXT('{"door_type": "DOUBLE_DOOR_SLIDING", "overall_height": 2.0, "overall_width": 2.0295908451080322, "lining_properties": {"lining_depth": 0.05000000074505806, "lining_thickness": 0.038369450718164444, "lining_offset": 0.0, "transom_thickness": 0.0, "casing_thickness": 0.07500000298023224, "casing_depth": 0.0010000000474974513, "threshold_thickness": 0.02500000037252903, "threshold_depth": 0.10000000149011612, "threshold_offset": 0.0}, "panel_properties": {"panel_depth": 0.03500000014901161, "panel_width_ratio": 1.0}}'),$);
#10603=IFCREPRESENTATIONMAP(#10604,#11371);
#10604=IFCAXIS2PLACEMENT3D(#10605,#10606,#10607);
#10605=IFCCARTESIANPOINT((0.,0.,0.));
#10606=IFCDIRECTION((0.,0.,1.));
#10607=IFCDIRECTION((1.,0.,0.));
#10611=IFCREPRESENTATIONMAP(#10612,#11462);
#10612=IFCAXIS2PLACEMENT3D(#10613,#10614,#10615);
#10613=IFCCARTESIANPOINT((0.,0.,0.));
#10614=IFCDIRECTION((0.,0.,1.));
#10615=IFCDIRECTION((1.,0.,0.));
#10680=IFCREPRESENTATIONMAP(#10681,#11471);
#10681=IFCAXIS2PLACEMENT3D(#10682,#10683,#10684);
#10682=IFCCARTESIANPOINT((0.,0.,0.));
#10683=IFCDIRECTION((0.,0.,1.));
#10684=IFCDIRECTION((1.,0.,0.));
#10692=IFCREPRESENTATIONMAP(#10693,#11476);
#10693=IFCAXIS2PLACEMENT3D(#10694,#10695,#10696);
#10694=IFCCARTESIANPOINT((0.,0.,0.));
#10695=IFCDIRECTION((0.,0.,1.));
#10696=IFCDIRECTION((1.,0.,0.));
#10705=IFCCARTESIANPOINTLIST2D(((0.,0.),(0.,2.),(0.87251758575439453,2.),(0.87251758575439453,0.),(0.82251758500933647,0.),(0.82251758500933647,1.9499999992549419),(0.05000000074505806,1.9499999992549419),(0.05000000074505806,0.)));
#10706=IFCINDEXEDPOLYCURVE(#10705,(IFCLINEINDEX((1,2,3,4,5,6,7,8,1))),$);
#10707=IFCARBITRARYCLOSEDPROFILEDEF(.AREA.,$,#10706);
#10708=IFCCARTESIANPOINT((0.,0.,0.));
#10709=IFCDIRECTION((0.,-1.,0.));
#10710=IFCDIRECTION((1.,0.,0.));
#10711=IFCAXIS2PLACEMENT3D(#10708,#10709,#10710);
#10712=IFCDIRECTION((0.,0.,-1.));
#10713=IFCEXTRUDEDAREASOLID(#10707,#10711,#10712,0.05000000074505806);
#10714=IFCCARTESIANPOINTLIST2D(((0.,0.),(0.77251758426427841,0.),(0.77251758426427841,0.10000000149011612),(0.,0.10000000149011612)));
#10715=IFCINDEXEDPOLYCURVE(#10714,(IFCLINEINDEX((1,2,3,4,1))),$);
#10716=IFCARBITRARYCLOSEDPROFILEDEF(.AREA.,$,#10715);
#10717=IFCCARTESIANPOINT((0.05000000074505806,0.,0.));
#10718=IFCDIRECTION((0.,0.,1.));
#10719=IFCDIRECTION((1.,0.,0.));
#10720=IFCAXIS2PLACEMENT3D(#10717,#10718,#10719);
#10721=IFCDIRECTION((0.,0.,1.));
#10722=IFCEXTRUDEDAREASOLID(#10716,#10720,#10721,0.02500000037252903);
#10723=IFCCARTESIANPOINTLIST2D(((0.,0.),(0.,2.0250000022351742),(0.92251759022474289,2.0250000022351742),(0.92251759022474289,0.),(0.84751758724451065,0.),(0.84751758724451065,1.9499999992549419),(0.075000002980232239,1.9499999992549419),(0.075000002980232239,0.)));
#10724=IFCINDEXEDPOLYCURVE(#10723,(IFCLINEINDEX((1,2,3,4,5,6,7,8,1))),$);
#10725=IFCARBITRARYCLOSEDPROFILEDEF(.AREA.,$,#10724);
#10726=IFCCARTESIANPOINT((-0.025000002235174179,-0.0010000000474974513,0.));
#10727=IFCDIRECTION((0.,-1.,0.));
#10728=IFCDIRECTION((1.,0.,0.));
#10729=IFCAXIS2PLACEMENT3D(#10726,#10727,#10728);
#10730=IFCDIRECTION((0.,0.,-1.));
#10731=IFCEXTRUDEDAREASOLID(#10725,#10729,#10730,0.0010000000474974513);
#10732=IFCCARTESIANPOINTLIST2D(((0.,0.),(0.,2.0250000022351742),(0.92251759022474289,2.0250000022351742),(0.92251759022474289,0.),(0.84751758724451065,0.),(0.84751758724451065,1.9499999992549419),(0.075000002980232239,1.9499999992549419),(0.075000002980232239,0.)));
#10733=IFCINDEXEDPOLYCURVE(#10732,(IFCLINEINDEX((1,2,3,4,5,6,7,8,1))),$);
#10734=IFCARBITRARYCLOSEDPROFILEDEF(.AREA.,$,#10733);
#10735=IFCCARTESIANPOINT((-0.025000002235174179,0.05000000074505806,0.));
#10736=IFCDIRECTION((0.,-1.,0.));
#10737=IFCDIRECTION((1.,0.,0.));
#10738=IFCAXIS2PLACEMENT3D(#10735,#10736,#10737);
#10739=IFCDIRECTION((0.,0.,-1.));
#10740=IFCEXTRUDEDAREASOLID(#10734,#10738,#10739,0.0010000000474974513);
#10741=IFCCARTESIANPOINTLIST2D(((0.,0.),(0.38525879213213921,0.),(0.38525879213213921,0.035000000149011612),(0.,0.035000000149011612)));
#10742=IFCINDEXEDPOLYCURVE(#10741,(IFCLINEINDEX((1,2,3,4,1))),$);
#10743=IFCARBITRARYCLOSEDPROFILEDEF(.AREA.,$,#10742);
#10744=IFCCARTESIANPOINT((0.05000000074505806,-0.035000000149011612,0.02500000037252903));
#10745=IFCDIRECTION((0.,0.,1.));
#10746=IFCDIRECTION((1.,0.,0.));
#10747=IFCAXIS2PLACEMENT3D(#10744,#10745,#10746);
#10748=IFCDIRECTION((0.,0.,1.));
#10749=IFCEXTRUDEDAREASOLID(#10743,#10747,#10748,1.9249999988824129);
#10750=IFCCARTESIANPOINTLIST2D(((0.,0.),(0.,-0.040000000000000008),(-0.12,-0.040000000000000008),(-0.12,-0.020000000000000004),(-0.020000000000000018,-0.020000000000000004),(-0.020000000000000018,0.)));
#10751=IFCINDEXEDPOLYCURVE(#10750,(IFCLINEINDEX((1,2,3,4,5,6,1))),$);
#10752=IFCARBITRARYCLOSEDPROFILEDEF(.AREA.,$,#10751);
#10753=IFCCARTESIANPOINT((0.38525879287719728,-0.035000000149011612,1.015000000372529));
#10754=IFCDIRECTION((0.,0.,1.));
#10755=IFCDIRECTION((1.,0.,0.));
#10756=IFCAXIS2PLACEMENT3D(#10753,#10754,#10755);
#10757=IFCDIRECTION((0.,0.,1.));
#10758=IFCEXTRUDEDAREASOLID(#10752,#10756,#10757,0.02);
#10759=IFCEXTRUDEDAREASOLID(#10760,#10763,#10767,0.02);
#10760=IFCARBITRARYCLOSEDPROFILEDEF(.AREA.,$,#10761);
#10761=IFCINDEXEDPOLYCURVE(#10762,(IFCLINEINDEX((1,2,3,4,5,6,1))),$);
#10762=IFCCARTESIANPOINTLIST2D(((0.,0.),(0.,0.040000000000000008),(-0.12,0.040000000000000008),(-0.12,0.020000000000000004),(-0.020000000000000018,0.020000000000000004),(-0.020000000000000018,0.)));
#10763=IFCAXIS2PLACEMENT3D(#10764,#10765,#10766);
#10764=IFCCARTESIANPOINT((0.38525879287719728,0.,1.015000000372529));
#10765=IFCDIRECTION((0.,0.,1.));
#10766=IFCDIRECTION((1.,0.,0.));
#10767=IFCDIRECTION((0.,0.,1.));
#10768=IFCEXTRUDEDAREASOLID(#10769,#10772,#10776,1.9249999988824129);
#10769=IFCARBITRARYCLOSEDPROFILEDEF(.AREA.,$,#10770);
#10770=IFCINDEXEDPOLYCURVE(#10771,(IFCLINEINDEX((1,2,3,4,1))),$);
#10771=IFCCARTESIANPOINTLIST2D(((0.,0.),(-0.38525879213213921,0.),(-0.38525879213213921,0.035000000149011612),(0.,0.035000000149011612)));
#10772=IFCAXIS2PLACEMENT3D(#10773,#10774,#10775);
#10773=IFCCARTESIANPOINT((0.82251758500933647,-0.035000000149011612,0.02500000037252903));
#10774=IFCDIRECTION((0.,0.,1.));
#10775=IFCDIRECTION((1.,0.,0.));
#10776=IFCDIRECTION((0.,0.,1.));
#10777=IFCEXTRUDEDAREASOLID(#10778,#10781,#10785,0.02);
#10778=IFCARBITRARYCLOSEDPROFILEDEF(.AREA.,$,#10779);
#10779=IFCINDEXEDPOLYCURVE(#10780,(IFCLINEINDEX((1,2,3,4,5,6,1))),$);
#10780=IFCCARTESIANPOINTLIST2D(((0.,0.),(0.,-0.040000000000000008),(0.12000000000000005,-0.040000000000000008),(0.12000000000000005,-0.020000000000000004),(0.019999999999999962,-0.020000000000000004),(0.019999999999999962,0.)));
#10781=IFCAXIS2PLACEMENT3D(#10782,#10783,#10784);
#10782=IFCCARTESIANPOINT((0.48725879287719726,-0.035000000149011612,1.015000000372529));
#10783=IFCDIRECTION((0.,0.,1.));
#10784=IFCDIRECTION((1.,0.,0.));
#10785=IFCDIRECTION((0.,0.,1.));
#10786=IFCEXTRUDEDAREASOLID(#10787,#10790,#10794,0.02);
#10787=IFCARBITRARYCLOSEDPROFILEDEF(.AREA.,$,#10788);
#10788=IFCINDEXEDPOLYCURVE(#10789,(IFCLINEINDEX((1,2,3,4,5,6,1))),$);
#10789=IFCCARTESIANPOINTLIST2D(((0.,0.),(0.,0.040000000000000008),(0.12000000000000005,0.040000000000000008),(0.12000000000000005,0.020000000000000004),(0.019999999999999962,0.020000000000000004),(0.019999999999999962,0.)));
#10790=IFCAXIS2PLACEMENT3D(#10791,#10792,#10793);
#10791=IFCCARTESIANPOINT((0.48725879287719726,0.,1.015000000372529));
#10792=IFCDIRECTION((0.,0.,1.));
#10793=IFCDIRECTION((1.,0.,0.));
#10794=IFCDIRECTION((0.,0.,1.));
#11160=IFCDOOR('0t7ZfI0KL4$9OCySAcSb8L',$,'Door',$,$,#11501,#11169,$,2.,2.0295908451080322,$,.DOUBLE_DOOR_SLIDING.,$);
#11161=IFCRELDEFINESBYTYPE('1In_h5kPbDxPIy7JPJH3Fo',$,$,$,(#11160),#10600);
#11162=IFCCARTESIANPOINT((0.,0.,0.));
#11163=IFCDIRECTION((1.,0.,0.));
#11164=IFCDIRECTION((0.,1.,0.));
#11165=IFCDIRECTION((0.,0.,1.));
#11166=IFCCARTESIANTRANSFORMATIONOPERATOR3D(#11163,#11164,#11162,1.,#11165);
#11167=IFCMAPPEDITEM(#10603,#11166);
#11168=IFCSHAPEREPRESENTATION(#18,'Profile','MappedRepresentation',(#11167));
#11169=IFCPRODUCTDEFINITIONSHAPE($,$,(#11168,#11176,#11183,#11190));
#11170=IFCCARTESIANPOINT((0.,0.,0.));
#11171=IFCDIRECTION((1.,0.,0.));
#11172=IFCDIRECTION((0.,1.,0.));
#11173=IFCDIRECTION((0.,0.,1.));
#11174=IFCCARTESIANTRANSFORMATIONOPERATOR3D(#11171,#11172,#11170,1.,#11173);
#11175=IFCMAPPEDITEM(#10611,#11174);
#11176=IFCSHAPEREPRESENTATION(#11,'Body','MappedRepresentation',(#11175));
#11177=IFCCARTESIANPOINT((0.,0.,0.));
#11178=IFCDIRECTION((1.,0.,0.));
#11179=IFCDIRECTION((0.,1.,0.));
#11180=IFCDIRECTION((0.,0.,1.));
#11181=IFCCARTESIANTRANSFORMATIONOPERATOR3D(#11178,#11179,#11177,1.,#11180);
#11182=IFCMAPPEDITEM(#10680,#11181);
#11183=IFCSHAPEREPRESENTATION(#24,'Body','MappedRepresentation',(#11182));
#11184=IFCCARTESIANPOINT((0.,0.,0.));
#11185=IFCDIRECTION((1.,0.,0.));
#11186=IFCDIRECTION((0.,1.,0.));
#11187=IFCDIRECTION((0.,0.,1.));
#11188=IFCCARTESIANTRANSFORMATIONOPERATOR3D(#11185,#11186,#11184,1.,#11187);
#11189=IFCMAPPEDITEM(#10692,#11188);
#11190=IFCSHAPEREPRESENTATION(#25,'Annotation','MappedRepresentation',(#11189));
#11191=IFCOPENINGELEMENT('03cXuGsJH27BfJiQJ_f80f',$,'Opening',$,$,#11496,#11219,$,.OPENING.);
#11207=IFCCARTESIANPOINT((0.,0.,0.));
#11208=IFCDIRECTION((1.,0.,0.));
#11209=IFCDIRECTION((0.,0.,1.));
#11210=IFCAXIS2PLACEMENT3D(#11207,#11209,#11208);
#11211=IFCREPRESENTATIONMAP(#11210,#11486);
#11212=IFCCARTESIANPOINT((0.,0.,0.));
#11213=IFCDIRECTION((1.,0.,0.));
#11214=IFCDIRECTION((0.,1.,0.));
#11215=IFCDIRECTION((0.,0.,1.));
#11216=IFCCARTESIANTRANSFORMATIONOPERATOR3D(#11213,#11214,#11212,1.,#11215);
#11217=IFCMAPPEDITEM(#11211,#11216);
#11218=IFCSHAPEREPRESENTATION(#11,'Body','MappedRepresentation',(#11217));
#11219=IFCPRODUCTDEFINITIONSHAPE($,$,(#11218));
#11220=IFCRELVOIDSELEMENT('0NISl8d$9A$x7GkQM20Gzq',$,$,$,#8026,#11191);
#11226=IFCRELFILLSELEMENT('3V84hC9R9EHPEq_cl_tXfx',$,$,$,#11191,#11160);
#11235=IFCCARTESIANPOINTLIST2D(((0.,0.),(0.,2.),(1.4655077457427979,2.),(1.4655077457427979,0.),(1.4155077449977398,0.),(1.4155077449977398,1.9499999992549419),(0.05000000074505806,1.9499999992549419),(0.05000000074505806,0.)));
#11236=IFCINDEXEDPOLYCURVE(#11235,(IFCLINEINDEX((1,2,3,4,5,6,7,8,1))),$);
#11237=IFCARBITRARYCLOSEDPROFILEDEF(.AREA.,$,#11236);
#11238=IFCCARTESIANPOINT((0.,0.,0.));
#11239=IFCDIRECTION((0.,-1.,0.));
#11240=IFCDIRECTION((1.,0.,0.));
#11241=IFCAXIS2PLACEMENT3D(#11238,#11239,#11240);
#11242=IFCDIRECTION((0.,0.,-1.));
#11243=IFCEXTRUDEDAREASOLID(#11237,#11241,#11242,0.05000000074505806);
#11244=IFCCARTESIANPOINTLIST2D(((0.,0.),(1.3655077442526817,0.),(1.3655077442526817,0.10000000149011612),(0.,0.10000000149011612)));
#11245=IFCINDEXEDPOLYCURVE(#11244,(IFCLINEINDEX((1,2,3,4,1))),$);
#11246=IFCARBITRARYCLOSEDPROFILEDEF(.AREA.,$,#11245);
#11247=IFCCARTESIANPOINT((0.05000000074505806,0.,0.));
#11248=IFCDIRECTION((0.,0.,1.));
#11249=IFCDIRECTION((1.,0.,0.));
#11250=IFCAXIS2PLACEMENT3D(#11247,#11248,#11249);
#11251=IFCDIRECTION((0.,0.,1.));
#11252=IFCEXTRUDEDAREASOLID(#11246,#11250,#11251,0.02500000037252903);
#11253=IFCCARTESIANPOINTLIST2D(((0.,0.),(0.,2.0250000022351742),(1.5155077502131462,2.0250000022351742),(1.5155077502131462,0.),(1.440507747232914,0.),(1.440507747232914,1.9499999992549419),(0.075000002980232239,1.9499999992549419),(0.075000002980232239,0.)));
#11254=IFCINDEXEDPOLYCURVE(#11253,(IFCLINEINDEX((1,2,3,4,5,6,7,8,1))),$);
#11255=IFCARBITRARYCLOSEDPROFILEDEF(.AREA.,$,#11254);
#11256=IFCCARTESIANPOINT((-0.025000002235174179,-0.0010000000474974513,0.));
#11257=IFCDIRECTION((0.,-1.,0.));
#11258=IFCDIRECTION((1.,0.,0.));
#11259=IFCAXIS2PLACEMENT3D(#11256,#11257,#11258);
#11260=IFCDIRECTION((0.,0.,-1.));
#11261=IFCEXTRUDEDAREASOLID(#11255,#11259,#11260,0.0010000000474974513);
#11262=IFCCARTESIANPOINTLIST2D(((0.,0.),(0.,2.0250000022351742),(1.5155077502131462,2.0250000022351742),(1.5155077502131462,0.),(1.440507747232914,0.),(1.440507747232914,1.9499999992549419),(0.075000002980232239,1.9499999992549419),(0.075000002980232239,0.)));
#11263=IFCINDEXEDPOLYCURVE(#11262,(IFCLINEINDEX((1,2,3,4,5,6,7,8,1))),$);
#11264=IFCARBITRARYCLOSEDPROFILEDEF(.AREA.,$,#11263);
#11265=IFCCARTESIANPOINT((-0.025000002235174179,0.05000000074505806,0.));
#11266=IFCDIRECTION((0.,-1.,0.));
#11267=IFCDIRECTION((1.,0.,0.));
#11268=IFCAXIS2PLACEMENT3D(#11265,#11266,#11267);
#11269=IFCDIRECTION((0.,0.,-1.));
#11270=IFCEXTRUDEDAREASOLID(#11264,#11268,#11269,0.0010000000474974513);
#11271=IFCCARTESIANPOINTLIST2D(((0.,0.),(0.68175387212634087,0.),(0.68175387212634087,0.035000000149011612),(0.,0.035000000149011612)));
#11272=IFCINDEXEDPOLYCURVE(#11271,(IFCLINEINDEX((1,2,3,4,1))),$);
#11273=IFCARBITRARYCLOSEDPROFILEDEF(.AREA.,$,#11272);
#11274=IFCCARTESIANPOINT((0.05000000074505806,-0.035000000149011612,0.02500000037252903));
#11275=IFCDIRECTION((0.,0.,1.));
#11276=IFCDIRECTION((1.,0.,0.));
#11277=IFCAXIS2PLACEMENT3D(#11274,#11275,#11276);
#11278=IFCDIRECTION((0.,0.,1.));
#11279=IFCEXTRUDEDAREASOLID(#11273,#11277,#11278,1.9249999988824129);
#11280=IFCCARTESIANPOINTLIST2D(((0.,0.),(0.,-0.040000000000000008),(-0.12000000000000011,-0.040000000000000008),(-0.12000000000000011,-0.020000000000000004),(-0.020000000000000018,-0.020000000000000004),(-0.020000000000000018,0.)));
#11281=IFCINDEXEDPOLYCURVE(#11280,(IFCLINEINDEX((1,2,3,4,5,6,1))),$);
#11282=IFCARBITRARYCLOSEDPROFILEDEF(.AREA.,$,#11281);
#11283=IFCCARTESIANPOINT((0.68175387287139899,-0.035000000149011612,1.015000000372529));
#11284=IFCDIRECTION((0.,0.,1.));
#11285=IFCDIRECTION((1.,0.,0.));
#11286=IFCAXIS2PLACEMENT3D(#11283,#11284,#11285);
#11287=IFCDIRECTION((0.,0.,1.));
#11288=IFCEXTRUDEDAREASOLID(#11282,#11286,#11287,0.02);
#11289=IFCEXTRUDEDAREASOLID(#11290,#11293,#11297,0.02);
#11290=IFCARBITRARYCLOSEDPROFILEDEF(.AREA.,$,#11291);
#11291=IFCINDEXEDPOLYCURVE(#11292,(IFCLINEINDEX((1,2,3,4,5,6,1))),$);
#11292=IFCCARTESIANPOINTLIST2D(((0.,0.),(0.,0.040000000000000008),(-0.12000000000000011,0.040000000000000008),(-0.12000000000000011,0.020000000000000004),(-0.020000000000000018,0.020000000000000004),(-0.020000000000000018,0.)));
#11293=IFCAXIS2PLACEMENT3D(#11294,#11295,#11296);
#11294=IFCCARTESIANPOINT((0.68175387287139899,0.,1.015000000372529));
#11295=IFCDIRECTION((0.,0.,1.));
#11296=IFCDIRECTION((1.,0.,0.));
#11297=IFCDIRECTION((0.,0.,1.));
#11298=IFCEXTRUDEDAREASOLID(#11299,#11302,#11306,1.9249999988824129);
#11299=IFCARBITRARYCLOSEDPROFILEDEF(.AREA.,$,#11300);
#11300=IFCINDEXEDPOLYCURVE(#11301,(IFCLINEINDEX((1,2,3,4,1))),$);
#11301=IFCCARTESIANPOINTLIST2D(((0.,0.),(-0.68175387212634087,0.),(-0.68175387212634087,0.035000000149011612),(0.,0.035000000149011612)));
#11302=IFCAXIS2PLACEMENT3D(#11303,#11304,#11305);
#11303=IFCCARTESIANPOINT((1.4155077449977398,-0.035000000149011612,0.02500000037252903));
#11304=IFCDIRECTION((0.,0.,1.));
#11305=IFCDIRECTION((1.,0.,0.));
#11306=IFCDIRECTION((0.,0.,1.));
#11307=IFCEXTRUDEDAREASOLID(#11308,#11311,#11315,0.02);
#11308=IFCARBITRARYCLOSEDPROFILEDEF(.AREA.,$,#11309);
#11309=IFCINDEXEDPOLYCURVE(#11310,(IFCLINEINDEX((1,2,3,4,5,6,1))),$);
#11310=IFCCARTESIANPOINTLIST2D(((0.,0.),(0.,-0.040000000000000008),(0.12000000000000011,-0.040000000000000008),(0.12000000000000011,-0.020000000000000004),(0.020000000000000018,-0.020000000000000004),(0.020000000000000018,0.)));
#11311=IFCAXIS2PLACEMENT3D(#11312,#11313,#11314);
#11312=IFCCARTESIANPOINT((0.78375387287139886,-0.035000000149011612,1.015000000372529));
#11313=IFCDIRECTION((0.,0.,1.));
#11314=IFCDIRECTION((1.,0.,0.));
#11315=IFCDIRECTION((0.,0.,1.));
#11316=IFCEXTRUDEDAREASOLID(#11317,#11320,#11324,0.02);
#11317=IFCARBITRARYCLOSEDPROFILEDEF(.AREA.,$,#11318);
#11318=IFCINDEXEDPOLYCURVE(#11319,(IFCLINEINDEX((1,2,3,4,5,6,1))),$);
#11319=IFCCARTESIANPOINTLIST2D(((0.,0.),(0.,0.040000000000000008),(0.12000000000000011,0.040000000000000008),(0.12000000000000011,0.020000000000000004),(0.020000000000000018,0.020000000000000004),(0.020000000000000018,0.)));
#11320=IFCAXIS2PLACEMENT3D(#11321,#11322,#11323);
#11321=IFCCARTESIANPOINT((0.78375387287139886,0.,1.015000000372529));
#11322=IFCDIRECTION((0.,0.,1.));
#11323=IFCDIRECTION((1.,0.,0.));
#11324=IFCDIRECTION((0.,0.,1.));
#11326=IFCSHAPEREPRESENTATION(#11,'Body','SweptSolid',(#11270,#11243,#11407,#11261,#11398,#11389,#11380,#11252));
#11327=IFCSHAPEASPECT((#11326),'Lining',$,.T.,#11169);
#11328=IFCSHAPEREPRESENTATION(#11,'Body','SweptSolid',(#11444,#11298,#11435,#11289,#11453,#11288,#11316,#11425,#11279,#11426,#11307,#11416));
#11329=IFCSHAPEASPECT((#11328),'Framing',$,.T.,#11169);
#11369=IFCCARTESIANPOINTLIST3D(((0.,0.,0.),(2.0295908451080322,0.,0.),(2.0295908451080322,0.,2.),(0.,0.,2.)));
#11370=IFCINDEXEDPOLYCURVE(#11369,(IFCLINEINDEX((1,2,3,4,1))),$);
#11371=IFCSHAPEREPRESENTATION(#18,'Profile','Curve3D',(#11370));
#11372=IFCCARTESIANPOINTLIST2D(((0.,0.),(0.,2.),(2.0295908451080322,2.),(2.0295908451080322,0.),(1.9912213943898678,0.),(1.9912213943898678,1.9616305492818356),(0.038369450718164444,1.9616305492818356),(0.038369450718164444,0.)));
#11373=IFCINDEXEDPOLYCURVE(#11372,(IFCLINEINDEX((1,2,3,4,5,6,7,8,1))),$);
#11374=IFCARBITRARYCLOSEDPROFILEDEF(.AREA.,$,#11373);
#11375=IFCCARTESIANPOINT((0.,0.,0.));
#11376=IFCDIRECTION((0.,-1.,0.));
#11377=IFCDIRECTION((1.,0.,0.));
#11378=IFCAXIS2PLACEMENT3D(#11375,#11376,#11377);
#11379=IFCDIRECTION((0.,0.,-1.));
#11380=IFCEXTRUDEDAREASOLID(#11374,#11378,#11379,0.05000000074505806);
#11381=IFCCARTESIANPOINTLIST2D(((0.,0.),(1.9528519436717033,0.),(1.9528519436717033,0.10000000149011612),(0.,0.10000000149011612)));
#11382=IFCINDEXEDPOLYCURVE(#11381,(IFCLINEINDEX((1,2,3,4,1))),$);
#11383=IFCARBITRARYCLOSEDPROFILEDEF(.AREA.,$,#11382);
#11384=IFCCARTESIANPOINT((0.038369450718164444,0.,0.));
#11385=IFCDIRECTION((0.,0.,1.));
#11386=IFCDIRECTION((1.,0.,0.));
#11387=IFCAXIS2PLACEMENT3D(#11384,#11385,#11386);
#11388=IFCDIRECTION((0.,0.,1.));
#11389=IFCEXTRUDEDAREASOLID(#11383,#11387,#11388,0.02500000037252903);
#11390=IFCCARTESIANPOINTLIST2D(((0.,0.),(0.,2.0366305522620678),(2.1028519496321678,2.0366305522620678),(2.1028519496321678,0.),(2.0278519466519356,0.),(2.0278519466519356,1.9616305492818356),(0.075000002980232239,1.9616305492818356),(0.075000002980232239,0.)));
#11391=IFCINDEXEDPOLYCURVE(#11390,(IFCLINEINDEX((1,2,3,4,5,6,7,8,1))),$);
#11392=IFCARBITRARYCLOSEDPROFILEDEF(.AREA.,$,#11391);
#11393=IFCCARTESIANPOINT((-0.036630552262067795,-0.0010000000474974513,0.));
#11394=IFCDIRECTION((0.,-1.,0.));
#11395=IFCDIRECTION((1.,0.,0.));
#11396=IFCAXIS2PLACEMENT3D(#11393,#11394,#11395);
#11397=IFCDIRECTION((0.,0.,-1.));
#11398=IFCEXTRUDEDAREASOLID(#11392,#11396,#11397,0.0010000000474974513);
#11399=IFCCARTESIANPOINTLIST2D(((0.,0.),(0.,2.0366305522620678),(2.1028519496321678,2.0366305522620678),(2.1028519496321678,0.),(2.0278519466519356,0.),(2.0278519466519356,1.9616305492818356),(0.075000002980232239,1.9616305492818356),(0.075000002980232239,0.)));
#11400=IFCINDEXEDPOLYCURVE(#11399,(IFCLINEINDEX((1,2,3,4,5,6,7,8,1))),$);
#11401=IFCARBITRARYCLOSEDPROFILEDEF(.AREA.,$,#11400);
#11402=IFCCARTESIANPOINT((-0.036630552262067795,0.05000000074505806,0.));
#11403=IFCDIRECTION((0.,-1.,0.));
#11404=IFCDIRECTION((1.,0.,0.));
#11405=IFCAXIS2PLACEMENT3D(#11402,#11403,#11404);
#11406=IFCDIRECTION((0.,0.,-1.));
#11407=IFCEXTRUDEDAREASOLID(#11401,#11405,#11406,0.0010000000474974513);
#11408=IFCCARTESIANPOINTLIST2D(((0.,0.),(0.97542597183585167,0.),(0.97542597183585167,0.035000000149011612),(0.,0.035000000149011612)));
#11409=IFCINDEXEDPOLYCURVE(#11408,(IFCLINEINDEX((1,2,3,4,1))),$);
#11410=IFCARBITRARYCLOSEDPROFILEDEF(.AREA.,$,#11409);
#11411=IFCCARTESIANPOINT((0.038369450718164444,-0.035000000149011612,0.02500000037252903));
#11412=IFCDIRECTION((0.,0.,1.));
#11413=IFCDIRECTION((1.,0.,0.));
#11414=IFCAXIS2PLACEMENT3D(#11411,#11412,#11413);
#11415=IFCDIRECTION((0.,0.,1.));
#11416=IFCEXTRUDEDAREASOLID(#11410,#11414,#11415,1.9366305489093065);
#11417=IFCCARTESIANPOINTLIST2D(((0.,0.),(0.,-0.040000000000000008),(-0.11999999999999988,-0.040000000000000008),(-0.11999999999999988,-0.020000000000000004),(-0.020000000000000018,-0.020000000000000004),(-0.020000000000000018,0.)));
#11418=IFCINDEXEDPOLYCURVE(#11417,(IFCLINEINDEX((1,2,3,4,5,6,1))),$);
#11419=IFCARBITRARYCLOSEDPROFILEDEF(.AREA.,$,#11418);
#11420=IFCCARTESIANPOINT((0.96379542255401618,-0.035000000149011612,1.015000000372529));
#11421=IFCDIRECTION((0.,0.,1.));
#11422=IFCDIRECTION((1.,0.,0.));
#11423=IFCAXIS2PLACEMENT3D(#11420,#11421,#11422);
#11424=IFCDIRECTION((0.,0.,1.));
#11425=IFCEXTRUDEDAREASOLID(#11419,#11423,#11424,0.02);
#11426=IFCEXTRUDEDAREASOLID(#11427,#11430,#11434,0.02);
#11427=IFCARBITRARYCLOSEDPROFILEDEF(.AREA.,$,#11428);
#11428=IFCINDEXEDPOLYCURVE(#11429,(IFCLINEINDEX((1,2,3,4,5,6,1))),$);
#11429=IFCCARTESIANPOINTLIST2D(((0.,0.),(0.,0.040000000000000008),(-0.11999999999999988,0.040000000000000008),(-0.11999999999999988,0.020000000000000004),(-0.020000000000000018,0.020000000000000004),(-0.020000000000000018,0.)));
#11430=IFCAXIS2PLACEMENT3D(#11431,#11432,#11433);
#11431=IFCCARTESIANPOINT((0.96379542255401618,0.,1.015000000372529));
#11432=IFCDIRECTION((0.,0.,1.));
#11433=IFCDIRECTION((1.,0.,0.));
#11434=IFCDIRECTION((0.,0.,1.));
#11435=IFCEXTRUDEDAREASOLID(#11436,#11439,#11443,1.9366305489093065);
#11436=IFCARBITRARYCLOSEDPROFILEDEF(.AREA.,$,#11437);
#11437=IFCINDEXEDPOLYCURVE(#11438,(IFCLINEINDEX((1,2,3,4,1))),$);
#11438=IFCCARTESIANPOINTLIST2D(((0.,0.),(-0.97542597183585178,0.),(-0.97542597183585178,0.035000000149011612),(0.,0.035000000149011612)));
#11439=IFCAXIS2PLACEMENT3D(#11440,#11441,#11442);
#11440=IFCCARTESIANPOINT((1.9912213943898678,-0.035000000149011612,0.02500000037252903));
#11441=IFCDIRECTION((0.,0.,1.));
#11442=IFCDIRECTION((1.,0.,0.));
#11443=IFCDIRECTION((0.,0.,1.));
#11444=IFCEXTRUDEDAREASOLID(#11445,#11448,#11452,0.02);
#11445=IFCARBITRARYCLOSEDPROFILEDEF(.AREA.,$,#11446);
#11446=IFCINDEXEDPOLYCURVE(#11447,(IFCLINEINDEX((1,2,3,4,5,6,1))),$);
#11447=IFCCARTESIANPOINTLIST2D(((0.,0.),(0.,-0.040000000000000008),(0.11999999999999988,-0.040000000000000008),(0.11999999999999988,-0.020000000000000004),(0.020000000000000018,-0.020000000000000004),(0.020000000000000018,0.)));
#11448=IFCAXIS2PLACEMENT3D(#11449,#11450,#11451);
#11449=IFCCARTESIANPOINT((1.065795422554016,-0.035000000149011612,1.015000000372529));
#11450=IFCDIRECTION((0.,0.,1.));
#11451=IFCDIRECTION((1.,0.,0.));
#11452=IFCDIRECTION((0.,0.,1.));
#11453=IFCEXTRUDEDAREASOLID(#11454,#11457,#11461,0.02);
#11454=IFCARBITRARYCLOSEDPROFILEDEF(.AREA.,$,#11455);
#11455=IFCINDEXEDPOLYCURVE(#11456,(IFCLINEINDEX((1,2,3,4,5,6,1))),$);
#11456=IFCCARTESIANPOINTLIST2D(((0.,0.),(0.,0.040000000000000008),(0.11999999999999988,0.040000000000000008),(0.11999999999999988,0.020000000000000004),(0.020000000000000018,0.020000000000000004),(0.020000000000000018,0.)));
#11457=IFCAXIS2PLACEMENT3D(#11458,#11459,#11460);
#11458=IFCCARTESIANPOINT((1.065795422554016,0.,1.015000000372529));
#11459=IFCDIRECTION((0.,0.,1.));
#11460=IFCDIRECTION((1.,0.,0.));
#11461=IFCDIRECTION((0.,0.,1.));
#11462=IFCSHAPEREPRESENTATION(#11,'Body','SweptSolid',(#11380,#11416,#11425,#11426,#11435,#11444,#11453,#11389,#11398,#11407));
#11463=IFCCARTESIANPOINTLIST2D(((0.,0.),(0.038369450718164444,0.),(0.038369450718164444,0.05000000074505806),(0.,0.05000000074505806)));
#11464=IFCINDEXEDPOLYCURVE(#11463,(IFCLINEINDEX((1,2,3,4,1))),$);
#11465=IFCINDEXEDPOLYCURVE(#11466,(IFCLINEINDEX((1,2,3,4,1))),$);
#11466=IFCCARTESIANPOINTLIST2D(((2.0295908451080322,0.),(1.9912213943898678,0.),(1.9912213943898678,0.05000000074505806),(2.0295908451080322,0.05000000074505806)));
#11467=IFCCARTESIANPOINTLIST2D(((-0.44984353519976139,-0.035000000149011612),(0.52658243663609028,-0.035000000149011612),(0.52658243663609028,0.),(-0.44984353519976139,0.)));
#11468=IFCINDEXEDPOLYCURVE(#11467,(IFCLINEINDEX((1,2,3,4,1))),$);
#11469=IFCINDEXEDPOLYCURVE(#11470,(IFCLINEINDEX((1,2,3,4,1))),$);
#11470=IFCCARTESIANPOINTLIST2D(((2.4794343803077936,-0.035000000149011612),(1.5030084084719419,-0.035000000149011612),(1.5030084084719419,0.),(2.4794343803077936,0.)));
#11471=IFCSHAPEREPRESENTATION(#24,'Body','Curve2D',(#11464,#11465,#11468,#11469));
#11472=IFCCARTESIANPOINTLIST2D(((0.72186763100326057,-0.081587428267465345),(1.3077232141047717,-0.081587428267465345)));
#11473=IFCINDEXEDPOLYCURVE(#11472,$,$);
#11474=IFCCARTESIANPOINTLIST2D(((0.75186763100326059,-0.050529142855162856),(0.72186763100326057,-0.081587428267465345),(0.75186763100326059,-0.11264571367976783)));
#11475=IFCINDEXEDPOLYCURVE(#11474,$,$);
#11476=IFCSHAPEREPRESENTATION(#25,'Annotation','Curve2D',(#11473,#11475));
#11477=IFCCARTESIANPOINTLIST2D(((0.,0.),(2.0295908451080322,0.),(2.0295908451080322,2.),(0.,2.)));
#11478=IFCINDEXEDPOLYCURVE(#11477,(IFCLINEINDEX((1,2,3,4,1))),$);
#11479=IFCARBITRARYCLOSEDPROFILEDEF(.AREA.,$,#11478);
#11480=IFCCARTESIANPOINT((0.,-0.60000002384185791,0.));
#11481=IFCDIRECTION((0.,-1.,0.));
#11482=IFCDIRECTION((1.,0.,0.));
#11483=IFCAXIS2PLACEMENT3D(#11480,#11481,#11482);
#11484=IFCDIRECTION((0.,0.,-1.));
#11485=IFCEXTRUDEDAREASOLID(#11479,#11483,#11484,1.2);
#11486=IFCSHAPEREPRESENTATION(#11,'Body','SweptSolid',(#11485));
#11492=IFCCARTESIANPOINT((1.3677497472459681,0.075000524520874023,0.));
#11493=IFCDIRECTION((0.,0.,1.));
#11494=IFCDIRECTION((0.99999999999997158,-2.3841857910155572E-07,0.));
#11495=IFCAXIS2PLACEMENT3D(#11492,#11493,#11494);
#11496=IFCLOCALPLACEMENT(#10256,#11495);
#11497=IFCCARTESIANPOINT((-2.2204460492503131E-16,0.,0.));
#11498=IFCDIRECTION((0.,0.,1.));
#11499=IFCDIRECTION((1.,2.6469779601696886E-23,0.));
#11500=IFCAXIS2PLACEMENT3D(#11497,#11498,#11499);
#11501=IFCLOCALPLACEMENT(#11496,#11500);
#11502=IFCDOORTYPE('3WzzoY1GP0J8TDHvDjJLtZ',$,'BR2-2F',$,$,(#11503),(#11505,#11513,#11582),$,$,.DOOR.,.SINGLE_SWING_LEFT.,$,$);
#11503=IFCPROPERTYSET('2wX_liz852bwUEjRh8h9G6',$,'BBIM_Door',$,(#11504));
#11504=IFCPROPERTYSINGLEVALUE('Data',$,IFCTEXT('{"door_type": "DOUBLE_SWING_LEFT", "overall_height": 2.0, "overall_width": 0.8965222835540771, "lining_properties": {"lining_depth": 0.05000000074505806, "lining_thickness": 0.05000000074505806, "lining_offset": 0.0, "lining_to_panel_offset_x": 0.02500000037252903, "lining_to_panel_offset_y": 0.02500000037252903, "transom_thickness": 0.0, "casing_thickness": 0.07500000298023224, "casing_depth": 0.0010000000474974513, "threshold_thickness": 0.02500000037252903, "threshold_depth": 0.10000000149011612, "threshold_offset": 0.0}, "panel_properties": {"panel_depth": 0.03500000014901161, "panel_width_ratio": 1.0}}'),$);
#11505=IFCREPRESENTATIONMAP(#11506,#12081);
#11506=IFCAXIS2PLACEMENT3D(#11507,#11508,#11509);
#11507=IFCCARTESIANPOINT((0.,0.,0.));
#11508=IFCDIRECTION((0.,0.,1.));
#11509=IFCDIRECTION((1.,0.,0.));
#11513=IFCREPRESENTATIONMAP(#11514,#12145);
#11514=IFCAXIS2PLACEMENT3D(#11515,#11516,#11517);
#11515=IFCCARTESIANPOINT((0.,0.,0.));
#11516=IFCDIRECTION((0.,0.,1.));
#11517=IFCDIRECTION((1.,0.,0.));
#11582=IFCREPRESENTATIONMAP(#11583,#12161);
#11583=IFCAXIS2PLACEMENT3D(#11584,#11585,#11586);
#11584=IFCCARTESIANPOINT((0.,0.,0.));
#11585=IFCDIRECTION((0.,0.,1.));
#11586=IFCDIRECTION((1.,0.,0.));
#11603=IFCDOOR('1FkXcaIUb8_RPm$lWii2vT',$,'Door',$,$,#12201,#11612,$,2.,0.89652228355407715,$,.DOUBLE_SWING_LEFT.,$);
#11604=IFCRELDEFINESBYTYPE('35cy168G1B_AoSb2EuKT2G',$,$,$,(#11780,#11603),#11502);
#11605=IFCCARTESIANPOINT((0.,0.,0.));
#11606=IFCDIRECTION((1.,0.,0.));
#11607=IFCDIRECTION((0.,1.,0.));
#11608=IFCDIRECTION((0.,0.,1.));
#11609=IFCCARTESIANTRANSFORMATIONOPERATOR3D(#11606,#11607,#11605,1.,#11608);
#11610=IFCMAPPEDITEM(#11505,#11609);
#11611=IFCSHAPEREPRESENTATION(#18,'Profile','MappedRepresentation',(#11610));
#11612=IFCPRODUCTDEFINITIONSHAPE($,$,(#11611,#11619,#11626));
#11613=IFCCARTESIANPOINT((0.,0.,0.));
#11614=IFCDIRECTION((1.,0.,0.));
#11615=IFCDIRECTION((0.,1.,0.));
#11616=IFCDIRECTION((0.,0.,1.));
#11617=IFCCARTESIANTRANSFORMATIONOPERATOR3D(#11614,#11615,#11613,1.,#11616);
#11618=IFCMAPPEDITEM(#11513,#11617);
#11619=IFCSHAPEREPRESENTATION(#11,'Body','MappedRepresentation',(#11618));
#11620=IFCCARTESIANPOINT((0.,0.,0.));
#11621=IFCDIRECTION((1.,0.,0.));
#11622=IFCDIRECTION((0.,1.,0.));
#11623=IFCDIRECTION((0.,0.,1.));
#11624=IFCCARTESIANTRANSFORMATIONOPERATOR3D(#11621,#11622,#11620,1.,#11623);
#11625=IFCMAPPEDITEM(#11582,#11624);
#11626=IFCSHAPEREPRESENTATION(#24,'Body','MappedRepresentation',(#11625));
#11627=IFCOPENINGELEMENT('3gZXY_3XrA4hwMeO$f7qdE',$,'Opening',$,$,#12196,#11655,$,.OPENING.);
#11643=IFCCARTESIANPOINT((0.,0.,0.));
#11644=IFCDIRECTION((1.,0.,0.));
#11645=IFCDIRECTION((0.,0.,1.));
#11646=IFCAXIS2PLACEMENT3D(#11643,#11645,#11644);
#11647=IFCREPRESENTATIONMAP(#11646,#12171);
#11648=IFCCARTESIANPOINT((0.,0.,0.));
#11649=IFCDIRECTION((1.,0.,0.));
#11650=IFCDIRECTION((0.,1.,0.));
#11651=IFCDIRECTION((0.,0.,1.));
#11652=IFCCARTESIANTRANSFORMATIONOPERATOR3D(#11649,#11650,#11648,1.,#11651);
#11653=IFCMAPPEDITEM(#11647,#11652);
#11654=IFCSHAPEREPRESENTATION(#11,'Body','MappedRepresentation',(#11653));
#11655=IFCPRODUCTDEFINITIONSHAPE($,$,(#11654));
#11656=IFCRELVOIDSELEMENT('1HaOOFTy9EWfrG3yvp$2Ij',$,$,$,#8076,#11627);
#11662=IFCRELFILLSELEMENT('0VInDWaL56ZBYCzClWjCvn',$,$,$,#11627,#11603);
#11671=IFCCARTESIANPOINTLIST2D(((0.,0.),(0.,2.),(0.89652228355407715,2.),(0.89652228355407715,0.),(0.87152228318154812,0.),(0.87152228318154812,1.974999999627471),(0.02500000037252903,1.974999999627471),(0.02500000037252903,0.)));
#11672=IFCINDEXEDPOLYCURVE(#11671,(IFCLINEINDEX((1,2,3,4,5,6,7,8,1))),$);
#11673=IFCARBITRARYCLOSEDPROFILEDEF(.AREA.,$,#11672);
#11674=IFCCARTESIANPOINT((0.,0.,0.));
#11675=IFCDIRECTION((0.,-1.,0.));
#11676=IFCDIRECTION((1.,0.,0.));
#11677=IFCAXIS2PLACEMENT3D(#11674,#11675,#11676);
#11678=IFCDIRECTION((0.,0.,-1.));
#11679=IFCEXTRUDEDAREASOLID(#11673,#11677,#11678,0.05000000074505806);
#11680=IFCCARTESIANPOINTLIST2D(((0.,0.),(0.84652228280901909,0.),(0.84652228280901909,0.10000000149011612),(0.,0.10000000149011612)));
#11681=IFCINDEXEDPOLYCURVE(#11680,(IFCLINEINDEX((1,2,3,4,1))),$);
#11682=IFCARBITRARYCLOSEDPROFILEDEF(.AREA.,$,#11681);
#11683=IFCCARTESIANPOINT((0.02500000037252903,0.,0.));
#11684=IFCDIRECTION((0.,0.,1.));
#11685=IFCDIRECTION((1.,0.,0.));
#11686=IFCAXIS2PLACEMENT3D(#11683,#11684,#11685);
#11687=IFCDIRECTION((0.,0.,1.));
#11688=IFCEXTRUDEDAREASOLID(#11682,#11686,#11687,0.02500000037252903);
#11689=IFCCARTESIANPOINTLIST2D(((0.,0.),(0.,2.0250000022351742),(0.94652228802442551,2.0250000022351742),(0.94652228802442551,0.),(0.8965222854167223,0.),(0.8965222854167223,1.974999999627471),(0.050000002607703209,1.974999999627471),(0.050000002607703209,0.)));
#11690=IFCINDEXEDPOLYCURVE(#11689,(IFCLINEINDEX((1,2,3,4,5,6,7,8,1))),$);
#11691=IFCARBITRARYCLOSEDPROFILEDEF(.AREA.,$,#11690);
#11692=IFCCARTESIANPOINT((-0.025000002235174179,-0.0010000000474974513,0.));
#11693=IFCDIRECTION((0.,-1.,0.));
#11694=IFCDIRECTION((1.,0.,0.));
#11695=IFCAXIS2PLACEMENT3D(#11692,#11693,#11694);
#11696=IFCDIRECTION((0.,0.,-1.));
#11697=IFCEXTRUDEDAREASOLID(#11691,#11695,#11696,0.0010000000474974513);
#11698=IFCCARTESIANPOINTLIST2D(((0.,0.),(0.,2.0250000022351742),(0.94652228802442551,2.0250000022351742),(0.94652228802442551,0.),(0.8965222854167223,0.),(0.8965222854167223,1.974999999627471),(0.050000002607703209,1.974999999627471),(0.050000002607703209,0.)));
#11699=IFCINDEXEDPOLYCURVE(#11698,(IFCLINEINDEX((1,2,3,4,5,6,7,8,1))),$);
#11700=IFCARBITRARYCLOSEDPROFILEDEF(.AREA.,$,#11699);
#11701=IFCCARTESIANPOINT((-0.025000002235174179,0.05000000074505806,0.));
#11702=IFCDIRECTION((0.,-1.,0.));
#11703=IFCDIRECTION((1.,0.,0.));
#11704=IFCAXIS2PLACEMENT3D(#11701,#11702,#11703);
#11705=IFCDIRECTION((0.,0.,-1.));
#11706=IFCEXTRUDEDAREASOLID(#11700,#11704,#11705,0.0010000000474974513);
#11707=IFCCARTESIANPOINTLIST2D(((0.,0.),(0.84652228280901909,0.),(0.84652228280901909,0.035000000149011612),(0.,0.035000000149011612)));
#11708=IFCINDEXEDPOLYCURVE(#11707,(IFCLINEINDEX((1,2,3,4,1))),$);
#11709=IFCARBITRARYCLOSEDPROFILEDEF(.AREA.,$,#11708);
#11710=IFCCARTESIANPOINT((0.02500000037252903,0.02500000037252903,0.02500000037252903));
#11711=IFCDIRECTION((0.,0.,1.));
#11712=IFCDIRECTION((1.,0.,0.));
#11713=IFCAXIS2PLACEMENT3D(#11710,#11711,#11712);
#11714=IFCDIRECTION((0.,0.,1.));
#11715=IFCEXTRUDEDAREASOLID(#11709,#11713,#11714,1.9499999992549419);
#11716=IFCCARTESIANPOINTLIST2D(((0.,0.),(0.,-0.040000000000000001),(-0.11999999999999988,-0.040000000000000001),(-0.11999999999999988,-0.02),(-0.020000000000000018,-0.02),(-0.020000000000000018,0.)));
#11717=IFCINDEXEDPOLYCURVE(#11716,(IFCLINEINDEX((1,2,3,4,5,6,1))),$);
#11718=IFCARBITRARYCLOSEDPROFILEDEF(.AREA.,$,#11717);
#11719=IFCCARTESIANPOINT((0.82152228318154807,0.02500000037252903,1.015000000372529));
#11720=IFCDIRECTION((0.,0.,1.));
#11721=IFCDIRECTION((1.,0.,0.));
#11722=IFCAXIS2PLACEMENT3D(#11719,#11720,#11721);
#11723=IFCDIRECTION((0.,0.,1.));
#11724=IFCEXTRUDEDAREASOLID(#11718,#11722,#11723,0.02);
#11725=IFCEXTRUDEDAREASOLID(#11726,#11729,#11733,0.02);
#11726=IFCARBITRARYCLOSEDPROFILEDEF(.AREA.,$,#11727);
#11727=IFCINDEXEDPOLYCURVE(#11728,(IFCLINEINDEX((1,2,3,4,5,6,1))),$);
#11728=IFCCARTESIANPOINTLIST2D(((0.,0.),(0.,0.040000000000000008),(-0.11999999999999988,0.040000000000000008),(-0.11999999999999988,0.020000000000000004),(-0.020000000000000018,0.020000000000000004),(-0.020000000000000018,0.)));
#11729=IFCAXIS2PLACEMENT3D(#11730,#11731,#11732);
#11730=IFCCARTESIANPOINT((0.82152228318154807,0.060000000521540642,1.015000000372529));
#11731=IFCDIRECTION((0.,0.,1.));
#11732=IFCDIRECTION((1.,0.,0.));
#11733=IFCDIRECTION((0.,0.,1.));
#11735=IFCSHAPEREPRESENTATION(#11,'Body','SweptSolid',(#12117,#11697,#12099,#12108,#11688,#12090,#11679,#11706));
#11736=IFCSHAPEASPECT((#11735),'Lining',$,.T.,#11612);
#11737=IFCSHAPEREPRESENTATION(#11,'Body','SweptSolid',(#11724,#12136,#12126,#11725,#11715,#12135));
#11738=IFCSHAPEASPECT((#11737),'Framing',$,.T.,#11612);
#11780=IFCDOOR('0O2MWZR7XCngC8bDMg8Xnf',$,'Door',$,$,#12186,#11788,$,2.,0.89652228355407715,$,.DOUBLE_SWING_RIGHT.,$);
#11781=IFCCARTESIANPOINT((0.,0.,0.));
#11782=IFCDIRECTION((1.,0.,0.));
#11783=IFCDIRECTION((0.,1.,0.));
#11784=IFCDIRECTION((0.,0.,1.));
#11785=IFCCARTESIANTRANSFORMATIONOPERATOR3D(#11782,#11783,#11781,1.,#11784);
#11786=IFCMAPPEDITEM(#11505,#11785);
#11787=IFCSHAPEREPRESENTATION(#18,'Profile','MappedRepresentation',(#11786));
#11788=IFCPRODUCTDEFINITIONSHAPE($,$,(#11787,#11795,#11802));
#11789=IFCCARTESIANPOINT((0.,0.,0.));
#11790=IFCDIRECTION((1.,0.,0.));
#11791=IFCDIRECTION((0.,1.,0.));
#11792=IFCDIRECTION((0.,0.,1.));
#11793=IFCCARTESIANTRANSFORMATIONOPERATOR3D(#11790,#11791,#11789,1.,#11792);
#11794=IFCMAPPEDITEM(#11513,#11793);
#11795=IFCSHAPEREPRESENTATION(#11,'Body','MappedRepresentation',(#11794));
#11796=IFCCARTESIANPOINT((0.,0.,0.));
#11797=IFCDIRECTION((1.,0.,0.));
#11798=IFCDIRECTION((0.,1.,0.));
#11799=IFCDIRECTION((0.,0.,1.));
#11800=IFCCARTESIANTRANSFORMATIONOPERATOR3D(#11797,#11798,#11796,1.,#11799);
#11801=IFCMAPPEDITEM(#11582,#11800);
#11802=IFCSHAPEREPRESENTATION(#24,'Body','MappedRepresentation',(#11801));
#11803=IFCOPENINGELEMENT('1KAeYUGoL7YexqqvVJ8p5e',$,'Opening',$,$,#12181,#11816,$,.OPENING.);
#11809=IFCCARTESIANPOINT((0.,0.,0.));
#11810=IFCDIRECTION((1.,0.,0.));
#11811=IFCDIRECTION((0.,1.,0.));
#11812=IFCDIRECTION((0.,0.,1.));
#11813=IFCCARTESIANTRANSFORMATIONOPERATOR3D(#11810,#11811,#11809,1.,#11812);
#11814=IFCMAPPEDITEM(#11647,#11813);
#11815=IFCSHAPEREPRESENTATION(#11,'Body','MappedRepresentation',(#11814));
#11816=IFCPRODUCTDEFINITIONSHAPE($,$,(#11815));
#11817=IFCRELVOIDSELEMENT('13Yo4KBgX7_9_$Upk80rhg',$,$,$,#8949,#11803);
#11823=IFCRELFILLSELEMENT('0do0o4Oqr52xN2l0T$wsrU',$,$,$,#11803,#11780);
#11832=IFCCARTESIANPOINTLIST2D(((0.,0.),(0.,2.),(0.89652228355407715,2.),(0.89652228355407715,0.),(0.87152228318154812,0.),(0.87152228318154812,1.974999999627471),(0.02500000037252903,1.974999999627471),(0.02500000037252903,0.)));
#11833=IFCINDEXEDPOLYCURVE(#11832,(IFCLINEINDEX((1,2,3,4,5,6,7,8,1))),$);
#11834=IFCARBITRARYCLOSEDPROFILEDEF(.AREA.,$,#11833);
#11835=IFCCARTESIANPOINT((0.,0.,0.));
#11836=IFCDIRECTION((0.,-1.,0.));
#11837=IFCDIRECTION((1.,0.,0.));
#11838=IFCAXIS2PLACEMENT3D(#11835,#11836,#11837);
#11839=IFCDIRECTION((0.,0.,-1.));
#11840=IFCEXTRUDEDAREASOLID(#11834,#11838,#11839,0.05000000074505806);
#11841=IFCCARTESIANPOINTLIST2D(((0.,0.),(0.84652228280901909,0.),(0.84652228280901909,0.10000000149011612),(0.,0.10000000149011612)));
#11842=IFCINDEXEDPOLYCURVE(#11841,(IFCLINEINDEX((1,2,3,4,1))),$);
#11843=IFCARBITRARYCLOSEDPROFILEDEF(.AREA.,$,#11842);
#11844=IFCCARTESIANPOINT((0.02500000037252903,0.,0.));
#11845=IFCDIRECTION((0.,0.,1.));
#11846=IFCDIRECTION((1.,0.,0.));
#11847=IFCAXIS2PLACEMENT3D(#11844,#11845,#11846);
#11848=IFCDIRECTION((0.,0.,1.));
#11849=IFCEXTRUDEDAREASOLID(#11843,#11847,#11848,0.02500000037252903);
#11850=IFCCARTESIANPOINTLIST2D(((0.,0.),(0.,2.0250000022351742),(0.94652228802442551,2.0250000022351742),(0.94652228802442551,0.),(0.8965222854167223,0.),(0.8965222854167223,1.974999999627471),(0.050000002607703209,1.974999999627471),(0.050000002607703209,0.)));
#11851=IFCINDEXEDPOLYCURVE(#11850,(IFCLINEINDEX((1,2,3,4,5,6,7,8,1))),$);
#11852=IFCARBITRARYCLOSEDPROFILEDEF(.AREA.,$,#11851);
#11853=IFCCARTESIANPOINT((-0.025000002235174179,-0.0010000000474974513,0.));
#11854=IFCDIRECTION((0.,-1.,0.));
#11855=IFCDIRECTION((1.,0.,0.));
#11856=IFCAXIS2PLACEMENT3D(#11853,#11854,#11855);
#11857=IFCDIRECTION((0.,0.,-1.));
#11858=IFCEXTRUDEDAREASOLID(#11852,#11856,#11857,0.0010000000474974513);
#11859=IFCCARTESIANPOINTLIST2D(((0.,0.),(0.,2.0250000022351742),(0.94652228802442551,2.0250000022351742),(0.94652228802442551,0.),(0.8965222854167223,0.),(0.8965222854167223,1.974999999627471),(0.050000002607703209,1.974999999627471),(0.050000002607703209,0.)));
#11860=IFCINDEXEDPOLYCURVE(#11859,(IFCLINEINDEX((1,2,3,4,5,6,7,8,1))),$);
#11861=IFCARBITRARYCLOSEDPROFILEDEF(.AREA.,$,#11860);
#11862=IFCCARTESIANPOINT((-0.025000002235174179,0.05000000074505806,0.));
#11863=IFCDIRECTION((0.,-1.,0.));
#11864=IFCDIRECTION((1.,0.,0.));
#11865=IFCAXIS2PLACEMENT3D(#11862,#11863,#11864);
#11866=IFCDIRECTION((0.,0.,-1.));
#11867=IFCEXTRUDEDAREASOLID(#11861,#11865,#11866,0.0010000000474974513);
#11868=IFCCARTESIANPOINTLIST2D(((0.,0.),(0.84652228280901909,0.),(0.84652228280901909,0.035000000149011612),(0.,0.035000000149011612)));
#11869=IFCINDEXEDPOLYCURVE(#11868,(IFCLINEINDEX((1,2,3,4,1))),$);
#11870=IFCARBITRARYCLOSEDPROFILEDEF(.AREA.,$,#11869);
#11871=IFCCARTESIANPOINT((0.02500000037252903,0.02500000037252903,0.02500000037252903));
#11872=IFCDIRECTION((0.,0.,1.));
#11873=IFCDIRECTION((1.,0.,0.));
#11874=IFCAXIS2PLACEMENT3D(#11871,#11872,#11873);
#11875=IFCDIRECTION((0.,0.,1.));
#11876=IFCEXTRUDEDAREASOLID(#11870,#11874,#11875,1.9499999992549419);
#11877=IFCCARTESIANPOINTLIST2D(((0.,0.),(0.,-0.040000000000000001),(0.12,-0.040000000000000001),(0.12,-0.02),(0.02,-0.02),(0.02,0.)));
#11878=IFCINDEXEDPOLYCURVE(#11877,(IFCLINEINDEX((1,2,3,4,5,6,1))),$);
#11879=IFCARBITRARYCLOSEDPROFILEDEF(.AREA.,$,#11878);
#11880=IFCCARTESIANPOINT((0.075000000372529033,0.02500000037252903,1.015000000372529));
#11881=IFCDIRECTION((0.,0.,1.));
#11882=IFCDIRECTION((1.,0.,0.));
#11883=IFCAXIS2PLACEMENT3D(#11880,#11881,#11882);
#11884=IFCDIRECTION((0.,0.,1.));
#11885=IFCEXTRUDEDAREASOLID(#11879,#11883,#11884,0.02);
#11886=IFCEXTRUDEDAREASOLID(#11887,#11890,#11894,0.02);
#11887=IFCARBITRARYCLOSEDPROFILEDEF(.AREA.,$,#11888);
#11888=IFCINDEXEDPOLYCURVE(#11889,(IFCLINEINDEX((1,2,3,4,5,6,1))),$);
#11889=IFCCARTESIANPOINTLIST2D(((0.,0.),(0.,0.040000000000000008),(0.11999999999999998,0.040000000000000008),(0.11999999999999998,0.020000000000000004),(0.020000000000000004,0.020000000000000004),(0.020000000000000004,0.)));
#11890=IFCAXIS2PLACEMENT3D(#11891,#11892,#11893);
#11891=IFCCARTESIANPOINT((0.075000000372529033,0.060000000521540642,1.015000000372529));
#11892=IFCDIRECTION((0.,0.,1.));
#11893=IFCDIRECTION((1.,0.,0.));
#11894=IFCDIRECTION((0.,0.,1.));
#11896=IFCSHAPEREPRESENTATION(#11,'Body','SweptSolid',(#11840,#11867,#11976,#11858,#11967,#11994,#11849,#11985));
#11897=IFCSHAPEASPECT((#11896),'Lining',$,.T.,#11788);
#11898=IFCSHAPEREPRESENTATION(#11,'Body','SweptSolid',(#12003,#11885,#11886,#12012,#11876,#12013));
#11899=IFCSHAPEASPECT((#11898),'Framing',$,.T.,#11788);
#11959=IFCCARTESIANPOINTLIST2D(((0.,0.),(0.,2.),(0.89652228355407715,2.),(0.89652228355407715,0.),(0.87152228318154812,0.),(0.87152228318154812,1.974999999627471),(0.02500000037252903,1.974999999627471),(0.02500000037252903,0.)));
#11960=IFCINDEXEDPOLYCURVE(#11959,(IFCLINEINDEX((1,2,3,4,5,6,7,8,1))),$);
#11961=IFCARBITRARYCLOSEDPROFILEDEF(.AREA.,$,#11960);
#11962=IFCCARTESIANPOINT((0.,0.,0.));
#11963=IFCDIRECTION((0.,-1.,0.));
#11964=IFCDIRECTION((1.,0.,0.));
#11965=IFCAXIS2PLACEMENT3D(#11962,#11963,#11964);
#11966=IFCDIRECTION((0.,0.,-1.));
#11967=IFCEXTRUDEDAREASOLID(#11961,#11965,#11966,0.05000000074505806);
#11968=IFCCARTESIANPOINTLIST2D(((0.,0.),(0.84652228280901909,0.),(0.84652228280901909,0.10000000149011612),(0.,0.10000000149011612)));
#11969=IFCINDEXEDPOLYCURVE(#11968,(IFCLINEINDEX((1,2,3,4,1))),$);
#11970=IFCARBITRARYCLOSEDPROFILEDEF(.AREA.,$,#11969);
#11971=IFCCARTESIANPOINT((0.02500000037252903,0.,0.));
#11972=IFCDIRECTION((0.,0.,1.));
#11973=IFCDIRECTION((1.,0.,0.));
#11974=IFCAXIS2PLACEMENT3D(#11971,#11972,#11973);
#11975=IFCDIRECTION((0.,0.,1.));
#11976=IFCEXTRUDEDAREASOLID(#11970,#11974,#11975,0.02500000037252903);
#11977=IFCCARTESIANPOINTLIST2D(((0.,0.),(0.,2.0250000022351742),(0.94652228802442551,2.0250000022351742),(0.94652228802442551,0.),(0.8965222854167223,0.),(0.8965222854167223,1.974999999627471),(0.050000002607703209,1.974999999627471),(0.050000002607703209,0.)));
#11978=IFCINDEXEDPOLYCURVE(#11977,(IFCLINEINDEX((1,2,3,4,5,6,7,8,1))),$);
#11979=IFCARBITRARYCLOSEDPROFILEDEF(.AREA.,$,#11978);
#11980=IFCCARTESIANPOINT((-0.025000002235174179,-0.0010000000474974513,0.));
#11981=IFCDIRECTION((0.,-1.,0.));
#11982=IFCDIRECTION((1.,0.,0.));
#11983=IFCAXIS2PLACEMENT3D(#11980,#11981,#11982);
#11984=IFCDIRECTION((0.,0.,-1.));
#11985=IFCEXTRUDEDAREASOLID(#11979,#11983,#11984,0.0010000000474974513);
#11986=IFCCARTESIANPOINTLIST2D(((0.,0.),(0.,2.0250000022351742),(0.94652228802442551,2.0250000022351742),(0.94652228802442551,0.),(0.8965222854167223,0.),(0.8965222854167223,1.974999999627471),(0.050000002607703209,1.974999999627471),(0.050000002607703209,0.)));
#11987=IFCINDEXEDPOLYCURVE(#11986,(IFCLINEINDEX((1,2,3,4,5,6,7,8,1))),$);
#11988=IFCARBITRARYCLOSEDPROFILEDEF(.AREA.,$,#11987);
#11989=IFCCARTESIANPOINT((-0.025000002235174179,0.05000000074505806,0.));
#11990=IFCDIRECTION((0.,-1.,0.));
#11991=IFCDIRECTION((1.,0.,0.));
#11992=IFCAXIS2PLACEMENT3D(#11989,#11990,#11991);
#11993=IFCDIRECTION((0.,0.,-1.));
#11994=IFCEXTRUDEDAREASOLID(#11988,#11992,#11993,0.0010000000474974513);
#11995=IFCCARTESIANPOINTLIST2D(((0.,0.),(0.84652228280901909,0.),(0.84652228280901909,0.035000000149011612),(0.,0.035000000149011612)));
#11996=IFCINDEXEDPOLYCURVE(#11995,(IFCLINEINDEX((1,2,3,4,1))),$);
#11997=IFCARBITRARYCLOSEDPROFILEDEF(.AREA.,$,#11996);
#11998=IFCCARTESIANPOINT((0.02500000037252903,0.02500000037252903,0.02500000037252903));
#11999=IFCDIRECTION((0.,0.,1.));
#12000=IFCDIRECTION((1.,0.,0.));
#12001=IFCAXIS2PLACEMENT3D(#11998,#11999,#12000);
#12002=IFCDIRECTION((0.,0.,1.));
#12003=IFCEXTRUDEDAREASOLID(#11997,#12001,#12002,1.9499999992549419);
#12004=IFCCARTESIANPOINTLIST2D(((0.,0.),(0.,-0.040000000000000001),(0.12,-0.040000000000000001),(0.12,-0.02),(0.02,-0.02),(0.02,0.)));
#12005=IFCINDEXEDPOLYCURVE(#12004,(IFCLINEINDEX((1,2,3,4,5,6,1))),$);
#12006=IFCARBITRARYCLOSEDPROFILEDEF(.AREA.,$,#12005);
#12007=IFCCARTESIANPOINT((0.075000000372529033,0.02500000037252903,1.015000000372529));
#12008=IFCDIRECTION((0.,0.,1.));
#12009=IFCDIRECTION((1.,0.,0.));
#12010=IFCAXIS2PLACEMENT3D(#12007,#12008,#12009);
#12011=IFCDIRECTION((0.,0.,1.));
#12012=IFCEXTRUDEDAREASOLID(#12006,#12010,#12011,0.02);
#12013=IFCEXTRUDEDAREASOLID(#12014,#12017,#12021,0.02);
#12014=IFCARBITRARYCLOSEDPROFILEDEF(.AREA.,$,#12015);
#12015=IFCINDEXEDPOLYCURVE(#12016,(IFCLINEINDEX((1,2,3,4,5,6,1))),$);
#12016=IFCCARTESIANPOINTLIST2D(((0.,0.),(0.,0.040000000000000008),(0.11999999999999998,0.040000000000000008),(0.11999999999999998,0.020000000000000004),(0.020000000000000004,0.020000000000000004),(0.020000000000000004,0.)));
#12017=IFCAXIS2PLACEMENT3D(#12018,#12019,#12020);
#12018=IFCCARTESIANPOINT((0.075000000372529033,0.060000000521540642,1.015000000372529));
#12019=IFCDIRECTION((0.,0.,1.));
#12020=IFCDIRECTION((1.,0.,0.));
#12021=IFCDIRECTION((0.,0.,1.));
#12079=IFCCARTESIANPOINTLIST3D(((0.,0.,0.),(0.89652228355407715,0.,0.),(0.89652228355407715,0.,2.),(0.,0.,2.)));
#12080=IFCINDEXEDPOLYCURVE(#12079,(IFCLINEINDEX((1,2,3,4,1))),$);
#12081=IFCSHAPEREPRESENTATION(#18,'Profile','Curve3D',(#12080));
#12082=IFCCARTESIANPOINTLIST2D(((0.,0.),(0.,2.),(0.89652228355407715,2.),(0.89652228355407715,0.),(0.87152228318154812,0.),(0.87152228318154812,1.974999999627471),(0.02500000037252903,1.974999999627471),(0.02500000037252903,0.)));
#12083=IFCINDEXEDPOLYCURVE(#12082,(IFCLINEINDEX((1,2,3,4,5,6,7,8,1))),$);
#12084=IFCARBITRARYCLOSEDPROFILEDEF(.AREA.,$,#12083);
#12085=IFCCARTESIANPOINT((0.,0.,0.));
#12086=IFCDIRECTION((0.,-1.,0.));
#12087=IFCDIRECTION((1.,0.,0.));
#12088=IFCAXIS2PLACEMENT3D(#12085,#12086,#12087);
#12089=IFCDIRECTION((0.,0.,-1.));
#12090=IFCEXTRUDEDAREASOLID(#12084,#12088,#12089,0.05000000074505806);
#12091=IFCCARTESIANPOINTLIST2D(((0.,0.),(0.84652228280901909,0.),(0.84652228280901909,0.10000000149011612),(0.,0.10000000149011612)));
#12092=IFCINDEXEDPOLYCURVE(#12091,(IFCLINEINDEX((1,2,3,4,1))),$);
#12093=IFCARBITRARYCLOSEDPROFILEDEF(.AREA.,$,#12092);
#12094=IFCCARTESIANPOINT((0.02500000037252903,0.,0.));
#12095=IFCDIRECTION((0.,0.,1.));
#12096=IFCDIRECTION((1.,0.,0.));
#12097=IFCAXIS2PLACEMENT3D(#12094,#12095,#12096);
#12098=IFCDIRECTION((0.,0.,1.));
#12099=IFCEXTRUDEDAREASOLID(#12093,#12097,#12098,0.02500000037252903);
#12100=IFCCARTESIANPOINTLIST2D(((0.,0.),(0.,2.0250000022351742),(0.94652228802442551,2.0250000022351742),(0.94652228802442551,0.),(0.8965222854167223,0.),(0.8965222854167223,1.974999999627471),(0.050000002607703209,1.974999999627471),(0.050000002607703209,0.)));
#12101=IFCINDEXEDPOLYCURVE(#12100,(IFCLINEINDEX((1,2,3,4,5,6,7,8,1))),$);
#12102=IFCARBITRARYCLOSEDPROFILEDEF(.AREA.,$,#12101);
#12103=IFCCARTESIANPOINT((-0.025000002235174179,-0.0010000000474974513,0.));
#12104=IFCDIRECTION((0.,-1.,0.));
#12105=IFCDIRECTION((1.,0.,0.));
#12106=IFCAXIS2PLACEMENT3D(#12103,#12104,#12105);
#12107=IFCDIRECTION((0.,0.,-1.));
#12108=IFCEXTRUDEDAREASOLID(#12102,#12106,#12107,0.0010000000474974513);
#12109=IFCCARTESIANPOINTLIST2D(((0.,0.),(0.,2.0250000022351742),(0.94652228802442551,2.0250000022351742),(0.94652228802442551,0.),(0.8965222854167223,0.),(0.8965222854167223,1.974999999627471),(0.050000002607703209,1.974999999627471),(0.050000002607703209,0.)));
#12110=IFCINDEXEDPOLYCURVE(#12109,(IFCLINEINDEX((1,2,3,4,5,6,7,8,1))),$);
#12111=IFCARBITRARYCLOSEDPROFILEDEF(.AREA.,$,#12110);
#12112=IFCCARTESIANPOINT((-0.025000002235174179,0.05000000074505806,0.));
#12113=IFCDIRECTION((0.,-1.,0.));
#12114=IFCDIRECTION((1.,0.,0.));
#12115=IFCAXIS2PLACEMENT3D(#12112,#12113,#12114);
#12116=IFCDIRECTION((0.,0.,-1.));
#12117=IFCEXTRUDEDAREASOLID(#12111,#12115,#12116,0.0010000000474974513);
#12118=IFCCARTESIANPOINTLIST2D(((0.,0.),(0.84652228280901909,0.),(0.84652228280901909,0.035000000149011612),(0.,0.035000000149011612)));
#12119=IFCINDEXEDPOLYCURVE(#12118,(IFCLINEINDEX((1,2,3,4,1))),$);
#12120=IFCARBITRARYCLOSEDPROFILEDEF(.AREA.,$,#12119);
#12121=IFCCARTESIANPOINT((0.02500000037252903,0.02500000037252903,0.02500000037252903));
#12122=IFCDIRECTION((0.,0.,1.));
#12123=IFCDIRECTION((1.,0.,0.));
#12124=IFCAXIS2PLACEMENT3D(#12121,#12122,#12123);
#12125=IFCDIRECTION((0.,0.,1.));
#12126=IFCEXTRUDEDAREASOLID(#12120,#12124,#12125,1.9499999992549419);
#12127=IFCCARTESIANPOINTLIST2D(((0.,0.),(0.,-0.040000000000000001),(-0.11999999999999988,-0.040000000000000001),(-0.11999999999999988,-0.02),(-0.020000000000000018,-0.02),(-0.020000000000000018,0.)));
#12128=IFCINDEXEDPOLYCURVE(#12127,(IFCLINEINDEX((1,2,3,4,5,6,1))),$);
#12129=IFCARBITRARYCLOSEDPROFILEDEF(.AREA.,$,#12128);
#12130=IFCCARTESIANPOINT((0.82152228318154807,0.02500000037252903,1.015000000372529));
#12131=IFCDIRECTION((0.,0.,1.));
#12132=IFCDIRECTION((1.,0.,0.));
#12133=IFCAXIS2PLACEMENT3D(#12130,#12131,#12132);
#12134=IFCDIRECTION((0.,0.,1.));
#12135=IFCEXTRUDEDAREASOLID(#12129,#12133,#12134,0.02);
#12136=IFCEXTRUDEDAREASOLID(#12137,#12140,#12144,0.02);
#12137=IFCARBITRARYCLOSEDPROFILEDEF(.AREA.,$,#12138);
#12138=IFCINDEXEDPOLYCURVE(#12139,(IFCLINEINDEX((1,2,3,4,5,6,1))),$);
#12139=IFCCARTESIANPOINTLIST2D(((0.,0.),(0.,0.040000000000000008),(-0.11999999999999988,0.040000000000000008),(-0.11999999999999988,0.020000000000000004),(-0.020000000000000018,0.020000000000000004),(-0.020000000000000018,0.)));
#12140=IFCAXIS2PLACEMENT3D(#12141,#12142,#12143);
#12141=IFCCARTESIANPOINT((0.82152228318154807,0.060000000521540642,1.015000000372529));
#12142=IFCDIRECTION((0.,0.,1.));
#12143=IFCDIRECTION((1.,0.,0.));
#12144=IFCDIRECTION((0.,0.,1.));
#12145=IFCSHAPEREPRESENTATION(#11,'Body','SweptSolid',(#12090,#12126,#12135,#12136,#12099,#12108,#12117));
#12146=IFCCARTESIANPOINTLIST2D(((0.,0.),(0.02500000037252903,0.),(0.02500000037252903,0.05000000074505806),(0.,0.05000000074505806)));
#12147=IFCINDEXEDPOLYCURVE(#12146,(IFCLINEINDEX((1,2,3,4,1))),$);
#12148=IFCINDEXEDPOLYCURVE(#12149,(IFCLINEINDEX((1,2,3,4,1))),$);
#12149=IFCCARTESIANPOINTLIST2D(((0.89652228355407715,0.),(0.87152228318154812,0.),(0.87152228318154812,0.05000000074505806),(0.89652228355407715,0.05000000074505806)));
#12150=IFCCARTESIANPOINTLIST2D(((0.02500000037252903,0.05000000074505806),(0.02500000037252903,-0.79652228206396103),(0.060000000521540642,-0.79652228206396103)));
#12151=IFCINDEXEDPOLYCURVE(#12150,$,$);
#12152=IFCDIRECTION((1.,0.));
#12153=IFCCARTESIANPOINT((0.060000000521540642,0.05000000074505806));
#12154=IFCAXIS2PLACEMENT2D(#12153,#12152);
#12155=IFCELLIPSE(#12154,0.81152228266000748,0.84652228280901909);
#12156=IFCCARTESIANPOINT((0.060000000521540642,-0.79652228206396103));
#12157=IFCCARTESIANPOINT((0.060000000521540642,0.89652228355407715));
#12158=IFCTRIMMEDCURVE(#12155,(#12156),(#12157),.T.,.CARTESIAN.);
#12159=IFCCARTESIANPOINTLIST2D(((0.02500000037252903,0.05000000074505806),(0.060000000521540642,0.05000000074505806),(0.060000000521540642,0.89652228355407715),(0.02500000037252903,0.89652228355407715)));
#12160=IFCINDEXEDPOLYCURVE(#12159,(IFCLINEINDEX((1,2,3,4,1))),$);
#12161=IFCSHAPEREPRESENTATION(#24,'Body','Curve2D',(#12147,#12148,#12151,#12158,#12160));
#12162=IFCCARTESIANPOINTLIST2D(((0.,0.),(0.89652228355407715,0.),(0.89652228355407715,2.),(0.,2.)));
#12163=IFCINDEXEDPOLYCURVE(#12162,(IFCLINEINDEX((1,2,3,4,1))),$);
#12164=IFCARBITRARYCLOSEDPROFILEDEF(.AREA.,$,#12163);
#12165=IFCCARTESIANPOINT((0.,-0.60000002384185791,0.));
#12166=IFCDIRECTION((0.,-1.,0.));
#12167=IFCDIRECTION((1.,0.,0.));
#12168=IFCAXIS2PLACEMENT3D(#12165,#12166,#12167);
#12169=IFCDIRECTION((0.,0.,-1.));
#12170=IFCEXTRUDEDAREASOLID(#12164,#12168,#12169,1.2);
#12171=IFCSHAPEREPRESENTATION(#11,'Body','SweptSolid',(#12170));
#12177=IFCCARTESIANPOINT((2.7406172775030262,0.01500013811730555,0.));
#12178=IFCDIRECTION((0.,0.,1.));
#12179=IFCDIRECTION((0.999999999999998,-6.3573025954609792E-08,0.));
#12180=IFCAXIS2PLACEMENT3D(#12177,#12178,#12179);
#12181=IFCLOCALPLACEMENT(#10311,#12180);
#12182=IFCCARTESIANPOINT((4.4408920985006262E-16,0.,0.));
#12183=IFCDIRECTION((0.,0.,1.));
#12184=IFCDIRECTION((1.,-2.6469779601696886E-23,0.));
#12185=IFCAXIS2PLACEMENT3D(#12182,#12183,#12184);
#12186=IFCLOCALPLACEMENT(#12181,#12185);
#12192=IFCCARTESIANPOINT((0.26573508929965778,0.015000041029977762,0.));
#12193=IFCDIRECTION((0.,0.,1.));
#12194=IFCDIRECTION((0.99999999999998479,-1.7484555314694642E-07,0.));
#12195=IFCAXIS2PLACEMENT3D(#12192,#12193,#12194);
#12196=IFCLOCALPLACEMENT(#10296,#12195);
#12197=IFCCARTESIANPOINT((0.,0.,0.));
#12198=IFCDIRECTION((0.,0.,1.));
#12199=IFCDIRECTION((1.,0.,0.));
#12200=IFCAXIS2PLACEMENT3D(#12197,#12198,#12199);
#12201=IFCLOCALPLACEMENT(#12196,#12200);
#12202=IFCCARTESIANPOINTLIST3D(((0.,0.,0.),(0.87251758575439453,0.,0.),(0.87251758575439453,0.,2.),(0.,0.,2.)));
#12203=IFCINDEXEDPOLYCURVE(#12202,(IFCLINEINDEX((1,2,3,4,1))),$);
#12204=IFCSHAPEREPRESENTATION(#18,'Profile','Curve3D',(#12203));
#12205=IFCCARTESIANPOINTLIST2D(((0.,0.),(0.,2.),(0.87251758575439453,2.),(0.87251758575439453,0.),(0.8475175853818655,0.),(0.8475175853818655,1.974999999627471),(0.02500000037252903,1.974999999627471),(0.02500000037252903,0.)));
#12206=IFCINDEXEDPOLYCURVE(#12205,(IFCLINEINDEX((1,2,3,4,5,6,7,8,1))),$);
#12207=IFCARBITRARYCLOSEDPROFILEDEF(.AREA.,$,#12206);
#12208=IFCCARTESIANPOINT((0.,0.02500000037252903,0.));
#12209=IFCDIRECTION((0.,-1.,0.));
#12210=IFCDIRECTION((1.,0.,0.));
#12211=IFCAXIS2PLACEMENT3D(#12208,#12209,#12210);
#12212=IFCDIRECTION((0.,0.,-1.));
#12213=IFCEXTRUDEDAREASOLID(#12207,#12211,#12212,0.02500000037252903);
#12214=IFCCARTESIANPOINTLIST2D(((0.,0.),(0.,2.),(0.87251758575439453,2.),(0.87251758575439453,0.),(0.82251758500933647,0.),(0.82251758500933647,1.9499999992549419),(0.05000000074505806,1.9499999992549419),(0.05000000074505806,0.)));
#12215=IFCINDEXEDPOLYCURVE(#12214,(IFCLINEINDEX((1,2,3,4,5,6,7,8,1))),$);
#12216=IFCARBITRARYCLOSEDPROFILEDEF(.AREA.,$,#12215);
#12217=IFCCARTESIANPOINT((0.,0.,0.));
#12218=IFCDIRECTION((0.,-1.,0.));
#12219=IFCDIRECTION((1.,0.,0.));
#12220=IFCAXIS2PLACEMENT3D(#12217,#12218,#12219);
#12221=IFCDIRECTION((0.,0.,-1.));
#12222=IFCEXTRUDEDAREASOLID(#12216,#12220,#12221,0.02500000037252903);
#12223=IFCCARTESIANPOINTLIST2D(((0.,0.),(0.77251758426427841,0.),(0.77251758426427841,0.10000000149011612),(0.,0.10000000149011612)));
#12224=IFCINDEXEDPOLYCURVE(#12223,(IFCLINEINDEX((1,2,3,4,1))),$);
#12225=IFCARBITRARYCLOSEDPROFILEDEF(.AREA.,$,#12224);
#12226=IFCCARTESIANPOINT((0.05000000074505806,0.,0.));
#12227=IFCDIRECTION((0.,0.,1.));
#12228=IFCDIRECTION((1.,0.,0.));
#12229=IFCAXIS2PLACEMENT3D(#12226,#12227,#12228);
#12230=IFCDIRECTION((0.,0.,1.));
#12231=IFCEXTRUDEDAREASOLID(#12225,#12229,#12230,0.02500000037252903);
#12232=IFCCARTESIANPOINTLIST2D(((0.,0.),(0.,2.0250000022351742),(0.92251759022474289,2.0250000022351742),(0.92251759022474289,0.),(0.84751758724451065,0.),(0.84751758724451065,1.9499999992549419),(0.075000002980232239,1.9499999992549419),(0.075000002980232239,0.)));
#12233=IFCINDEXEDPOLYCURVE(#12232,(IFCLINEINDEX((1,2,3,4,5,6,7,8,1))),$);
#12234=IFCARBITRARYCLOSEDPROFILEDEF(.AREA.,$,#12233);
#12235=IFCCARTESIANPOINT((-0.025000002235174179,-0.0010000000474974513,0.));
#12236=IFCDIRECTION((0.,-1.,0.));
#12237=IFCDIRECTION((1.,0.,0.));
#12238=IFCAXIS2PLACEMENT3D(#12235,#12236,#12237);
#12239=IFCDIRECTION((0.,0.,-1.));
#12240=IFCEXTRUDEDAREASOLID(#12234,#12238,#12239,0.0010000000474974513);
#12241=IFCCARTESIANPOINTLIST2D(((0.,0.),(0.,2.0250000022351742),(0.92251759022474289,2.0250000022351742),(0.92251759022474289,0.),(0.87251758761703968,0.),(0.87251758761703968,1.974999999627471),(0.050000002607703209,1.974999999627471),(0.050000002607703209,0.)));
#12242=IFCINDEXEDPOLYCURVE(#12241,(IFCLINEINDEX((1,2,3,4,5,6,7,8,1))),$);
#12243=IFCARBITRARYCLOSEDPROFILEDEF(.AREA.,$,#12242);
#12244=IFCCARTESIANPOINT((-0.025000002235174179,0.05000000074505806,0.));
#12245=IFCDIRECTION((0.,-1.,0.));
#12246=IFCDIRECTION((1.,0.,0.));
#12247=IFCAXIS2PLACEMENT3D(#12244,#12245,#12246);
#12248=IFCDIRECTION((0.,0.,-1.));
#12249=IFCEXTRUDEDAREASOLID(#12243,#12247,#12248,0.0010000000474974513);
#12250=IFCCARTESIANPOINTLIST2D(((0.,0.),(0.82251758500933647,0.),(0.82251758500933647,0.035000000149011612),(0.,0.035000000149011612)));
#12251=IFCINDEXEDPOLYCURVE(#12250,(IFCLINEINDEX((1,2,3,4,1))),$);
#12252=IFCARBITRARYCLOSEDPROFILEDEF(.AREA.,$,#12251);
#12253=IFCCARTESIANPOINT((0.02500000037252903,0.02500000037252903,0.02500000037252903));
#12254=IFCDIRECTION((0.,0.,1.));
#12255=IFCDIRECTION((1.,0.,0.));
#12256=IFCAXIS2PLACEMENT3D(#12253,#12254,#12255);
#12257=IFCDIRECTION((0.,0.,1.));
#12258=IFCEXTRUDEDAREASOLID(#12252,#12256,#12257,1.9499999992549419);
#12259=IFCCARTESIANPOINTLIST2D(((0.,0.),(0.,-0.040000000000000001),(0.12,-0.040000000000000001),(0.12,-0.02),(0.02,-0.02),(0.02,0.)));
#12260=IFCINDEXEDPOLYCURVE(#12259,(IFCLINEINDEX((1,2,3,4,5,6,1))),$);
#12261=IFCARBITRARYCLOSEDPROFILEDEF(.AREA.,$,#12260);
#12262=IFCCARTESIANPOINT((0.075000000372529033,0.02500000037252903,1.015000000372529));
#12263=IFCDIRECTION((0.,0.,1.));
#12264=IFCDIRECTION((1.,0.,0.));
#12265=IFCAXIS2PLACEMENT3D(#12262,#12263,#12264);
#12266=IFCDIRECTION((0.,0.,1.));
#12267=IFCEXTRUDEDAREASOLID(#12261,#12265,#12266,0.02);
#12268=IFCEXTRUDEDAREASOLID(#12269,#12272,#12276,0.02);
#12269=IFCARBITRARYCLOSEDPROFILEDEF(.AREA.,$,#12270);
#12270=IFCINDEXEDPOLYCURVE(#12271,(IFCLINEINDEX((1,2,3,4,5,6,1))),$);
#12271=IFCCARTESIANPOINTLIST2D(((0.,0.),(0.,0.040000000000000008),(0.11999999999999998,0.040000000000000008),(0.11999999999999998,0.020000000000000004),(0.020000000000000004,0.020000000000000004),(0.020000000000000004,0.)));
#12272=IFCAXIS2PLACEMENT3D(#12273,#12274,#12275);
#12273=IFCCARTESIANPOINT((0.075000000372529033,0.060000000521540642,1.015000000372529));
#12274=IFCDIRECTION((0.,0.,1.));
#12275=IFCDIRECTION((1.,0.,0.));
#12276=IFCDIRECTION((0.,0.,1.));
#12277=IFCSHAPEREPRESENTATION(#11,'Body','SweptSolid',(#12213,#12222,#12258,#12267,#12268,#12231,#12240,#12249));
#12278=IFCCARTESIANPOINTLIST2D(((0.,0.),(0.,0.05000000074505806),(0.02500000037252903,0.05000000074505806),(0.02500000037252903,0.02500000037252903),(0.05000000074505806,0.02500000037252903),(0.05000000074505806,0.)));
#12279=IFCINDEXEDPOLYCURVE(#12278,(IFCLINEINDEX((1,2,3,4,5,6,1))),$);
#12280=IFCINDEXEDPOLYCURVE(#12281,(IFCLINEINDEX((1,2,3,4,5,6,1))),$);
#12281=IFCCARTESIANPOINTLIST2D(((0.87251758575439453,0.),(0.87251758575439453,0.05000000074505806),(0.8475175853818655,0.05000000074505806),(0.8475175853818655,0.02500000037252903),(0.82251758500933647,0.02500000037252903),(0.82251758500933647,0.)));
#12282=IFCDIRECTION((1.,0.));
#12283=IFCCARTESIANPOINT((0.81251758523285389,0.05000000074505806));
#12284=IFCAXIS2PLACEMENT2D(#12283,#12282);
#12285=IFCELLIPSE(#12284,0.78751758486032486,0.82251758500933647);
#12286=IFCCARTESIANPOINT((0.81251758523285389,0.87251758575439453));
#12287=IFCCARTESIANPOINT((0.02500000037252903,0.05000000074505806));
#12288=IFCTRIMMEDCURVE(#12285,(#12286),(#12287),.T.,.CARTESIAN.);
#12289=IFCCARTESIANPOINTLIST2D(((0.8475175853818655,0.05000000074505806),(0.81251758523285389,0.05000000074505806),(0.81251758523285389,0.87251758575439453),(0.8475175853818655,0.87251758575439453)));
#12290=IFCINDEXEDPOLYCURVE(#12289,(IFCLINEINDEX((1,2,3,4,1))),$);
#12291=IFCSHAPEREPRESENTATION(#24,'Body','Curve2D',(#12279,#12280,#12288,#12290));
#12293=IFCCARTESIANPOINTLIST2D(((0.,0.),(0.87251758575439453,0.),(0.87251758575439453,2.),(0.,2.)));
#12294=IFCINDEXEDPOLYCURVE(#12293,(IFCLINEINDEX((1,2,3,4,1))),$);
#12295=IFCARBITRARYCLOSEDPROFILEDEF(.AREA.,$,#12294);
#12296=IFCCARTESIANPOINT((0.,-0.60000002384185791,0.));
#12297=IFCDIRECTION((0.,-1.,0.));
#12298=IFCDIRECTION((1.,0.,0.));
#12299=IFCAXIS2PLACEMENT3D(#12296,#12297,#12298);
#12300=IFCDIRECTION((0.,0.,-1.));
#12301=IFCEXTRUDEDAREASOLID(#12295,#12299,#12300,1.2);
#12302=IFCSHAPEREPRESENTATION(#11,'Body','SweptSolid',(#12301));
#12313=IFCCARTESIANPOINT((-8.8817841970012523E-16,0.,0.));
#12314=IFCDIRECTION((0.,0.,1.));
#12315=IFCDIRECTION((0.99999999999999978,2.6469779601696886E-23,0.));
#12316=IFCAXIS2PLACEMENT3D(#12313,#12314,#12315);
#12317=IFCLOCALPLACEMENT(#13615,#12316);
#12318=IFCWINDOWTYPE('1ALiFFYLb13fRLs2ynYY4H',$,'BR1-1-2F',$,$,(#12319),(#12321,#12329,#12377),$,$,.WINDOW.,.SINGLE_PANEL.,$,$);
#12319=IFCPROPERTYSET('0bMsqN5gfFp8L$WS89CDLr',$,'BBIM_Window',$,(#12320));
#12320=IFCPROPERTYSINGLEVALUE('Data',$,IFCTEXT('{"window_type": "SINGLE_PANEL", "overall_height": 0.8999999761581421, "overall_width": 0.8384383916854858, "lining_properties": {"lining_depth": 0.05000000074505806, "lining_thickness": 0.05000000074505806, "lining_offset": 0.05000000074505806, "lining_to_panel_offset_x": 0.02500000037252903, "lining_to_panel_offset_y": 0.02500000037252903}, "panel_properties": {"frame_depth": [0.03500000014901161, 0.03500000014901161, 0.03500000014901161], "frame_thickness": [0.03500000014901161, 0.03500000014901161, 0.03500000014901161]}}'),$);
#12321=IFCREPRESENTATIONMAP(#12322,#12326);
#12322=IFCAXIS2PLACEMENT3D(#12323,#12324,#12325);
#12323=IFCCARTESIANPOINT((0.,0.,0.));
#12324=IFCDIRECTION((0.,0.,1.));
#12325=IFCDIRECTION((1.,0.,0.));
#12326=IFCSHAPEREPRESENTATION(#18,'Profile','Curve3D',(#12327));
#12327=IFCINDEXEDPOLYCURVE(#12328,(IFCLINEINDEX((1,2,3,4,1))),$);
#12328=IFCCARTESIANPOINTLIST3D(((0.,0.,0.),(0.83843839168548584,0.,0.),(0.83843839168548584,0.,0.89999997615814209),(0.,0.,0.89999997615814209)));
#12329=IFCREPRESENTATIONMAP(#12330,#12334);
#12330=IFCAXIS2PLACEMENT3D(#12331,#12332,#12333);
#12331=IFCCARTESIANPOINT((0.,0.,0.));
#12332=IFCDIRECTION((0.,0.,1.));
#12333=IFCDIRECTION((1.,0.,0.));
#12334=IFCSHAPEREPRESENTATION(#11,'Body','SweptSolid',(#12335,#12346,#12357,#12368));
#12335=IFCEXTRUDEDAREASOLID(#12336,#12341,#12345,0.0099999997764825821);
#12336=IFCARBITRARYPROFILEDEFWITHVOIDS(.AREA.,$,#12337,(#12339));
#12337=IFCINDEXEDPOLYCURVE(#12338,(IFCLINEINDEX((1,2,3,4,1))),$);
#12338=IFCCARTESIANPOINTLIST2D(((0.,0.),(0.83843839168548584,0.),(0.83843839168548584,0.89999997615814209),(0.,0.89999997615814209)));
#12339=IFCINDEXEDPOLYCURVE(#12340,(IFCLINEINDEX((1,2,3,4,1))),$);
#12340=IFCCARTESIANPOINTLIST2D(((0.02500000037252903,0.02500000037252903),(0.81343839131295681,0.02500000037252903),(0.81343839131295681,0.87499997578561306),(0.02500000037252903,0.87499997578561306)));
#12341=IFCAXIS2PLACEMENT3D(#12342,#12343,#12344);
#12342=IFCCARTESIANPOINT((0.,0.090000001713633537,0.));
#12343=IFCDIRECTION((0.,-1.,0.));
#12344=IFCDIRECTION((1.,0.,0.));
#12345=IFCDIRECTION((0.,0.,-1.));
#12346=IFCEXTRUDEDAREASOLID(#12347,#12352,#12356,0.040000000968575478);
#12347=IFCARBITRARYPROFILEDEFWITHVOIDS(.AREA.,$,#12348,(#12350));
#12348=IFCINDEXEDPOLYCURVE(#12349,(IFCLINEINDEX((1,2,3,4,1))),$);
#12349=IFCCARTESIANPOINTLIST2D(((0.,0.),(0.83843839168548584,0.),(0.83843839168548584,0.89999997615814209),(0.,0.89999997615814209)));
#12350=IFCINDEXEDPOLYCURVE(#12351,(IFCLINEINDEX((1,2,3,4,1))),$);
#12351=IFCCARTESIANPOINTLIST2D(((0.05000000074505806,0.05000000074505806),(0.78843839094042778,0.05000000074505806),(0.78843839094042778,0.84999997541308403),(0.05000000074505806,0.84999997541308403)));
#12352=IFCAXIS2PLACEMENT3D(#12353,#12354,#12355);
#12353=IFCCARTESIANPOINT((0.,0.05000000074505806,0.));
#12354=IFCDIRECTION((0.,-1.,0.));
#12355=IFCDIRECTION((1.,0.,0.));
#12356=IFCDIRECTION((0.,0.,-1.));
#12357=IFCEXTRUDEDAREASOLID(#12358,#12363,#12367,0.035000000149011612);
#12358=IFCARBITRARYPROFILEDEFWITHVOIDS(.AREA.,$,#12359,(#12361));
#12359=IFCINDEXEDPOLYCURVE(#12360,(IFCLINEINDEX((1,2,3,4,1))),$);
#12360=IFCCARTESIANPOINTLIST2D(((0.,0.),(0.78843839094042778,0.),(0.78843839094042778,0.84999997541308403),(0.,0.84999997541308403)));
#12361=IFCINDEXEDPOLYCURVE(#12362,(IFCLINEINDEX((1,2,3,4,1))),$);
#12362=IFCCARTESIANPOINTLIST2D(((0.035000000149011612,0.035000000149011612),(0.75343839079141617,0.035000000149011612),(0.75343839079141617,0.81499997526407242),(0.035000000149011612,0.81499997526407242)));
#12363=IFCAXIS2PLACEMENT3D(#12364,#12365,#12366);
#12364=IFCCARTESIANPOINT((0.02500000037252903,0.090000001713633537,0.02500000037252903));
#12365=IFCDIRECTION((0.,-1.,0.));
#12366=IFCDIRECTION((1.,0.,0.));
#12367=IFCDIRECTION((0.,0.,-1.));
#12368=IFCEXTRUDEDAREASOLID(#12369,#12372,#12376,0.01);
#12369=IFCARBITRARYCLOSEDPROFILEDEF(.AREA.,$,#12370);
#12370=IFCINDEXEDPOLYCURVE(#12371,(IFCLINEINDEX((1,2,3,4,1))),$);
#12371=IFCCARTESIANPOINTLIST2D(((0.035000000149011612,0.035000000149011612),(0.75343839079141617,0.035000000149011612),(0.75343839079141617,0.81499997526407242),(0.035000000149011612,0.81499997526407242)));
#12372=IFCAXIS2PLACEMENT3D(#12373,#12374,#12375);
#12373=IFCCARTESIANPOINT((0.02500000037252903,0.10250000178813934,0.02500000037252903));
#12374=IFCDIRECTION((0.,-1.,0.));
#12375=IFCDIRECTION((1.,0.,0.));
#12376=IFCDIRECTION((0.,0.,-1.));
#12377=IFCREPRESENTATIONMAP(#12378,#12382);
#12378=IFCAXIS2PLACEMENT3D(#12379,#12380,#12381);
#12379=IFCCARTESIANPOINT((0.,0.,0.));
#12380=IFCDIRECTION((0.,0.,1.));
#12381=IFCDIRECTION((1.,0.,0.));
#12382=IFCSHAPEREPRESENTATION(#24,'Body','Curve2D',(#12383,#12385,#12387,#12389,#12391,#12393,#12395,#12397));
#12383=IFCINDEXEDPOLYCURVE(#12384,$,$);
#12384=IFCCARTESIANPOINTLIST2D(((0.05000000074505806,0.05000000074505806),(0.78843839094042778,0.05000000074505806)));
#12385=IFCINDEXEDPOLYCURVE(#12386,(IFCLINEINDEX((1,2,3,4,5,6,1))),$);
#12386=IFCCARTESIANPOINTLIST2D(((0.,0.10000000149011612),(0.02500000037252903,0.10000000149011612),(0.02500000037252903,0.090000001713633537),(0.05000000074505806,0.090000001713633537),(0.05000000074505806,0.05000000074505806),(0.,0.05000000074505806)));
#12387=IFCINDEXEDPOLYCURVE(#12388,(IFCLINEINDEX((1,2,3,4,5,6,1))),$);
#12388=IFCCARTESIANPOINTLIST2D(((0.83843839168548584,0.10000000149011612),(0.81343839131295681,0.10000000149011612),(0.81343839131295681,0.090000001713633537),(0.78843839094042778,0.090000001713633537),(0.78843839094042778,0.05000000074505806),(0.83843839168548584,0.05000000074505806)));
#12389=IFCINDEXEDPOLYCURVE(#12390,(IFCLINEINDEX((1,2,3,4,1))),$);
#12390=IFCCARTESIANPOINTLIST2D(((0.02500000037252903,0.090000001713633537),(0.060000000521540642,0.090000001713633537),(0.060000000521540642,0.12500000186264515),(0.02500000037252903,0.12500000186264515)));
#12391=IFCINDEXEDPOLYCURVE(#12392,(IFCLINEINDEX((1,2,3,4,1))),$);
#12392=IFCCARTESIANPOINTLIST2D(((0.81343839131295681,0.090000001713633537),(0.7784383911639452,0.090000001713633537),(0.7784383911639452,0.12500000186264515),(0.81343839131295681,0.12500000186264515)));
#12393=IFCINDEXEDPOLYCURVE(#12394,$,$);
#12394=IFCCARTESIANPOINTLIST2D(((0.060000000521540642,0.090000001713633537),(0.7784383911639452,0.090000001713633537)));
#12395=IFCINDEXEDPOLYCURVE(#12396,$,$);
#12396=IFCCARTESIANPOINTLIST2D(((0.060000000521540642,0.12500000186264515),(0.7784383911639452,0.12500000186264515)));
#12397=IFCINDEXEDPOLYCURVE(#12398,$,$);
#12398=IFCCARTESIANPOINTLIST2D(((0.060000000521540642,0.10750000178813934),(0.7784383911639452,0.10750000178813934)));
#12399=IFCWINDOW('3IGChI1UT1BgPo8tiMMoLj',$,'Window',$,$,#13492,#12408,$,0.89999997615814209,0.83843839168548584,$,$,$);
#12400=IFCRELDEFINESBYTYPE('0szfM9oZHDAOLxfQwVQV7Y',$,$,$,(#12399),#12318);
#12401=IFCCARTESIANPOINT((0.,0.,0.));
#12402=IFCDIRECTION((1.,0.,0.));
#12403=IFCDIRECTION((0.,1.,0.));
#12404=IFCDIRECTION((0.,0.,1.));
#12405=IFCCARTESIANTRANSFORMATIONOPERATOR3D(#12402,#12403,#12401,1.,#12404);
#12406=IFCMAPPEDITEM(#12321,#12405);
#12407=IFCSHAPEREPRESENTATION(#18,'Profile','MappedRepresentation',(#12406));
#12408=IFCPRODUCTDEFINITIONSHAPE($,$,(#12407,#12415,#12422));
#12409=IFCCARTESIANPOINT((0.,0.,0.));
#12410=IFCDIRECTION((1.,0.,0.));
#12411=IFCDIRECTION((0.,1.,0.));
#12412=IFCDIRECTION((0.,0.,1.));
#12413=IFCCARTESIANTRANSFORMATIONOPERATOR3D(#12410,#12411,#12409,1.,#12412);
#12414=IFCMAPPEDITEM(#12329,#12413);
#12415=IFCSHAPEREPRESENTATION(#11,'Body','MappedRepresentation',(#12414));
#12416=IFCCARTESIANPOINT((0.,0.,0.));
#12417=IFCDIRECTION((1.,0.,0.));
#12418=IFCDIRECTION((0.,1.,0.));
#12419=IFCDIRECTION((0.,0.,1.));
#12420=IFCCARTESIANTRANSFORMATIONOPERATOR3D(#12417,#12418,#12416,1.,#12419);
#12421=IFCMAPPEDITEM(#12377,#12420);
#12422=IFCSHAPEREPRESENTATION(#24,'Body','MappedRepresentation',(#12421));
#12423=IFCOPENINGELEMENT('2wZBcqabXCgvO7N_j4ZUAg',$,'Opening',$,$,#12473,#12451,$,.OPENING.);
#12429=IFCCARTESIANPOINTLIST2D(((0.,0.),(0.83843839168548584,0.),(0.83843839168548584,0.89999997615814209),(0.,0.89999997615814209)));
#12430=IFCINDEXEDPOLYCURVE(#12429,(IFCLINEINDEX((1,2,3,4,1))),$);
#12431=IFCARBITRARYCLOSEDPROFILEDEF(.AREA.,$,#12430);
#12432=IFCCARTESIANPOINT((0.,-0.60000002384185791,0.));
#12433=IFCDIRECTION((0.,-1.,0.));
#12434=IFCDIRECTION((1.,0.,0.));
#12435=IFCAXIS2PLACEMENT3D(#12432,#12433,#12434);
#12436=IFCDIRECTION((0.,0.,-1.));
#12437=IFCEXTRUDEDAREASOLID(#12431,#12435,#12436,1.2);
#12438=IFCSHAPEREPRESENTATION(#11,'Body','SweptSolid',(#12437));
#12439=IFCCARTESIANPOINT((0.,0.,0.));
#12440=IFCDIRECTION((1.,0.,0.));
#12441=IFCDIRECTION((0.,0.,1.));
#12442=IFCAXIS2PLACEMENT3D(#12439,#12441,#12440);
#12443=IFCREPRESENTATIONMAP(#12442,#12438);
#12444=IFCCARTESIANPOINT((0.,0.,0.));
#12445=IFCDIRECTION((1.,0.,0.));
#12446=IFCDIRECTION((0.,1.,0.));
#12447=IFCDIRECTION((0.,0.,1.));
#12448=IFCCARTESIANTRANSFORMATIONOPERATOR3D(#12445,#12446,#12444,1.,#12447);
#12449=IFCMAPPEDITEM(#12443,#12448);
#12450=IFCSHAPEREPRESENTATION(#11,'Body','MappedRepresentation',(#12449));
#12451=IFCPRODUCTDEFINITIONSHAPE($,$,(#12450));
#12452=IFCRELVOIDSELEMENT('0EK4wE5trD7uby9fsqc0g4',$,$,$,#8001,#12423);
#12458=IFCRELFILLSELEMENT('3NDuqhDBD1PgGRkj2UCjI9',$,$,$,#12423,#12399);
#12469=IFCCARTESIANPOINT((1.5591053287095309,3.5912804507987062E-07,1.));
#12470=IFCDIRECTION((0.,0.,1.));
#12471=IFCDIRECTION((0.99999999999999289,1.1920928244535129E-07,0.));
#12472=IFCAXIS2PLACEMENT3D(#12469,#12470,#12471);
#12473=IFCLOCALPLACEMENT(#10251,#12472);
#12479=IFCWINDOWTYPE('0hcxLeKz9FS8XrKPK$Jq$M',$,'MR-2F',$,$,(#12480),(#12482,#12490,#12538),$,$,.WINDOW.,.SINGLE_PANEL.,$,$);
#12480=IFCPROPERTYSET('22k7EHmjj8bufvJj47JvVL',$,'BBIM_Window',$,(#12481));
#12481=IFCPROPERTYSINGLEVALUE('Data',$,IFCTEXT('{"window_type": "SINGLE_PANEL", "overall_height": 0.8999999761581421, "overall_width": 0.817405104637146, "lining_properties": {"lining_depth": 0.05000000074505806, "lining_thickness": 0.05000000074505806, "lining_offset": 0.05000000074505806, "lining_to_panel_offset_x": 0.02500000037252903, "lining_to_panel_offset_y": 0.02500000037252903}, "panel_properties": {"frame_depth": [0.03500000014901161, 0.03500000014901161, 0.03500000014901161], "frame_thickness": [0.03500000014901161, 0.03500000014901161, 0.03500000014901161]}}'),$);
#12482=IFCREPRESENTATIONMAP(#12483,#12642);
#12483=IFCAXIS2PLACEMENT3D(#12484,#12485,#12486);
#12484=IFCCARTESIANPOINT((0.,0.,0.));
#12485=IFCDIRECTION((0.,0.,1.));
#12486=IFCDIRECTION((1.,0.,0.));
#12490=IFCREPRESENTATIONMAP(#12491,#12685);
#12491=IFCAXIS2PLACEMENT3D(#12492,#12493,#12494);
#12492=IFCCARTESIANPOINT((0.,0.,0.));
#12493=IFCDIRECTION((0.,0.,1.));
#12494=IFCDIRECTION((1.,0.,0.));
#12538=IFCREPRESENTATIONMAP(#12539,#12708);
#12539=IFCAXIS2PLACEMENT3D(#12540,#12541,#12542);
#12540=IFCCARTESIANPOINT((0.,0.,0.));
#12541=IFCDIRECTION((0.,0.,1.));
#12542=IFCDIRECTION((1.,0.,0.));
#12560=IFCWINDOW('3bcjAMLsX5_vjg2fLFZfa$',$,'Window',$,$,#12733,#12569,$,0.89999997615814209,0.817405104637146,$,.SINGLE_PANEL.,$);
#12561=IFCRELDEFINESBYTYPE('2lPlcv47zE4AkczI7rIROx',$,$,$,(#12560),#12479);
#12562=IFCCARTESIANPOINT((0.,0.,0.));
#12563=IFCDIRECTION((1.,0.,0.));
#12564=IFCDIRECTION((0.,1.,0.));
#12565=IFCDIRECTION((0.,0.,1.));
#12566=IFCCARTESIANTRANSFORMATIONOPERATOR3D(#12563,#12564,#12562,1.,#12565);
#12567=IFCMAPPEDITEM(#12482,#12566);
#12568=IFCSHAPEREPRESENTATION(#18,'Profile','MappedRepresentation',(#12567));
#12569=IFCPRODUCTDEFINITIONSHAPE($,$,(#12568,#12576,#12583));
#12570=IFCCARTESIANPOINT((0.,0.,0.));
#12571=IFCDIRECTION((1.,0.,0.));
#12572=IFCDIRECTION((0.,1.,0.));
#12573=IFCDIRECTION((0.,0.,1.));
#12574=IFCCARTESIANTRANSFORMATIONOPERATOR3D(#12571,#12572,#12570,1.,#12573);
#12575=IFCMAPPEDITEM(#12490,#12574);
#12576=IFCSHAPEREPRESENTATION(#11,'Body','MappedRepresentation',(#12575));
#12577=IFCCARTESIANPOINT((0.,0.,0.));
#12578=IFCDIRECTION((1.,0.,0.));
#12579=IFCDIRECTION((0.,1.,0.));
#12580=IFCDIRECTION((0.,0.,1.));
#12581=IFCCARTESIANTRANSFORMATIONOPERATOR3D(#12578,#12579,#12577,1.,#12580);
#12582=IFCMAPPEDITEM(#12538,#12581);
#12583=IFCSHAPEREPRESENTATION(#24,'Body','MappedRepresentation',(#12582));
#12584=IFCOPENINGELEMENT('1onAf7NU54ufvA8vcUN0lk',$,'Opening',$,$,#12728,#12612,$,.OPENING.);
#12600=IFCCARTESIANPOINT((0.,0.,0.));
#12601=IFCDIRECTION((1.,0.,0.));
#12602=IFCDIRECTION((0.,0.,1.));
#12603=IFCAXIS2PLACEMENT3D(#12600,#12602,#12601);
#12604=IFCREPRESENTATIONMAP(#12603,#12718);
#12605=IFCCARTESIANPOINT((0.,0.,0.));
#12606=IFCDIRECTION((1.,0.,0.));
#12607=IFCDIRECTION((0.,1.,0.));
#12608=IFCDIRECTION((0.,0.,1.));
#12609=IFCCARTESIANTRANSFORMATIONOPERATOR3D(#12606,#12607,#12605,1.,#12608);
#12610=IFCMAPPEDITEM(#12604,#12609);
#12611=IFCSHAPEREPRESENTATION(#11,'Body','MappedRepresentation',(#12610));
#12612=IFCPRODUCTDEFINITIONSHAPE($,$,(#12611));
#12613=IFCRELVOIDSELEMENT('2IL_iMKeP91ASdrrLMHpFd',$,$,$,#8001,#12584);
#12619=IFCRELFILLSELEMENT('2djQPKYnzDPPhRwc7mTAF7',$,$,$,#12584,#12560);
#12640=IFCCARTESIANPOINTLIST3D(((0.,0.,0.),(0.817405104637146,0.,0.),(0.817405104637146,0.,0.89999997615814209),(0.,0.,0.89999997615814209)));
#12641=IFCINDEXEDPOLYCURVE(#12640,(IFCLINEINDEX((1,2,3,4,1))),$);
#12642=IFCSHAPEREPRESENTATION(#18,'Profile','Curve3D',(#12641));
#12643=IFCCARTESIANPOINTLIST2D(((0.,0.),(0.817405104637146,0.),(0.817405104637146,0.89999997615814209),(0.,0.89999997615814209)));
#12644=IFCINDEXEDPOLYCURVE(#12643,(IFCLINEINDEX((1,2,3,4,1))),$);
#12645=IFCCARTESIANPOINTLIST2D(((0.02500000037252903,0.02500000037252903),(0.79240510426461697,0.02500000037252903),(0.79240510426461697,0.87499997578561306),(0.02500000037252903,0.87499997578561306)));
#12646=IFCINDEXEDPOLYCURVE(#12645,(IFCLINEINDEX((1,2,3,4,1))),$);
#12647=IFCARBITRARYPROFILEDEFWITHVOIDS(.AREA.,$,#12644,(#12646));
#12648=IFCCARTESIANPOINT((0.,0.090000001713633537,0.));
#12649=IFCDIRECTION((0.,-1.,0.));
#12650=IFCDIRECTION((1.,0.,0.));
#12651=IFCAXIS2PLACEMENT3D(#12648,#12649,#12650);
#12652=IFCDIRECTION((0.,0.,-1.));
#12653=IFCEXTRUDEDAREASOLID(#12647,#12651,#12652,0.0099999997764825821);
#12654=IFCCARTESIANPOINTLIST2D(((0.,0.),(0.817405104637146,0.),(0.817405104637146,0.89999997615814209),(0.,0.89999997615814209)));
#12655=IFCINDEXEDPOLYCURVE(#12654,(IFCLINEINDEX((1,2,3,4,1))),$);
#12656=IFCCARTESIANPOINTLIST2D(((0.05000000074505806,0.05000000074505806),(0.76740510389208794,0.05000000074505806),(0.76740510389208794,0.84999997541308403),(0.05000000074505806,0.84999997541308403)));
#12657=IFCINDEXEDPOLYCURVE(#12656,(IFCLINEINDEX((1,2,3,4,1))),$);
#12658=IFCARBITRARYPROFILEDEFWITHVOIDS(.AREA.,$,#12655,(#12657));
#12659=IFCCARTESIANPOINT((0.,0.05000000074505806,0.));
#12660=IFCDIRECTION((0.,-1.,0.));
#12661=IFCDIRECTION((1.,0.,0.));
#12662=IFCAXIS2PLACEMENT3D(#12659,#12660,#12661);
#12663=IFCDIRECTION((0.,0.,-1.));
#12664=IFCEXTRUDEDAREASOLID(#12658,#12662,#12663,0.040000000968575478);
#12665=IFCCARTESIANPOINTLIST2D(((0.,0.),(0.76740510389208794,0.),(0.76740510389208794,0.84999997541308403),(0.,0.84999997541308403)));
#12666=IFCINDEXEDPOLYCURVE(#12665,(IFCLINEINDEX((1,2,3,4,1))),$);
#12667=IFCCARTESIANPOINTLIST2D(((0.035000000149011612,0.035000000149011612),(0.73240510374307632,0.035000000149011612),(0.73240510374307632,0.81499997526407242),(0.035000000149011612,0.81499997526407242)));
#12668=IFCINDEXEDPOLYCURVE(#12667,(IFCLINEINDEX((1,2,3,4,1))),$);
#12669=IFCARBITRARYPROFILEDEFWITHVOIDS(.AREA.,$,#12666,(#12668));
#12670=IFCCARTESIANPOINT((0.02500000037252903,0.090000001713633537,0.02500000037252903));
#12671=IFCDIRECTION((0.,-1.,0.));
#12672=IFCDIRECTION((1.,0.,0.));
#12673=IFCAXIS2PLACEMENT3D(#12670,#12671,#12672);
#12674=IFCDIRECTION((0.,0.,-1.));
#12675=IFCEXTRUDEDAREASOLID(#12669,#12673,#12674,0.035000000149011612);
#12676=IFCINDEXEDPOLYCURVE(#12677,(IFCLINEINDEX((1,2,3,4,1))),$);
#12677=IFCCARTESIANPOINTLIST2D(((0.035000000149011612,0.035000000149011612),(0.73240510374307632,0.035000000149011612),(0.73240510374307632,0.81499997526407242),(0.035000000149011612,0.81499997526407242)));
#12678=IFCARBITRARYCLOSEDPROFILEDEF(.AREA.,$,#12676);
#12679=IFCCARTESIANPOINT((0.02500000037252903,0.10250000178813934,0.02500000037252903));
#12680=IFCDIRECTION((0.,-1.,0.));
#12681=IFCDIRECTION((1.,0.,0.));
#12682=IFCAXIS2PLACEMENT3D(#12679,#12680,#12681);
#12683=IFCDIRECTION((0.,0.,-1.));
#12684=IFCEXTRUDEDAREASOLID(#12678,#12682,#12683,0.01);
#12685=IFCSHAPEREPRESENTATION(#11,'Body','SweptSolid',(#12653,#12664,#12675,#12684));
#12686=IFCSHAPEREPRESENTATION(#11,'Body','SweptSolid',(#12653,#12664));
#12687=IFCSHAPEASPECT((#12686),'Lining',$,.T.,#12569);
#12688=IFCSHAPEREPRESENTATION(#11,'Body','SweptSolid',(#12675));
#12689=IFCSHAPEASPECT((#12688),'Framing',$,.T.,#12569);
#12690=IFCSHAPEREPRESENTATION(#11,'Body','SweptSolid',(#12684));
#12691=IFCSHAPEASPECT((#12690),'Glazing',$,.T.,#12569);
#12692=IFCCARTESIANPOINTLIST2D(((0.05000000074505806,0.05000000074505806),(0.76740510389208794,0.05000000074505806)));
#12693=IFCINDEXEDPOLYCURVE(#12692,$,$);
#12694=IFCCARTESIANPOINTLIST2D(((0.,0.10000000149011612),(0.02500000037252903,0.10000000149011612),(0.02500000037252903,0.090000001713633537),(0.05000000074505806,0.090000001713633537),(0.05000000074505806,0.05000000074505806),(0.,0.05000000074505806)));
#12695=IFCINDEXEDPOLYCURVE(#12694,(IFCLINEINDEX((1,2,3,4,5,6,1))),$);
#12696=IFCCARTESIANPOINTLIST2D(((0.817405104637146,0.10000000149011612),(0.79240510426461697,0.10000000149011612),(0.79240510426461697,0.090000001713633537),(0.76740510389208794,0.090000001713633537),(0.76740510389208794,0.05000000074505806),(0.817405104637146,0.05000000074505806)));
#12697=IFCINDEXEDPOLYCURVE(#12696,(IFCLINEINDEX((1,2,3,4,5,6,1))),$);
#12698=IFCCARTESIANPOINTLIST2D(((0.02500000037252903,0.090000001713633537),(0.060000000521540642,0.090000001713633537),(0.060000000521540642,0.12500000186264515),(0.02500000037252903,0.12500000186264515)));
#12699=IFCINDEXEDPOLYCURVE(#12698,(IFCLINEINDEX((1,2,3,4,1))),$);
#12700=IFCINDEXEDPOLYCURVE(#12701,(IFCLINEINDEX((1,2,3,4,1))),$);
#12701=IFCCARTESIANPOINTLIST2D(((0.79240510426461697,0.090000001713633537),(0.75740510411560535,0.090000001713633537),(0.75740510411560535,0.12500000186264515),(0.79240510426461697,0.12500000186264515)));
#12702=IFCCARTESIANPOINTLIST2D(((0.060000000521540642,0.090000001713633537),(0.75740510411560535,0.090000001713633537)));
#12703=IFCINDEXEDPOLYCURVE(#12702,$,$);
#12704=IFCINDEXEDPOLYCURVE(#12705,$,$);
#12705=IFCCARTESIANPOINTLIST2D(((0.060000000521540642,0.12500000186264515),(0.75740510411560535,0.12500000186264515)));
#12706=IFCINDEXEDPOLYCURVE(#12707,$,$);
#12707=IFCCARTESIANPOINTLIST2D(((0.060000000521540642,0.10750000178813934),(0.75740510411560535,0.10750000178813934)));
#12708=IFCSHAPEREPRESENTATION(#24,'Body','Curve2D',(#12693,#12695,#12697,#12699,#12700,#12703,#12704,#12706));
#12709=IFCCARTESIANPOINTLIST2D(((0.,0.),(0.817405104637146,0.),(0.817405104637146,0.89999997615814209),(0.,0.89999997615814209)));
#12710=IFCINDEXEDPOLYCURVE(#12709,(IFCLINEINDEX((1,2,3,4,1))),$);
#12711=IFCARBITRARYCLOSEDPROFILEDEF(.AREA.,$,#12710);
#12712=IFCCARTESIANPOINT((0.,-0.60000002384185791,0.));
#12713=IFCDIRECTION((0.,-1.,0.));
#12714=IFCDIRECTION((1.,0.,0.));
#12715=IFCAXIS2PLACEMENT3D(#12712,#12713,#12714);
#12716=IFCDIRECTION((0.,0.,-1.));
#12717=IFCEXTRUDEDAREASOLID(#12711,#12715,#12716,1.2);
#12718=IFCSHAPEREPRESENTATION(#11,'Body','SweptSolid',(#12717));
#12724=IFCCARTESIANPOINT((3.5950584928102076,6.8225501248520004E-07,1.));
#12725=IFCDIRECTION((0.,0.,1.));
#12726=IFCDIRECTION((0.99999999999999289,1.1920928244535129E-07,0.));
#12727=IFCAXIS2PLACEMENT3D(#12724,#12725,#12726);
#12728=IFCLOCALPLACEMENT(#10251,#12727);
#12729=IFCCARTESIANPOINT((-4.4408920985006262E-16,0.,0.));
#12730=IFCDIRECTION((0.,0.,1.));
#12731=IFCDIRECTION((1.,0.,0.));
#12732=IFCAXIS2PLACEMENT3D(#12729,#12730,#12731);
#12733=IFCLOCALPLACEMENT(#12728,#12732);
#12734=IFCWINDOWTYPE('11itzbLs9AjB5ZpBS9LwUL',$,'BR2-2F',$,$,(#12735),(#12737,#12745,#12831),$,$,.WINDOW.,.SINGLE_PANEL.,$,$);
#12735=IFCPROPERTYSET('2kvAKWuDH8SfweK4XqdzWD',$,'BBIM_Window',$,(#12736));
#12736=IFCPROPERTYSINGLEVALUE('Data',$,IFCTEXT('{"window_type": "DOUBLE_PANEL_VERTICAL", "overall_height": 0.8999999761581421, "overall_width": 1.2018264532089233, "lining_properties": {"lining_depth": 0.05000000074505806, "lining_thickness": 0.05000000074505806, "lining_offset": 0.05000000074505806, "lining_to_panel_offset_x": 0.02500000037252903, "lining_to_panel_offset_y": 0.02500000037252903, "mullion_thickness": 0.05000000074505806, "first_mullion_offset": 0.30000001192092896}, "panel_properties": {"frame_depth": [0.03500000014901161, 0.03500000014901161, 0.03500000014901161], "frame_thickness": [0.03500000014901161, 0.03500000014901161, 0.03500000014901161]}}'),$);
#12737=IFCREPRESENTATIONMAP(#12738,#12979);
#12738=IFCAXIS2PLACEMENT3D(#12739,#12740,#12741);
#12739=IFCCARTESIANPOINT((0.,0.,0.));
#12740=IFCDIRECTION((0.,0.,1.));
#12741=IFCDIRECTION((1.,0.,0.));
#12745=IFCREPRESENTATIONMAP(#12746,#13060);
#12746=IFCAXIS2PLACEMENT3D(#12747,#12748,#12749);
#12747=IFCCARTESIANPOINT((0.,0.,0.));
#12748=IFCDIRECTION((0.,0.,1.));
#12749=IFCDIRECTION((1.,0.,0.));
#12831=IFCREPRESENTATIONMAP(#12832,#13099);
#12832=IFCAXIS2PLACEMENT3D(#12833,#12834,#12835);
#12833=IFCCARTESIANPOINT((0.,0.,0.));
#12834=IFCDIRECTION((0.,0.,1.));
#12835=IFCDIRECTION((1.,0.,0.));
#12869=IFCWINDOW('12Miloevf45Qo8JKAABcHH',$,'Window',$,$,#13124,#12878,$,0.89999997615814209,1.2018264532089233,$,.DOUBLE_PANEL_VERTICAL.,$);
#12870=IFCRELDEFINESBYTYPE('25aLMNaCD3NfSb6Sxs4ttn',$,$,$,(#12869),#12734);
#12871=IFCCARTESIANPOINT((0.,0.,0.));
#12872=IFCDIRECTION((1.,0.,0.));
#12873=IFCDIRECTION((0.,1.,0.));
#12874=IFCDIRECTION((0.,0.,1.));
#12875=IFCCARTESIANTRANSFORMATIONOPERATOR3D(#12872,#12873,#12871,1.,#12874);
#12876=IFCMAPPEDITEM(#12737,#12875);
#12877=IFCSHAPEREPRESENTATION(#18,'Profile','MappedRepresentation',(#12876));
#12878=IFCPRODUCTDEFINITIONSHAPE($,$,(#12877,#12885,#12892));
#12879=IFCCARTESIANPOINT((0.,0.,0.));
#12880=IFCDIRECTION((1.,0.,0.));
#12881=IFCDIRECTION((0.,1.,0.));
#12882=IFCDIRECTION((0.,0.,1.));
#12883=IFCCARTESIANTRANSFORMATIONOPERATOR3D(#12880,#12881,#12879,1.,#12882);
#12884=IFCMAPPEDITEM(#12745,#12883);
#12885=IFCSHAPEREPRESENTATION(#11,'Body','MappedRepresentation',(#12884));
#12886=IFCCARTESIANPOINT((0.,0.,0.));
#12887=IFCDIRECTION((1.,0.,0.));
#12888=IFCDIRECTION((0.,1.,0.));
#12889=IFCDIRECTION((0.,0.,1.));
#12890=IFCCARTESIANTRANSFORMATIONOPERATOR3D(#12887,#12888,#12886,1.,#12889);
#12891=IFCMAPPEDITEM(#12831,#12890);
#12892=IFCSHAPEREPRESENTATION(#24,'Body','MappedRepresentation',(#12891));
#12893=IFCOPENINGELEMENT('2J5hhRWEH6jek2n01kRC8E',$,'Opening',$,$,#13119,#12921,$,.OPENING.);
#12909=IFCCARTESIANPOINT((0.,0.,0.));
#12910=IFCDIRECTION((1.,0.,0.));
#12911=IFCDIRECTION((0.,0.,1.));
#12912=IFCAXIS2PLACEMENT3D(#12909,#12911,#12910);
#12913=IFCREPRESENTATIONMAP(#12912,#13109);
#12914=IFCCARTESIANPOINT((0.,0.,0.));
#12915=IFCDIRECTION((1.,0.,0.));
#12916=IFCDIRECTION((0.,1.,0.));
#12917=IFCDIRECTION((0.,0.,1.));
#12918=IFCCARTESIANTRANSFORMATIONOPERATOR3D(#12915,#12916,#12914,1.,#12917);
#12919=IFCMAPPEDITEM(#12913,#12918);
#12920=IFCSHAPEREPRESENTATION(#11,'Body','MappedRepresentation',(#12919));
#12921=IFCPRODUCTDEFINITIONSHAPE($,$,(#12920));
#12922=IFCRELVOIDSELEMENT('11HtHMcN96ZQaExXaqm_KA',$,$,$,#8126,#12893);
#12928=IFCRELFILLSELEMENT('0MqiVoeh12aRec0g4Hkcpr',$,$,$,#12893,#12869);
#12977=IFCCARTESIANPOINTLIST3D(((0.,0.,0.),(1.2018264532089233,0.,0.),(1.2018264532089233,0.,0.89999997615814209),(0.,0.,0.89999997615814209)));
#12978=IFCINDEXEDPOLYCURVE(#12977,(IFCLINEINDEX((1,2,3,4,1))),$);
#12979=IFCSHAPEREPRESENTATION(#18,'Profile','Curve3D',(#12978));
#12980=IFCCARTESIANPOINTLIST2D(((0.30000001192092896,0.),(0.,0.),(0.,0.89999997615814209),(0.30000001192092896,0.89999997615814209),(0.30000001192092896,0.87499997578561306),(0.02500000037252903,0.87499997578561306),(0.02500000037252903,0.02500000037252903),(0.30000001192092896,0.02500000037252903)));
#12981=IFCINDEXEDPOLYCURVE(#12980,(IFCLINEINDEX((1,2,3,4,5,6,7,8,1))),$);
#12982=IFCARBITRARYCLOSEDPROFILEDEF(.AREA.,$,#12981);
#12983=IFCCARTESIANPOINT((0.,0.090000001713633537,0.));
#12984=IFCDIRECTION((0.,-1.,0.));
#12985=IFCDIRECTION((1.,0.,0.));
#12986=IFCAXIS2PLACEMENT3D(#12983,#12984,#12985);
#12987=IFCDIRECTION((0.,0.,-1.));
#12988=IFCEXTRUDEDAREASOLID(#12982,#12986,#12987,0.0099999997764825821);
#12989=IFCCARTESIANPOINTLIST2D(((0.,0.),(0.30000001192092896,0.),(0.30000001192092896,0.89999997615814209),(0.,0.89999997615814209)));
#12990=IFCINDEXEDPOLYCURVE(#12989,(IFCLINEINDEX((1,2,3,4,1))),$);
#12991=IFCCARTESIANPOINTLIST2D(((0.05000000074505806,0.05000000074505806),(0.27500001154839993,0.05000000074505806),(0.27500001154839993,0.84999997541308403),(0.05000000074505806,0.84999997541308403)));
#12992=IFCINDEXEDPOLYCURVE(#12991,(IFCLINEINDEX((1,2,3,4,1))),$);
#12993=IFCARBITRARYPROFILEDEFWITHVOIDS(.AREA.,$,#12990,(#12992));
#12994=IFCCARTESIANPOINT((0.,0.05000000074505806,0.));
#12995=IFCDIRECTION((0.,-1.,0.));
#12996=IFCDIRECTION((1.,0.,0.));
#12997=IFCAXIS2PLACEMENT3D(#12994,#12995,#12996);
#12998=IFCDIRECTION((0.,0.,-1.));
#12999=IFCEXTRUDEDAREASOLID(#12993,#12997,#12998,0.040000000968575478);
#13000=IFCCARTESIANPOINTLIST2D(((0.,0.),(0.27500001154839993,0.),(0.27500001154839993,0.84999997541308403),(0.,0.84999997541308403)));
#13001=IFCINDEXEDPOLYCURVE(#13000,(IFCLINEINDEX((1,2,3,4,1))),$);
#13002=IFCCARTESIANPOINTLIST2D(((0.035000000149011612,0.035000000149011612),(0.24000001139938831,0.035000000149011612),(0.24000001139938831,0.81499997526407242),(0.035000000149011612,0.81499997526407242)));
#13003=IFCINDEXEDPOLYCURVE(#13002,(IFCLINEINDEX((1,2,3,4,1))),$);
#13004=IFCARBITRARYPROFILEDEFWITHVOIDS(.AREA.,$,#13001,(#13003));
#13005=IFCCARTESIANPOINT((0.02500000037252903,0.090000001713633537,0.02500000037252903));
#13006=IFCDIRECTION((0.,-1.,0.));
#13007=IFCDIRECTION((1.,0.,0.));
#13008=IFCAXIS2PLACEMENT3D(#13005,#13006,#13007);
#13009=IFCDIRECTION((0.,0.,-1.));
#13010=IFCEXTRUDEDAREASOLID(#13004,#13008,#13009,0.035000000149011612);
#13011=IFCINDEXEDPOLYCURVE(#13012,(IFCLINEINDEX((1,2,3,4,1))),$);
#13012=IFCCARTESIANPOINTLIST2D(((0.035000000149011612,0.035000000149011612),(0.24000001139938831,0.035000000149011612),(0.24000001139938831,0.81499997526407242),(0.035000000149011612,0.81499997526407242)));
#13013=IFCARBITRARYCLOSEDPROFILEDEF(.AREA.,$,#13011);
#13014=IFCCARTESIANPOINT((0.02500000037252903,0.10250000178813934,0.02500000037252903));
#13015=IFCDIRECTION((0.,-1.,0.));
#13016=IFCDIRECTION((1.,0.,0.));
#13017=IFCAXIS2PLACEMENT3D(#13014,#13015,#13016);
#13018=IFCDIRECTION((0.,0.,-1.));
#13019=IFCEXTRUDEDAREASOLID(#13013,#13017,#13018,0.01);
#13020=IFCCARTESIANPOINTLIST2D(((0.,0.89999997615814209),(0.90182644128799438,0.89999997615814209),(0.90182644128799438,0.),(0.,0.),(0.,0.02500000037252903),(0.87682644091546535,0.02500000037252903),(0.87682644091546535,0.87499997578561306),(0.,0.87499997578561306)));
#13021=IFCINDEXEDPOLYCURVE(#13020,(IFCLINEINDEX((1,2,3,4,5,6,7,8,1))),$);
#13022=IFCARBITRARYCLOSEDPROFILEDEF(.AREA.,$,#13021);
#13023=IFCCARTESIANPOINT((0.30000001192092896,0.090000001713633537,0.));
#13024=IFCDIRECTION((0.,-1.,0.));
#13025=IFCDIRECTION((1.,0.,0.));
#13026=IFCAXIS2PLACEMENT3D(#13023,#13024,#13025);
#13027=IFCDIRECTION((0.,0.,-1.));
#13028=IFCEXTRUDEDAREASOLID(#13022,#13026,#13027,0.0099999997764825821);
#13029=IFCCARTESIANPOINTLIST2D(((0.,0.),(0.90182644128799438,0.),(0.90182644128799438,0.89999997615814209),(0.,0.89999997615814209)));
#13030=IFCINDEXEDPOLYCURVE(#13029,(IFCLINEINDEX((1,2,3,4,1))),$);
#13031=IFCCARTESIANPOINTLIST2D(((0.02500000037252903,0.05000000074505806),(0.85182644054293633,0.05000000074505806),(0.85182644054293633,0.84999997541308403),(0.02500000037252903,0.84999997541308403)));
#13032=IFCINDEXEDPOLYCURVE(#13031,(IFCLINEINDEX((1,2,3,4,1))),$);
#13033=IFCARBITRARYPROFILEDEFWITHVOIDS(.AREA.,$,#13030,(#13032));
#13034=IFCCARTESIANPOINT((0.30000001192092896,0.05000000074505806,0.));
#13035=IFCDIRECTION((0.,-1.,0.));
#13036=IFCDIRECTION((1.,0.,0.));
#13037=IFCAXIS2PLACEMENT3D(#13034,#13035,#13036);
#13038=IFCDIRECTION((0.,0.,-1.));
#13039=IFCEXTRUDEDAREASOLID(#13033,#13037,#13038,0.040000000968575478);
#13040=IFCCARTESIANPOINTLIST2D(((0.,0.),(0.87682644091546535,0.),(0.87682644091546535,0.84999997541308403),(0.,0.84999997541308403)));
#13041=IFCINDEXEDPOLYCURVE(#13040,(IFCLINEINDEX((1,2,3,4,1))),$);
#13042=IFCCARTESIANPOINTLIST2D(((0.035000000149011612,0.035000000149011612),(0.84182644076645374,0.035000000149011612),(0.84182644076645374,0.81499997526407242),(0.035000000149011612,0.81499997526407242)));
#13043=IFCINDEXEDPOLYCURVE(#13042,(IFCLINEINDEX((1,2,3,4,1))),$);
#13044=IFCARBITRARYPROFILEDEFWITHVOIDS(.AREA.,$,#13041,(#13043));
#13045=IFCCARTESIANPOINT((0.30000001192092896,0.090000001713633537,0.02500000037252903));
#13046=IFCDIRECTION((0.,-1.,0.));
#13047=IFCDIRECTION((1.,0.,0.));
#13048=IFCAXIS2PLACEMENT3D(#13045,#13046,#13047);
#13049=IFCDIRECTION((0.,0.,-1.));
#13050=IFCEXTRUDEDAREASOLID(#13044,#13048,#13049,0.035000000149011612);
#13051=IFCINDEXEDPOLYCURVE(#13052,(IFCLINEINDEX((1,2,3,4,1))),$);
#13052=IFCCARTESIANPOINTLIST2D(((0.035000000149011612,0.035000000149011612),(0.84182644076645374,0.035000000149011612),(0.84182644076645374,0.81499997526407242),(0.035000000149011612,0.81499997526407242)));
#13053=IFCARBITRARYCLOSEDPROFILEDEF(.AREA.,$,#13051);
#13054=IFCCARTESIANPOINT((0.30000001192092896,0.10250000178813934,0.02500000037252903));
#13055=IFCDIRECTION((0.,-1.,0.));
#13056=IFCDIRECTION((1.,0.,0.));
#13057=IFCAXIS2PLACEMENT3D(#13054,#13055,#13056);
#13058=IFCDIRECTION((0.,0.,-1.));
#13059=IFCEXTRUDEDAREASOLID(#13053,#13057,#13058,0.01);
#13060=IFCSHAPEREPRESENTATION(#11,'Body','SweptSolid',(#12988,#12999,#13010,#13019,#13028,#13039,#13050,#13059));
#13061=IFCSHAPEREPRESENTATION(#11,'Body','SweptSolid',(#12988,#12999,#13028,#13039));
#13062=IFCSHAPEASPECT((#13061),'Lining',$,.T.,#12878);
#13063=IFCSHAPEREPRESENTATION(#11,'Body','SweptSolid',(#13010,#13050));
#13064=IFCSHAPEASPECT((#13063),'Framing',$,.T.,#12878);
#13065=IFCSHAPEREPRESENTATION(#11,'Body','SweptSolid',(#13019,#13059));
#13066=IFCSHAPEASPECT((#13065),'Glazing',$,.T.,#12878);
#13067=IFCCARTESIANPOINTLIST2D(((0.05000000074505806,0.05000000074505806),(0.27500001154839993,0.05000000074505806)));
#13068=IFCINDEXEDPOLYCURVE(#13067,$,$);
#13069=IFCCARTESIANPOINTLIST2D(((0.,0.10000000149011612),(0.02500000037252903,0.10000000149011612),(0.02500000037252903,0.090000001713633537),(0.05000000074505806,0.090000001713633537),(0.05000000074505806,0.05000000074505806),(0.,0.05000000074505806)));
#13070=IFCINDEXEDPOLYCURVE(#13069,(IFCLINEINDEX((1,2,3,4,5,6,1))),$);
#13071=IFCCARTESIANPOINTLIST2D(((0.30000001192092896,0.10000000149011612),(0.30000001192092896,0.10000000149011612),(0.30000001192092896,0.090000001713633537),(0.27500001154839993,0.090000001713633537),(0.27500001154839993,0.05000000074505806),(0.30000001192092896,0.05000000074505806)));
#13072=IFCINDEXEDPOLYCURVE(#13071,$,$);
#13073=IFCCARTESIANPOINTLIST2D(((0.02500000037252903,0.090000001713633537),(0.060000000521540642,0.090000001713633537),(0.060000000521540642,0.12500000186264515),(0.02500000037252903,0.12500000186264515)));
#13074=IFCINDEXEDPOLYCURVE(#13073,(IFCLINEINDEX((1,2,3,4,1))),$);
#13075=IFCINDEXEDPOLYCURVE(#13076,(IFCLINEINDEX((1,2,3,4,1))),$);
#13076=IFCCARTESIANPOINTLIST2D(((0.30000001192092896,0.090000001713633537),(0.26500001177191734,0.090000001713633537),(0.26500001177191734,0.12500000186264515),(0.30000001192092896,0.12500000186264515)));
#13077=IFCCARTESIANPOINTLIST2D(((0.060000000521540642,0.090000001713633537),(0.26500001177191734,0.090000001713633537)));
#13078=IFCINDEXEDPOLYCURVE(#13077,$,$);
#13079=IFCINDEXEDPOLYCURVE(#13080,$,$);
#13080=IFCCARTESIANPOINTLIST2D(((0.060000000521540642,0.12500000186264515),(0.26500001177191734,0.12500000186264515)));
#13081=IFCINDEXEDPOLYCURVE(#13082,$,$);
#13082=IFCCARTESIANPOINTLIST2D(((0.060000000521540642,0.10750000178813934),(0.26500001177191734,0.10750000178813934)));
#13083=IFCCARTESIANPOINTLIST2D(((0.32500001229345798,0.05000000074505806),(1.1518264524638653,0.05000000074505806)));
#13084=IFCINDEXEDPOLYCURVE(#13083,$,$);
#13085=IFCCARTESIANPOINTLIST2D(((0.30000001192092896,0.10000000149011612),(0.30000001192092896,0.10000000149011612),(0.30000001192092896,0.090000001713633537),(0.32500001229345798,0.090000001713633537),(0.32500001229345798,0.05000000074505806),(0.30000001192092896,0.05000000074505806)));
#13086=IFCINDEXEDPOLYCURVE(#13085,$,$);
#13087=IFCCARTESIANPOINTLIST2D(((1.2018264532089233,0.10000000149011612),(1.1768264528363943,0.10000000149011612),(1.1768264528363943,0.090000001713633537),(1.1518264524638653,0.090000001713633537),(1.1518264524638653,0.05000000074505806),(1.2018264532089233,0.05000000074505806)));
#13088=IFCINDEXEDPOLYCURVE(#13087,(IFCLINEINDEX((1,2,3,4,5,6,1))),$);
#13089=IFCCARTESIANPOINTLIST2D(((0.30000001192092896,0.090000001713633537),(0.33500001206994057,0.090000001713633537),(0.33500001206994057,0.12500000186264515),(0.30000001192092896,0.12500000186264515)));
#13090=IFCINDEXEDPOLYCURVE(#13089,(IFCLINEINDEX((1,2,3,4,1))),$);
#13091=IFCINDEXEDPOLYCURVE(#13092,(IFCLINEINDEX((1,2,3,4,1))),$);
#13092=IFCCARTESIANPOINTLIST2D(((1.1768264528363943,0.090000001713633537),(1.1418264526873827,0.090000001713633537),(1.1418264526873827,0.12500000186264515),(1.1768264528363943,0.12500000186264515)));
#13093=IFCCARTESIANPOINTLIST2D(((0.33500001206994057,0.090000001713633537),(1.1418264526873827,0.090000001713633537)));
#13094=IFCINDEXEDPOLYCURVE(#13093,$,$);
#13095=IFCINDEXEDPOLYCURVE(#13096,$,$);
#13096=IFCCARTESIANPOINTLIST2D(((0.33500001206994057,0.12500000186264515),(1.1418264526873827,0.12500000186264515)));
#13097=IFCINDEXEDPOLYCURVE(#13098,$,$);
#13098=IFCCARTESIANPOINTLIST2D(((0.33500001206994057,0.10750000178813934),(1.1418264526873827,0.10750000178813934)));
#13099=IFCSHAPEREPRESENTATION(#24,'Body','Curve2D',(#13068,#13070,#13072,#13074,#13075,#13078,#13079,#13081,#13084,#13086,#13088,#13090,#13091,#13094,#13095,#13097));
#13100=IFCCARTESIANPOINTLIST2D(((0.,0.),(1.2018264532089233,0.),(1.2018264532089233,0.89999997615814209),(0.,0.89999997615814209)));
#13101=IFCINDEXEDPOLYCURVE(#13100,(IFCLINEINDEX((1,2,3,4,1))),$);
#13102=IFCARBITRARYCLOSEDPROFILEDEF(.AREA.,$,#13101);
#13103=IFCCARTESIANPOINT((0.,-0.60000002384185791,0.));
#13104=IFCDIRECTION((0.,-1.,0.));
#13105=IFCDIRECTION((1.,0.,0.));
#13106=IFCAXIS2PLACEMENT3D(#13103,#13104,#13105);
#13107=IFCDIRECTION((0.,0.,-1.));
#13108=IFCEXTRUDEDAREASOLID(#13102,#13106,#13107,1.2);
#13109=IFCSHAPEREPRESENTATION(#11,'Body','SweptSolid',(#13108));
#13115=IFCCARTESIANPOINT((0.29788079619524344,2.384185791015625E-07,1.));
#13116=IFCDIRECTION((0.,0.,1.));
#13117=IFCDIRECTION((0.99999999999997158,-2.3841857910155572E-07,0.));
#13118=IFCAXIS2PLACEMENT3D(#13115,#13116,#13117);
#13119=IFCLOCALPLACEMENT(#10266,#13118);
#13120=IFCCARTESIANPOINT((0.,0.,0.));
#13121=IFCDIRECTION((0.,0.,1.));
#13122=IFCDIRECTION((1.,0.,0.));
#13123=IFCAXIS2PLACEMENT3D(#13120,#13121,#13122);
#13124=IFCLOCALPLACEMENT(#13119,#13123);
#13125=IFCWINDOWTYPE('2UFupEGKX6Rwf3PdXLJSy_',$,'BR1-2-2F',$,$,(#13126),(#13128,#13136,#13222),$,$,.WINDOW.,.SINGLE_PANEL.,$,$);
#13126=IFCPROPERTYSET('0$QLGMWgD0R8hUp9cSh37i',$,'BBIM_Window',$,(#13127));
#13127=IFCPROPERTYSINGLEVALUE('Data',$,IFCTEXT('{"window_type": "DOUBLE_PANEL_VERTICAL", "overall_height": 0.8999999761581421, "overall_width": 1.2018264532089233, "lining_properties": {"lining_depth": 0.05000000074505806, "lining_thickness": 0.05000000074505806, "lining_offset": 0.05000000074505806, "lining_to_panel_offset_x": 0.02500000037252903, "lining_to_panel_offset_y": 0.02500000037252903, "mullion_thickness": 0.05000000074505806, "first_mullion_offset": 0.30000001192092896}, "panel_properties": {"frame_depth": [0.03500000014901161, 0.03500000014901161, 0.03500000014901161], "frame_thickness": [0.03500000014901161, 0.03500000014901161, 0.03500000014901161]}}'),$);
#13128=IFCREPRESENTATIONMAP(#13129,#13342);
#13129=IFCAXIS2PLACEMENT3D(#13130,#13131,#13132);
#13130=IFCCARTESIANPOINT((0.,0.,0.));
#13131=IFCDIRECTION((0.,0.,1.));
#13132=IFCDIRECTION((1.,0.,0.));
#13136=IFCREPRESENTATIONMAP(#13137,#13423);
#13137=IFCAXIS2PLACEMENT3D(#13138,#13139,#13140);
#13138=IFCCARTESIANPOINT((0.,0.,0.));
#13139=IFCDIRECTION((0.,0.,1.));
#13140=IFCDIRECTION((1.,0.,0.));
#13222=IFCREPRESENTATIONMAP(#13223,#13462);
#13223=IFCAXIS2PLACEMENT3D(#13224,#13225,#13226);
#13224=IFCCARTESIANPOINT((0.,0.,0.));
#13225=IFCDIRECTION((0.,0.,1.));
#13226=IFCDIRECTION((1.,0.,0.));
#13260=IFCWINDOW('1uEX4ipjfClBRWTJOPO$RV',$,'Window',$,$,#13487,#13269,$,0.89999997615814209,1.2018264532089233,$,.DOUBLE_PANEL_VERTICAL.,$);
#13261=IFCRELDEFINESBYTYPE('0Kgdm0nJL9V8vpbsiDar27',$,$,$,(#13260),#13125);
#13262=IFCCARTESIANPOINT((0.,0.,0.));
#13263=IFCDIRECTION((1.,0.,0.));
#13264=IFCDIRECTION((0.,1.,0.));
#13265=IFCDIRECTION((0.,0.,1.));
#13266=IFCCARTESIANTRANSFORMATIONOPERATOR3D(#13263,#13264,#13262,1.,#13265);
#13267=IFCMAPPEDITEM(#13128,#13266);
#13268=IFCSHAPEREPRESENTATION(#18,'Profile','MappedRepresentation',(#13267));
#13269=IFCPRODUCTDEFINITIONSHAPE($,$,(#13268,#13276,#13283));
#13270=IFCCARTESIANPOINT((0.,0.,0.));
#13271=IFCDIRECTION((1.,0.,0.));
#13272=IFCDIRECTION((0.,1.,0.));
#13273=IFCDIRECTION((0.,0.,1.));
#13274=IFCCARTESIANTRANSFORMATIONOPERATOR3D(#13271,#13272,#13270,1.,#13273);
#13275=IFCMAPPEDITEM(#13136,#13274);
#13276=IFCSHAPEREPRESENTATION(#11,'Body','MappedRepresentation',(#13275));
#13277=IFCCARTESIANPOINT((0.,0.,0.));
#13278=IFCDIRECTION((1.,0.,0.));
#13279=IFCDIRECTION((0.,1.,0.));
#13280=IFCDIRECTION((0.,0.,1.));
#13281=IFCCARTESIANTRANSFORMATIONOPERATOR3D(#13278,#13279,#13277,1.,#13280);
#13282=IFCMAPPEDITEM(#13222,#13281);
#13283=IFCSHAPEREPRESENTATION(#24,'Body','MappedRepresentation',(#13282));
#13284=IFCOPENINGELEMENT('3rO_eE$0z9lOGFxDMArL0I',$,'Opening',$,$,#13482,#13312,$,.OPENING.);
#13300=IFCCARTESIANPOINT((0.,0.,0.));
#13301=IFCDIRECTION((1.,0.,0.));
#13302=IFCDIRECTION((0.,0.,1.));
#13303=IFCAXIS2PLACEMENT3D(#13300,#13302,#13301);
#13304=IFCREPRESENTATIONMAP(#13303,#13472);
#13305=IFCCARTESIANPOINT((0.,0.,0.));
#13306=IFCDIRECTION((1.,0.,0.));
#13307=IFCDIRECTION((0.,1.,0.));
#13308=IFCDIRECTION((0.,0.,1.));
#13309=IFCCARTESIANTRANSFORMATIONOPERATOR3D(#13306,#13307,#13305,1.,#13308);
#13310=IFCMAPPEDITEM(#13304,#13309);
#13311=IFCSHAPEREPRESENTATION(#11,'Body','MappedRepresentation',(#13310));
#13312=IFCPRODUCTDEFINITIONSHAPE($,$,(#13311));
#13313=IFCRELVOIDSELEMENT('2uRse1EEf29PQUpuyCuDIX',$,$,$,#7976,#13284);
#13319=IFCRELFILLSELEMENT('0gsz$QNfX6cvdLfdZJKb1m',$,$,$,#13284,#13260);
#13340=IFCCARTESIANPOINTLIST3D(((0.,0.,0.),(1.2018264532089233,0.,0.),(1.2018264532089233,0.,0.89999997615814209),(0.,0.,0.89999997615814209)));
#13341=IFCINDEXEDPOLYCURVE(#13340,(IFCLINEINDEX((1,2,3,4,1))),$);
#13342=IFCSHAPEREPRESENTATION(#18,'Profile','Curve3D',(#13341));
#13343=IFCCARTESIANPOINTLIST2D(((0.30000001192092896,0.),(0.,0.),(0.,0.89999997615814209),(0.30000001192092896,0.89999997615814209),(0.30000001192092896,0.87499997578561306),(0.02500000037252903,0.87499997578561306),(0.02500000037252903,0.02500000037252903),(0.30000001192092896,0.02500000037252903)));
#13344=IFCINDEXEDPOLYCURVE(#13343,(IFCLINEINDEX((1,2,3,4,5,6,7,8,1))),$);
#13345=IFCARBITRARYCLOSEDPROFILEDEF(.AREA.,$,#13344);
#13346=IFCCARTESIANPOINT((0.,0.090000001713633537,0.));
#13347=IFCDIRECTION((0.,-1.,0.));
#13348=IFCDIRECTION((1.,0.,0.));
#13349=IFCAXIS2PLACEMENT3D(#13346,#13347,#13348);
#13350=IFCDIRECTION((0.,0.,-1.));
#13351=IFCEXTRUDEDAREASOLID(#13345,#13349,#13350,0.0099999997764825821);
#13352=IFCCARTESIANPOINTLIST2D(((0.,0.),(0.30000001192092896,0.),(0.30000001192092896,0.89999997615814209),(0.,0.89999997615814209)));
#13353=IFCINDEXEDPOLYCURVE(#13352,(IFCLINEINDEX((1,2,3,4,1))),$);
#13354=IFCCARTESIANPOINTLIST2D(((0.05000000074505806,0.05000000074505806),(0.27500001154839993,0.05000000074505806),(0.27500001154839993,0.84999997541308403),(0.05000000074505806,0.84999997541308403)));
#13355=IFCINDEXEDPOLYCURVE(#13354,(IFCLINEINDEX((1,2,3,4,1))),$);
#13356=IFCARBITRARYPROFILEDEFWITHVOIDS(.AREA.,$,#13353,(#13355));
#13357=IFCCARTESIANPOINT((0.,0.05000000074505806,0.));
#13358=IFCDIRECTION((0.,-1.,0.));
#13359=IFCDIRECTION((1.,0.,0.));
#13360=IFCAXIS2PLACEMENT3D(#13357,#13358,#13359);
#13361=IFCDIRECTION((0.,0.,-1.));
#13362=IFCEXTRUDEDAREASOLID(#13356,#13360,#13361,0.040000000968575478);
#13363=IFCCARTESIANPOINTLIST2D(((0.,0.),(0.27500001154839993,0.),(0.27500001154839993,0.84999997541308403),(0.,0.84999997541308403)));
#13364=IFCINDEXEDPOLYCURVE(#13363,(IFCLINEINDEX((1,2,3,4,1))),$);
#13365=IFCCARTESIANPOINTLIST2D(((0.035000000149011612,0.035000000149011612),(0.24000001139938831,0.035000000149011612),(0.24000001139938831,0.81499997526407242),(0.035000000149011612,0.81499997526407242)));
#13366=IFCINDEXEDPOLYCURVE(#13365,(IFCLINEINDEX((1,2,3,4,1))),$);
#13367=IFCARBITRARYPROFILEDEFWITHVOIDS(.AREA.,$,#13364,(#13366));
#13368=IFCCARTESIANPOINT((0.02500000037252903,0.090000001713633537,0.02500000037252903));
#13369=IFCDIRECTION((0.,-1.,0.));
#13370=IFCDIRECTION((1.,0.,0.));
#13371=IFCAXIS2PLACEMENT3D(#13368,#13369,#13370);
#13372=IFCDIRECTION((0.,0.,-1.));
#13373=IFCEXTRUDEDAREASOLID(#13367,#13371,#13372,0.035000000149011612);
#13374=IFCINDEXEDPOLYCURVE(#13375,(IFCLINEINDEX((1,2,3,4,1))),$);
#13375=IFCCARTESIANPOINTLIST2D(((0.035000000149011612,0.035000000149011612),(0.24000001139938831,0.035000000149011612),(0.24000001139938831,0.81499997526407242),(0.035000000149011612,0.81499997526407242)));
#13376=IFCARBITRARYCLOSEDPROFILEDEF(.AREA.,$,#13374);
#13377=IFCCARTESIANPOINT((0.02500000037252903,0.10250000178813934,0.02500000037252903));
#13378=IFCDIRECTION((0.,-1.,0.));
#13379=IFCDIRECTION((1.,0.,0.));
#13380=IFCAXIS2PLACEMENT3D(#13377,#13378,#13379);
#13381=IFCDIRECTION((0.,0.,-1.));
#13382=IFCEXTRUDEDAREASOLID(#13376,#13380,#13381,0.01);
#13383=IFCCARTESIANPOINTLIST2D(((0.,0.89999997615814209),(0.90182644128799438,0.89999997615814209),(0.90182644128799438,0.),(0.,0.),(0.,0.02500000037252903),(0.87682644091546535,0.02500000037252903),(0.87682644091546535,0.87499997578561306),(0.,0.87499997578561306)));
#13384=IFCINDEXEDPOLYCURVE(#13383,(IFCLINEINDEX((1,2,3,4,5,6,7,8,1))),$);
#13385=IFCARBITRARYCLOSEDPROFILEDEF(.AREA.,$,#13384);
#13386=IFCCARTESIANPOINT((0.30000001192092896,0.090000001713633537,0.));
#13387=IFCDIRECTION((0.,-1.,0.));
#13388=IFCDIRECTION((1.,0.,0.));
#13389=IFCAXIS2PLACEMENT3D(#13386,#13387,#13388);
#13390=IFCDIRECTION((0.,0.,-1.));
#13391=IFCEXTRUDEDAREASOLID(#13385,#13389,#13390,0.0099999997764825821);
#13392=IFCCARTESIANPOINTLIST2D(((0.,0.),(0.90182644128799438,0.),(0.90182644128799438,0.89999997615814209),(0.,0.89999997615814209)));
#13393=IFCINDEXEDPOLYCURVE(#13392,(IFCLINEINDEX((1,2,3,4,1))),$);
#13394=IFCCARTESIANPOINTLIST2D(((0.02500000037252903,0.05000000074505806),(0.85182644054293633,0.05000000074505806),(0.85182644054293633,0.84999997541308403),(0.02500000037252903,0.84999997541308403)));
#13395=IFCINDEXEDPOLYCURVE(#13394,(IFCLINEINDEX((1,2,3,4,1))),$);
#13396=IFCARBITRARYPROFILEDEFWITHVOIDS(.AREA.,$,#13393,(#13395));
#13397=IFCCARTESIANPOINT((0.30000001192092896,0.05000000074505806,0.));
#13398=IFCDIRECTION((0.,-1.,0.));
#13399=IFCDIRECTION((1.,0.,0.));
#13400=IFCAXIS2PLACEMENT3D(#13397,#13398,#13399);
#13401=IFCDIRECTION((0.,0.,-1.));
#13402=IFCEXTRUDEDAREASOLID(#13396,#13400,#13401,0.040000000968575478);
#13403=IFCCARTESIANPOINTLIST2D(((0.,0.),(0.87682644091546535,0.),(0.87682644091546535,0.84999997541308403),(0.,0.84999997541308403)));
#13404=IFCINDEXEDPOLYCURVE(#13403,(IFCLINEINDEX((1,2,3,4,1))),$);
#13405=IFCCARTESIANPOINTLIST2D(((0.035000000149011612,0.035000000149011612),(0.84182644076645374,0.035000000149011612),(0.84182644076645374,0.81499997526407242),(0.035000000149011612,0.81499997526407242)));
#13406=IFCINDEXEDPOLYCURVE(#13405,(IFCLINEINDEX((1,2,3,4,1))),$);
#13407=IFCARBITRARYPROFILEDEFWITHVOIDS(.AREA.,$,#13404,(#13406));
#13408=IFCCARTESIANPOINT((0.30000001192092896,0.090000001713633537,0.02500000037252903));
#13409=IFCDIRECTION((0.,-1.,0.));
#13410=IFCDIRECTION((1.,0.,0.));
#13411=IFCAXIS2PLACEMENT3D(#13408,#13409,#13410);
#13412=IFCDIRECTION((0.,0.,-1.));
#13413=IFCEXTRUDEDAREASOLID(#13407,#13411,#13412,0.035000000149011612);
#13414=IFCINDEXEDPOLYCURVE(#13415,(IFCLINEINDEX((1,2,3,4,1))),$);
#13415=IFCCARTESIANPOINTLIST2D(((0.035000000149011612,0.035000000149011612),(0.84182644076645374,0.035000000149011612),(0.84182644076645374,0.81499997526407242),(0.035000000149011612,0.81499997526407242)));
#13416=IFCARBITRARYCLOSEDPROFILEDEF(.AREA.,$,#13414);
#13417=IFCCARTESIANPOINT((0.30000001192092896,0.10250000178813934,0.02500000037252903));
#13418=IFCDIRECTION((0.,-1.,0.));
#13419=IFCDIRECTION((1.,0.,0.));
#13420=IFCAXIS2PLACEMENT3D(#13417,#13418,#13419);
#13421=IFCDIRECTION((0.,0.,-1.));
#13422=IFCEXTRUDEDAREASOLID(#13416,#13420,#13421,0.01);
#13423=IFCSHAPEREPRESENTATION(#11,'Body','SweptSolid',(#13351,#13362,#13373,#13382,#13391,#13402,#13413,#13422));
#13424=IFCSHAPEREPRESENTATION(#11,'Body','SweptSolid',(#13351,#13362,#13391,#13402));
#13425=IFCSHAPEASPECT((#13424),'Lining',$,.T.,#13269);
#13426=IFCSHAPEREPRESENTATION(#11,'Body','SweptSolid',(#13373,#13413));
#13427=IFCSHAPEASPECT((#13426),'Framing',$,.T.,#13269);
#13428=IFCSHAPEREPRESENTATION(#11,'Body','SweptSolid',(#13382,#13422));
#13429=IFCSHAPEASPECT((#13428),'Glazing',$,.T.,#13269);
#13430=IFCCARTESIANPOINTLIST2D(((0.05000000074505806,0.05000000074505806),(0.27500001154839993,0.05000000074505806)));
#13431=IFCINDEXEDPOLYCURVE(#13430,$,$);
#13432=IFCCARTESIANPOINTLIST2D(((0.,0.10000000149011612),(0.02500000037252903,0.10000000149011612),(0.02500000037252903,0.090000001713633537),(0.05000000074505806,0.090000001713633537),(0.05000000074505806,0.05000000074505806),(0.,0.05000000074505806)));
#13433=IFCINDEXEDPOLYCURVE(#13432,(IFCLINEINDEX((1,2,3,4,5,6,1))),$);
#13434=IFCCARTESIANPOINTLIST2D(((0.30000001192092896,0.10000000149011612),(0.30000001192092896,0.10000000149011612),(0.30000001192092896,0.090000001713633537),(0.27500001154839993,0.090000001713633537),(0.27500001154839993,0.05000000074505806),(0.30000001192092896,0.05000000074505806)));
#13435=IFCINDEXEDPOLYCURVE(#13434,$,$);
#13436=IFCCARTESIANPOINTLIST2D(((0.02500000037252903,0.090000001713633537),(0.060000000521540642,0.090000001713633537),(0.060000000521540642,0.12500000186264515),(0.02500000037252903,0.12500000186264515)));
#13437=IFCINDEXEDPOLYCURVE(#13436,(IFCLINEINDEX((1,2,3,4,1))),$);
#13438=IFCINDEXEDPOLYCURVE(#13439,(IFCLINEINDEX((1,2,3,4,1))),$);
#13439=IFCCARTESIANPOINTLIST2D(((0.30000001192092896,0.090000001713633537),(0.26500001177191734,0.090000001713633537),(0.26500001177191734,0.12500000186264515),(0.30000001192092896,0.12500000186264515)));
#13440=IFCCARTESIANPOINTLIST2D(((0.060000000521540642,0.090000001713633537),(0.26500001177191734,0.090000001713633537)));
#13441=IFCINDEXEDPOLYCURVE(#13440,$,$);
#13442=IFCINDEXEDPOLYCURVE(#13443,$,$);
#13443=IFCCARTESIANPOINTLIST2D(((0.060000000521540642,0.12500000186264515),(0.26500001177191734,0.12500000186264515)));
#13444=IFCINDEXEDPOLYCURVE(#13445,$,$);
#13445=IFCCARTESIANPOINTLIST2D(((0.060000000521540642,0.10750000178813934),(0.26500001177191734,0.10750000178813934)));
#13446=IFCCARTESIANPOINTLIST2D(((0.32500001229345798,0.05000000074505806),(1.1518264524638653,0.05000000074505806)));
#13447=IFCINDEXEDPOLYCURVE(#13446,$,$);
#13448=IFCCARTESIANPOINTLIST2D(((0.30000001192092896,0.10000000149011612),(0.30000001192092896,0.10000000149011612),(0.30000001192092896,0.090000001713633537),(0.32500001229345798,0.090000001713633537),(0.32500001229345798,0.05000000074505806),(0.30000001192092896,0.05000000074505806)));
#13449=IFCINDEXEDPOLYCURVE(#13448,$,$);
#13450=IFCCARTESIANPOINTLIST2D(((1.2018264532089233,0.10000000149011612),(1.1768264528363943,0.10000000149011612),(1.1768264528363943,0.090000001713633537),(1.1518264524638653,0.090000001713633537),(1.1518264524638653,0.05000000074505806),(1.2018264532089233,0.05000000074505806)));
#13451=IFCINDEXEDPOLYCURVE(#13450,(IFCLINEINDEX((1,2,3,4,5,6,1))),$);
#13452=IFCCARTESIANPOINTLIST2D(((0.30000001192092896,0.090000001713633537),(0.33500001206994057,0.090000001713633537),(0.33500001206994057,0.12500000186264515),(0.30000001192092896,0.12500000186264515)));
#13453=IFCINDEXEDPOLYCURVE(#13452,(IFCLINEINDEX((1,2,3,4,1))),$);
#13454=IFCINDEXEDPOLYCURVE(#13455,(IFCLINEINDEX((1,2,3,4,1))),$);
#13455=IFCCARTESIANPOINTLIST2D(((1.1768264528363943,0.090000001713633537),(1.1418264526873827,0.090000001713633537),(1.1418264526873827,0.12500000186264515),(1.1768264528363943,0.12500000186264515)));
#13456=IFCCARTESIANPOINTLIST2D(((0.33500001206994057,0.090000001713633537),(1.1418264526873827,0.090000001713633537)));
#13457=IFCINDEXEDPOLYCURVE(#13456,$,$);
#13458=IFCINDEXEDPOLYCURVE(#13459,$,$);
#13459=IFCCARTESIANPOINTLIST2D(((0.33500001206994057,0.12500000186264515),(1.1418264526873827,0.12500000186264515)));
#13460=IFCINDEXEDPOLYCURVE(#13461,$,$);
#13461=IFCCARTESIANPOINTLIST2D(((0.33500001206994057,0.10750000178813934),(1.1418264526873827,0.10750000178813934)));
#13462=IFCSHAPEREPRESENTATION(#24,'Body','Curve2D',(#13431,#13433,#13435,#13437,#13438,#13441,#13442,#13444,#13447,#13449,#13451,#13453,#13454,#13457,#13458,#13460));
#13463=IFCCARTESIANPOINTLIST2D(((0.,0.),(1.2018264532089233,0.),(1.2018264532089233,0.89999997615814209),(0.,0.89999997615814209)));
#13464=IFCINDEXEDPOLYCURVE(#13463,(IFCLINEINDEX((1,2,3,4,1))),$);
#13465=IFCARBITRARYCLOSEDPROFILEDEF(.AREA.,$,#13464);
#13466=IFCCARTESIANPOINT((0.,-0.60000002384185791,0.));
#13467=IFCDIRECTION((0.,-1.,0.));
#13468=IFCDIRECTION((1.,0.,0.));
#13469=IFCAXIS2PLACEMENT3D(#13466,#13467,#13468);
#13470=IFCDIRECTION((0.,0.,-1.));
#13471=IFCEXTRUDEDAREASOLID(#13465,#13469,#13470,1.2);
#13472=IFCSHAPEREPRESENTATION(#11,'Body','SweptSolid',(#13471));
#13478=IFCCARTESIANPOINT((0.51196368062386988,-2.9623651265353601E-07,1.));
#13479=IFCDIRECTION((0.,0.,1.));
#13480=IFCDIRECTION((0.99999999999997158,-2.3841857910149749E-07,0.));
#13481=IFCAXIS2PLACEMENT3D(#13478,#13479,#13480);
#13482=IFCLOCALPLACEMENT(#10301,#13481);
#13483=IFCCARTESIANPOINT((0.,0.,0.));
#13484=IFCDIRECTION((0.,0.,1.));
#13485=IFCDIRECTION((1.,0.,0.));
#13486=IFCAXIS2PLACEMENT3D(#13483,#13484,#13485);
#13487=IFCLOCALPLACEMENT(#13482,#13486);
#13488=IFCCARTESIANPOINT((0.,0.,0.));
#13489=IFCDIRECTION((0.,0.,1.));
#13490=IFCDIRECTION((1.,0.,0.));
#13491=IFCAXIS2PLACEMENT3D(#13488,#13489,#13490);
#13492=IFCLOCALPLACEMENT(#12473,#13491);
#13493=IFCBUILDINGSTOREY('3e30rOKiXEqv$cGlNYeuy$',$,'Ceiling',$,$,#13514,$,$,$,$);
#13510=IFCCARTESIANPOINT((0.,0.,6.));
#13511=IFCDIRECTION((0.,0.,1.));
#13512=IFCDIRECTION((1.,0.,0.));
#13513=IFCAXIS2PLACEMENT3D(#13510,#13511,#13512);
#13514=IFCLOCALPLACEMENT(#56,#13513);
#13537=IFCSLAB('2R_aPTaqbDOwyJMcY9Pr9D',$,'Slab',$,$,#13545,#13552,$,$);
#13538=IFCRELCONTAINEDINSPATIALSTRUCTURE('1zeTv_gsTE6uqy4YJ_Ma61',$,$,$,(#13537,#13560),#13493);
#13539=IFCMATERIALLAYERSETUSAGE(#2011,.AXIS3.,.POSITIVE.,-0.10000000149011612,$);
#13540=IFCRELASSOCIATESMATERIAL('3OQdg_cf15pBiupRrII4pB',$,$,$,(#13537),#13539);
#13541=IFCCARTESIANPOINT((4.2457146644592285,6.5199995040893555,0.));
#13542=IFCDIRECTION((0.,0.,1.));
#13543=IFCDIRECTION((1.,0.,0.));
#13544=IFCAXIS2PLACEMENT3D(#13541,#13542,#13543);
#13545=IFCLOCALPLACEMENT(#13514,#13544);
#13546=IFCCARTESIANPOINTLIST2D(((0.,0.),(-3.9640016555786133,9.5367431640625E-07),(-3.9640016555786133,-0.98999977111816406),(-7.5121898651123047,-0.98999834060668945),(-7.5121898651123047,-8.1399993896484375),(-3.9805328845977783,-8.1403913497924805),(-3.9639999866485596,-8.7380781173706055),(-2.3900017738342285,-8.7380771636962891),(-2.3900017738342285,-9.6380777359008789),(-1.9073486328125E-06,-9.6380777359008789),(0.,0.)));
#13547=IFCINDEXEDPOLYCURVE(#13546,$,$);
#13548=IFCDIRECTION((0.,0.,1.));
#13549=IFCARBITRARYCLOSEDPROFILEDEF(.AREA.,$,#13547);
#13550=IFCEXTRUDEDAREASOLID(#13549,#13559,#13548,0.10000000000000001);
#13551=IFCSHAPEREPRESENTATION(#11,'Body','SweptSolid',(#13550));
#13552=IFCPRODUCTDEFINITIONSHAPE($,$,(#13551));
#13553=IFCPROPERTYSET('0wjkXyAZnEsxxtgH6F6Rf4',$,'EPset_Parametric',$,(#13555));
#13554=IFCRELDEFINESBYPROPERTIES('2ezN0yvO14$8p1u3t4rFDp',$,$,$,(#13537),#13553);
#13555=IFCPROPERTYSINGLEVALUE('Engine',$,IFCLABEL('Bonsai.DumbLayer3'),$);
#13556=IFCCARTESIANPOINT((-0.,-0.,-0.10000000149011612));
#13557=IFCDIRECTION((0.,0.,1.));
#13558=IFCDIRECTION((1.,0.,0.));
#13559=IFCAXIS2PLACEMENT3D(#13556,#13557,#13558);
#13560=IFCROOF('2qqeZK7W91sByex5akNyNK',$,'Roof',$,$,#13586,#13569,$,$);
#13561=IFCRELDEFINESBYTYPE('2mJ0q1SRD2r8mKnh9cM_PS',$,$,$,(#13560),#7788);
#13562=IFCCARTESIANPOINT((0.,0.,0.));
#13563=IFCDIRECTION((1.,0.,0.));
#13564=IFCDIRECTION((0.,1.,0.));
#13565=IFCDIRECTION((0.,0.,1.));
#13566=IFCCARTESIANTRANSFORMATIONOPERATOR3D(#13563,#13564,#13562,1.,#13565);
#13567=IFCMAPPEDITEM(#7818,#13566);
#13568=IFCSHAPEREPRESENTATION(#11,'Body','MappedRepresentation',(#13567));
#13569=IFCPRODUCTDEFINITIONSHAPE($,$,(#13568,#13576));
#13570=IFCCARTESIANPOINT((0.,0.,0.));
#13571=IFCDIRECTION((1.,0.,0.));
#13572=IFCDIRECTION((0.,1.,0.));
#13573=IFCDIRECTION((0.,0.,1.));
#13574=IFCCARTESIANTRANSFORMATIONOPERATOR3D(#13571,#13572,#13570,1.,#13573);
#13575=IFCMAPPEDITEM(#7846,#13574);
#13576=IFCSHAPEREPRESENTATION(#13,'Box','MappedRepresentation',(#13575));
#13582=IFCCARTESIANPOINT((0.61636996269226074,1.7119293212890625,0.10154247283935547));
#13583=IFCDIRECTION((0.,0.,1.));
#13584=IFCDIRECTION((1.,0.,0.));
#13585=IFCAXIS2PLACEMENT3D(#13582,#13583,#13584);
#13586=IFCLOCALPLACEMENT(#13514,#13585);
#13587=IFCRELCONNECTSPATHELEMENTS('1FqVwvJ8LAwP4GDLCShYn7',$,$,$,$,#8750,#7925,(),(),.ATEND.,.ATSTART.);
#13588=IFCCARTESIANPOINTLIST2D(((0.,0.),(0.10000001629206912,0.10000000000000001),(8.6380789237502711,0.10000000000000001),(8.7380789400423389,0.)));
#13589=IFCINDEXEDPOLYCURVE(#13588,(IFCLINEINDEX((1,2,3,4,1))),$);
#13590=IFCARBITRARYCLOSEDPROFILEDEF(.AREA.,$,#13589);
#13591=IFCCARTESIANPOINT((0.,0.,0.));
#13592=IFCDIRECTION((0.,0.,1.));
#13593=IFCDIRECTION((1.,0.,0.));
#13594=IFCAXIS2PLACEMENT3D(#13591,#13592,#13593);
#13595=IFCDIRECTION((0.,0.,1.));
#13596=IFCEXTRUDEDAREASOLID(#13590,#13594,#13595,3.);
#13597=IFCSHAPEREPRESENTATION(#11,'Body','SweptSolid',(#13596));
#13598=IFCCARTESIANPOINTLIST2D(((0.,0.),(8.7380789400423389,0.)));
#13599=IFCINDEXEDPOLYCURVE(#13598,$,$);
#13600=IFCSHAPEREPRESENTATION(#23,'Axis','Curve2D',(#13599));
#13601=IFCCARTESIANPOINT((0.28171300888062506,6.5200003272790799,0.));
#13602=IFCDIRECTION((0.,0.,1.));
#13603=IFCDIRECTION((7.5497901264043123E-08,-0.99999999999999722,0.));
#13604=IFCAXIS2PLACEMENT3D(#13601,#13602,#13603);
#13605=IFCLOCALPLACEMENT(#10241,#13604);
#13606=IFCCARTESIANPOINT((3.7577799510059995,0.085000231279621641,0.));
#13607=IFCDIRECTION((0.,0.,1.));
#13608=IFCDIRECTION((-0.99999999999999611,-8.7422783678901746E-08,0.));
#13609=IFCAXIS2PLACEMENT3D(#13606,#13607,#13608);
#13610=IFCLOCALPLACEMENT(#13605,#13609);
#13611=IFCCARTESIANPOINT((4.98351156339033,0.10000060127150079,0.));
#13612=IFCDIRECTION((0.,0.,1.));
#13613=IFCDIRECTION((-0.99999999999999611,-8.7422783678901746E-08,0.));
#13614=IFCAXIS2PLACEMENT3D(#13611,#13612,#13613);
#13615=IFCLOCALPLACEMENT(#13605,#13614);
#13616=IFCCARTESIANPOINTLIST2D(((0.,0.),(0.09999999880751248,0.10000000000000001),(3.8640004595925754,0.10000000000000001),(3.9640004758846445,0.)));
#13617=IFCINDEXEDPOLYCURVE(#13616,(IFCLINEINDEX((1,2,3,4,1))),$);
#13618=IFCARBITRARYCLOSEDPROFILEDEF(.AREA.,$,#13617);
#13619=IFCCARTESIANPOINT((0.,0.,0.));
#13620=IFCDIRECTION((0.,0.,1.));
#13621=IFCDIRECTION((1.,0.,0.));
#13622=IFCAXIS2PLACEMENT3D(#13619,#13620,#13621);
#13623=IFCDIRECTION((0.,0.,1.));
#13624=IFCEXTRUDEDAREASOLID(#13618,#13622,#13623,3.);
#13625=IFCSHAPEREPRESENTATION(#11,'Body','SweptSolid',(#13624));
#13626=IFCCARTESIANPOINTLIST2D(((0.,0.),(3.9640004758846445,0.)));
#13627=IFCINDEXEDPOLYCURVE(#13626,$,$);
#13628=IFCSHAPEREPRESENTATION(#23,'Axis','Curve2D',(#13627));
ENDSEC;
END-ISO-10303-21;
