ISO-10303-21;
HEADER;
FILE_DESCRIPTION(('ViewDefinition[DesignTransferView]'),'2;1');
FILE_NAME('s05-activity.ifc','2026-10-07T15:23:53+08:00',(''),(''),'IfcOpenShell 0.8.5-post1','Bonsai 0.8.5-post1','Nobody');
FILE_SCHEMA(('IFC4'));
ENDSEC;
DATA;
#1=IFCPROJECT('0_cBiAWuz5bwiRcRFUrLIW',$,'My Project',$,$,$,$,(#10,#22),#5);
#2=IFCSIUNIT(*,.LENGTHUNIT.,$,.METRE.);
#3=IFCSIUNIT(*,.AREAUNIT.,$,.SQUARE_METRE.);
#4=IFCSIUNIT(*,.VOLUMEUNIT.,$,.CUBIC_METRE.);
#5=IFCUNITASSIGNMENT((#4,#2,#3));
#6=IFCCARTESIANPOINT((0.,0.,0.));
#7=IFCDIRECTION((0.,0.,1.));
#8=IFCDIRECTION((1.,0.,0.));
#9=IFCAXIS2PLACEMENT3D(#6,#7,#8);
#10=IFCGEOMETRICREPRESENTATIONCONTEXT($,'Model',3,1.0000000000000001E-05,#9,$);
#11=IFCGEOMETRICREPRESENTATIONSUBCONTEXT('Body','Model',*,*,*,*,#10,$,.MODEL_VIEW.,$);
#12=IFCGEOMETRICREPRESENTATIONSUBCONTEXT('Axis','Model',*,*,*,*,#10,$,.GRAPH_VIEW.,$);
#13=IFCGEOMETRICREPRESENTATIONSUBCONTEXT('Box','Model',*,*,*,*,#10,$,.MODEL_VIEW.,$);
#14=IFCGEOMETRICREPRESENTATIONSUBCONTEXT('Annotation','Model',*,*,*,*,#10,$,.SECTION_VIEW.,$);
#15=IFCGEOMETRICREPRESENTATIONSUBCONTEXT('Annotation','Model',*,*,*,*,#10,$,.ELEVATION_VIEW.,$);
#16=IFCGEOMETRICREPRESENTATIONSUBCONTEXT('Annotation','Model',*,*,*,*,#10,$,.MODEL_VIEW.,$);
#17=IFCGEOMETRICREPRESENTATIONSUBCONTEXT('Annotation','Model',*,*,*,*,#10,$,.PLAN_VIEW.,$);
#18=IFCGEOMETRICREPRESENTATIONSUBCONTEXT('Profile','Model',*,*,*,*,#10,$,.ELEVATION_VIEW.,$);
#19=IFCCARTESIANPOINT((0.,0.));
#20=IFCDIRECTION((1.,0.));
#21=IFCAXIS2PLACEMENT2D(#19,#20);
#22=IFCGEOMETRICREPRESENTATIONCONTEXT($,'Plan',2,1.0000000000000001E-05,#21,$);
#23=IFCGEOMETRICREPRESENTATIONSUBCONTEXT('Axis','Plan',*,*,*,*,#22,$,.GRAPH_VIEW.,$);
#24=IFCGEOMETRICREPRESENTATIONSUBCONTEXT('Body','Plan',*,*,*,*,#22,$,.PLAN_VIEW.,$);
#25=IFCGEOMETRICREPRESENTATIONSUBCONTEXT('Annotation','Plan',*,*,*,*,#22,$,.PLAN_VIEW.,$);
#26=IFCGEOMETRICREPRESENTATIONSUBCONTEXT('Annotation','Plan',*,*,*,*,#22,$,.REFLECTED_PLAN_VIEW.,$);
#27=IFCSITE('2UQYo7_JD8tQg6vbFYyYif',$,'My Site',$,$,#50,$,$,$,$,$,$,$,$);
#33=IFCBUILDING('3swcZWMVXAzf2anbocNFcs',$,'My Building',$,$,#56,$,$,$,$,$,$);
#39=IFCBUILDINGSTOREY('3NYedVq3XD1w240x6I2MYv',$,'2F',$,$,#15624,$,$,$,$);
#45=IFCRELAGGREGATES('11F4eQOev2avXFu8MiHvHp',$,$,$,#1,(#27));
#46=IFCCARTESIANPOINT((0.,0.,0.));
#47=IFCDIRECTION((0.,0.,1.));
#48=IFCDIRECTION((1.,0.,0.));
#49=IFCAXIS2PLACEMENT3D(#46,#47,#48);
#50=IFCLOCALPLACEMENT($,#49);
#51=IFCRELAGGREGATES('0BgVVX9fv3PPDhY9yNcPFX',$,$,$,#27,(#33));
#52=IFCCARTESIANPOINT((0.,0.,0.));
#53=IFCDIRECTION((0.,0.,1.));
#54=IFCDIRECTION((1.,0.,0.));
#55=IFCAXIS2PLACEMENT3D(#52,#53,#54);
#56=IFCLOCALPLACEMENT(#50,#55);
#57=IFCRELAGGREGATES('2cCF$2Iwn5f9l2Cmy1PgUD',$,$,$,#33,(#39,#63,#13493));
#63=IFCBUILDINGSTOREY('0j9XRljgLFBvpPg20fKryn',$,'GF',$,$,#79,$,$,$,$);
#75=IFCCARTESIANPOINT((0.,0.,0.));
#76=IFCDIRECTION((0.,0.,1.));
#77=IFCDIRECTION((1.,0.,0.));
#78=IFCAXIS2PLACEMENT3D(#75,#76,#77);
#79=IFCLOCALPLACEMENT(#56,#78);
#80=IFCWALLTYPE('1OS4QzjJfCwxQfeYjSKVPz',$,'Wall',$,$,(#85),$,$,$,.SOLIDWALL.);
#81=IFCMATERIAL('Unknown',$,$);
#82=IFCMATERIALLAYERSET((#84),$,$);
#83=IFCRELASSOCIATESMATERIAL('1nvATLxXXFkB3qLUP6Mzd1',$,$,$,(#80),#82);
#84=IFCMATERIALLAYER(#81,0.10000000000000001,$,$,$,$,$);
#85=IFCPROPERTYSET('1EoJH4seTB6gxj_q2jL9kD',$,'EPset_Parametric',$,(#86));
#86=IFCPROPERTYSINGLEVALUE('LayerSetDirection',$,IFCLABEL('AXIS2'),$);
#237=IFCWALL('3To4Fp3DPEEe4_OK0riGa4',$,'Wall',$,$,#250,#245,$,$);
#238=IFCRELCONTAINEDINSPATIALSTRUCTURE('0ovJ6HFuj3NwQpsGdBK39s',$,$,$,(#391,#237,#16548,#16570,#16343,#4458,#3470,#17023,#17045,#17111,#1478,#15273,#14505,#14527,#353,#17089,#15251,#3980,#16184,#16974,#15471,#16417,#15407,#15429,#1440,#15187,#1332,#14159,#1158,#14271,#315,#16525,#16285,#17165,#1913,#17000,#17187,#16685,#14163,#14337,#16751,#416,#16839,#2016,#7120,#2282,#17143,#277,#16707,#16729,#16773,#16795,#16817,#4769,#16106,#5636,#16480,#16163,#7375,#1001,#15450,#1725,#17836),#63);
#239=IFCRELDEFINESBYTYPE('0UMvdpfYf8FhMVslFOMJ4V',$,$,$,(#1440,#1725,#1158,#1332,#391,#315,#237,#1913,#8949,#1478,#416,#277,#353,#8987,#8879,#1001),#80);
#240=IFCMATERIALLAYERSETUSAGE(#82,.AXIS2.,.POSITIVE.,0.,$);
#241=IFCRELASSOCIATESMATERIAL('3jn18pQ4jCRQQ$Vj$LJX3O',$,$,$,(#237),#240);
#245=IFCPRODUCTDEFINITIONSHAPE($,$,(#1982,#1979));
#246=IFCCARTESIANPOINT((4.2435240745544434,-2.450000524520874,0.));
#247=IFCDIRECTION((0.,0.,1.));
#248=IFCDIRECTION((-0.99999999999999623,8.7422776573475527E-08,0.));
#249=IFCAXIS2PLACEMENT3D(#246,#247,#248);
#250=IFCLOCALPLACEMENT(#79,#249);
#261=IFCPROPERTYSET('0WCZ$_ozTEex14WbWq3qss',$,'EPset_Parametric',$,(#263));
#262=IFCRELDEFINESBYPROPERTIES('0liOqyoD5E3xyHi6WYFK34',$,$,$,(#237),#261);
#263=IFCPROPERTYSINGLEVALUE('Engine',$,IFCLABEL('Bonsai.DumbLayer2'),$);
#277=IFCWALL('3YshpmLIzDhvMc3xWfu9Ye',$,'Wall',$,$,#288,#283,$,$);
#278=IFCMATERIALLAYERSETUSAGE(#82,.AXIS2.,.POSITIVE.,0.,$);
#279=IFCRELASSOCIATESMATERIAL('2HhchYfQ9AdeOz9WzmzezO',$,$,$,(#277),#278);
#283=IFCPRODUCTDEFINITIONSHAPE($,$,(#1642,#1639));
#284=IFCCARTESIANPOINT((4.2435240745544434,-2.450000524520874,0.));
#285=IFCDIRECTION((0.,0.,1.));
#286=IFCDIRECTION((7.5497901264043109E-08,0.99999999999999711,0.));
#287=IFCAXIS2PLACEMENT3D(#284,#285,#286);
#288=IFCLOCALPLACEMENT(#79,#287);
#299=IFCPROPERTYSET('1uWRx1ZT95$8DtQSvRqr6i',$,'EPset_Parametric',$,(#301));
#300=IFCRELDEFINESBYPROPERTIES('0DZav10HLEVwEHislUiLW4',$,$,$,(#277),#299);
#301=IFCPROPERTYSINGLEVALUE('Engine',$,IFCLABEL('Bonsai.DumbLayer2'),$);
#315=IFCWALL('2jPDbBdjj29vYaZYzo2Q7J',$,'Wall',$,$,#1660,#321,$,$);
#316=IFCMATERIALLAYERSETUSAGE(#82,.AXIS2.,.POSITIVE.,0.,$);
#317=IFCRELASSOCIATESMATERIAL('2vFGE6AkT1QQUnu0C4f6jT',$,$,$,(#315),#316);
#321=IFCPRODUCTDEFINITIONSHAPE($,$,(#1674,#1671));
#337=IFCPROPERTYSET('1pjSPqr0b9$BEUy42rtaKH',$,'EPset_Parametric',$,(#339));
#338=IFCRELDEFINESBYPROPERTIES('2aOP1NGQ95QwOes8BgtWPt',$,$,$,(#315),#337);
#339=IFCPROPERTYSINGLEVALUE('Engine',$,IFCLABEL('Bonsai.DumbLayer2'),$);
#353=IFCWALL('3SWx7iF9z7dPEK3KrJyXtS',$,'Wall',$,$,#1692,#359,$,$);
#354=IFCMATERIALLAYERSETUSAGE(#82,.AXIS2.,.POSITIVE.,0.,$);
#355=IFCRELASSOCIATESMATERIAL('0aRDs1pRv5jwlXVHtjDxHS',$,$,$,(#353),#354);
#359=IFCPRODUCTDEFINITIONSHAPE($,$,(#1706,#1703));
#375=IFCPROPERTYSET('0M5b3Tzkf6Gu4jI5HUlTET',$,'EPset_Parametric',$,(#377));
#376=IFCRELDEFINESBYPROPERTIES('0INMUzU595QhCDKnzp2C3d',$,$,$,(#353),#375);
#377=IFCPROPERTYSINGLEVALUE('Engine',$,IFCLABEL('Bonsai.DumbLayer2'),$);
#391=IFCWALL('0eUGpQAtn7SuVJ4_$M6HbF',$,'Wall',$,$,#1724,#397,$,$);
#392=IFCMATERIALLAYERSETUSAGE(#82,.AXIS2.,.POSITIVE.,0.,$);
#393=IFCRELASSOCIATESMATERIAL('1S3Xm7SCbEpvRMZI$LRgr1',$,$,$,(#391),#392);
#397=IFCPRODUCTDEFINITIONSHAPE($,$,(#1719,#1716));
#413=IFCPROPERTYSET('2dy8m5nyTCYx8D_jsLvTni',$,'EPset_Parametric',$,(#415));
#414=IFCRELDEFINESBYPROPERTIES('1wZDBmigT0IRd4b3cSveMI',$,$,$,(#391),#413);
#415=IFCPROPERTYSINGLEVALUE('Engine',$,IFCLABEL('Bonsai.DumbLayer2'),$);
#416=IFCWALL('2mToPAE4D9zOn$AfFqg5SV',$,'Wall',$,$,#561,#422,$,$);
#417=IFCMATERIALLAYERSETUSAGE(#82,.AXIS2.,.POSITIVE.,0.,$);
#418=IFCRELASSOCIATESMATERIAL('3YBPhOLrD5geXC$0AsPg_A',$,$,$,(#416),#417);
#422=IFCPRODUCTDEFINITIONSHAPE($,$,(#1862,#1859));
#438=IFCPROPERTYSET('0D8MjsnpTC6wgeLjbugKBg',$,'EPset_Parametric',$,(#440));
#439=IFCRELDEFINESBYPROPERTIES('1MOcgHuR10MxLgpeCQLt4K',$,$,$,(#416),#438);
#440=IFCPROPERTYSINGLEVALUE('Engine',$,IFCLABEL('Bonsai.DumbLayer2'),$);
#543=IFCRELCONNECTSPATHELEMENTS('23fPMhqSv9WB4MyxIb9l_6',$,$,$,$,#416,#391,(),(),.ATEND.,.ATSTART.);
#557=IFCCARTESIANPOINT((-2.7727982997894522,5.0028169874443638,0.));
#558=IFCDIRECTION((0.,0.,1.));
#559=IFCDIRECTION((7.5497901264043123E-08,-0.99999999999999722,0.));
#560=IFCAXIS2PLACEMENT3D(#557,#558,#559);
#561=IFCLOCALPLACEMENT(#79,#560);
#1001=IFCWALL('1QyX_Bjcf2YOShlAUJDSc3',$,'Wall',$,$,#1880,#1007,$,$);
#1002=IFCMATERIALLAYERSETUSAGE(#82,.AXIS2.,.POSITIVE.,0.,$);
#1003=IFCRELASSOCIATESMATERIAL('0R4Hwlq7n2tBVdhCb6G_ZC',$,$,$,(#1001),#1002);
#1007=IFCPRODUCTDEFINITIONSHAPE($,$,(#1912,#1909));
#1023=IFCPROPERTYSET('3G6in3XtX3q9_dVtAcyan2',$,'EPset_Parametric',$,(#1025));
#1024=IFCRELDEFINESBYPROPERTIES('3WlKBtovTCcfUuvkGvp3in',$,$,$,(#1001),#1023);
#1025=IFCPROPERTYSINGLEVALUE('Engine',$,IFCLABEL('Bonsai.DumbLayer2'),$);
#1158=IFCWALL('2$y7Uq0tz9Yxpm5i_wzvsT',$,'Wall',$,$,#1278,#1164,$,$);
#1159=IFCMATERIALLAYERSETUSAGE(#82,.AXIS2.,.POSITIVE.,0.,$);
#1160=IFCRELASSOCIATESMATERIAL('0rVMEXqJLBmRofigZvKr2R',$,$,$,(#1158),#1159);
#1164=IFCPRODUCTDEFINITIONSHAPE($,$,(#3835,#3832));
#1180=IFCPROPERTYSET('0lhwSBBfjF1w2K_MpCA1GP',$,'EPset_Parametric',$,(#1182));
#1181=IFCRELDEFINESBYPROPERTIES('24BDjhKQH83whMKTCzRBQx',$,$,$,(#1158),#1180);
#1182=IFCPROPERTYSINGLEVALUE('Engine',$,IFCLABEL('Bonsai.DumbLayer2'),$);
#1260=IFCRELCONNECTSPATHELEMENTS('3yaC$9LQzCABGyJFcXRSpS',$,$,$,$,#1158,#416,(),(),.ATPATH.,.ATSTART.);
#1274=IFCCARTESIANPOINT((-2.7727981142735159,2.545583963394165,0.0033296942710876465));
#1275=IFCDIRECTION((0.,0.,1.));
#1276=IFCDIRECTION((1.,0.,0.));
#1277=IFCAXIS2PLACEMENT3D(#1274,#1275,#1276);
#1278=IFCLOCALPLACEMENT(#79,#1277);
#1332=IFCWALL('1oTSdHKlH2$AytCVnQMLVj',$,'Wall',$,$,#1374,#1338,$,$);
#1333=IFCMATERIALLAYERSETUSAGE(#82,.AXIS2.,.POSITIVE.,0.,$);
#1334=IFCRELASSOCIATESMATERIAL('0eKBV$KHfEpB8tP0i_PCwK',$,$,$,(#1332),#1333);
#1338=IFCPRODUCTDEFINITIONSHAPE($,$,(#3822,#3819));
#1354=IFCPROPERTYSET('2j0b6Pi3L32w3Z9EJPevO9',$,'EPset_Parametric',$,(#1356));
#1355=IFCRELDEFINESBYPROPERTIES('1DVs6L5$LD_Rf2pi_3a8S7',$,$,$,(#1332),#1354);
#1356=IFCPROPERTYSINGLEVALUE('Engine',$,IFCLABEL('Bonsai.DumbLayer2'),$);
#1370=IFCCARTESIANPOINT((-1.1872949600219727,2.545583963394165,0.));
#1371=IFCDIRECTION((0.,0.,1.));
#1372=IFCDIRECTION((1.9470718370939353E-07,0.99999999999998113,0.));
#1373=IFCAXIS2PLACEMENT3D(#1370,#1371,#1372);
#1374=IFCLOCALPLACEMENT(#79,#1373);
#1375=IFCRELCONNECTSPATHELEMENTS('0JJTcLzx1D1xay7ReeR0Kr',$,$,$,$,#1332,#391,(),(),.ATPATH.,.ATEND.);
#1440=IFCWALL('1c0qu1DRHAOu1AXlxayXXy',$,'Wall',$,$,#1451,#1446,$,$);
#1441=IFCMATERIALLAYERSETUSAGE(#82,.AXIS2.,.POSITIVE.,0.,$);
#1442=IFCRELASSOCIATESMATERIAL('08KCaIfEv5eukmPqI0Ntsa',$,$,$,(#1440),#1441);
#1446=IFCPRODUCTDEFINITIONSHAPE($,$,(#1477,#1474));
#1447=IFCCARTESIANPOINT((0.77352601289749146,4.9000005722045898,0.));
#1448=IFCDIRECTION((0.,0.,1.));
#1449=IFCDIRECTION((7.5497901264043109E-08,-0.99999999999999711,0.));
#1450=IFCAXIS2PLACEMENT3D(#1447,#1448,#1449);
#1451=IFCLOCALPLACEMENT(#79,#1450);
#1462=IFCPROPERTYSET('1_JEL6W6j6EPI0Jz$4zSs4',$,'EPset_Parametric',$,(#1464));
#1463=IFCRELDEFINESBYPROPERTIES('3HLs2mKJ51Y9T4JAIq4iVv',$,$,$,(#1440),#1462);
#1464=IFCPROPERTYSINGLEVALUE('Engine',$,IFCLABEL('Bonsai.DumbLayer2'),$);
#1465=IFCCARTESIANPOINTLIST2D(((0.,0.),(0.,0.10000000000000001),(1.4400000186761268,0.10000000000000001),(1.4400000186761268,0.)));
#1466=IFCINDEXEDPOLYCURVE(#1465,(IFCLINEINDEX((1,2,3,4,1))),$);
#1467=IFCARBITRARYCLOSEDPROFILEDEF(.AREA.,$,#1466);
#1468=IFCCARTESIANPOINT((0.,0.,0.));
#1469=IFCDIRECTION((0.,0.,1.));
#1470=IFCDIRECTION((1.,0.,0.));
#1471=IFCAXIS2PLACEMENT3D(#1468,#1469,#1470);
#1472=IFCDIRECTION((0.,0.,1.));
#1473=IFCEXTRUDEDAREASOLID(#1467,#1471,#1472,3.);
#1474=IFCSHAPEREPRESENTATION(#11,'Body','SweptSolid',(#1473));
#1475=IFCCARTESIANPOINTLIST2D(((0.,0.),(1.4400000186761268,0.)));
#1476=IFCINDEXEDPOLYCURVE(#1475,$,$);
#1477=IFCSHAPEREPRESENTATION(#23,'Axis','Curve2D',(#1476));
#1478=IFCWALL('1geO2EUdrAgPr5p4XkPwAw',$,'Wall',$,$,#4183,#1484,$,$);
#1479=IFCMATERIALLAYERSETUSAGE(#82,.AXIS2.,.POSITIVE.,0.,$);
#1480=IFCRELASSOCIATESMATERIAL('1Zm7AsR$vBcuR7DpEiGQ5A',$,$,$,(#1478),#1479);
#1484=IFCPRODUCTDEFINITIONSHAPE($,$,(#1515,#1512));
#1500=IFCPROPERTYSET('0j3ehr7Z101hz3ErWM_qaP',$,'EPset_Parametric',$,(#1502));
#1501=IFCRELDEFINESBYPROPERTIES('3$GQ6Tayz4QwvbDECo7iKT',$,$,$,(#1478),#1500);
#1502=IFCPROPERTYSINGLEVALUE('Engine',$,IFCLABEL('Bonsai.DumbLayer2'),$);
#1503=IFCCARTESIANPOINTLIST2D(((0.,0.),(0.,0.10000000000000001),(1.9608432093592083,0.10000000000000001),(1.9608432093592083,0.)));
#1504=IFCINDEXEDPOLYCURVE(#1503,(IFCLINEINDEX((1,2,3,4,1))),$);
#1505=IFCARBITRARYCLOSEDPROFILEDEF(.AREA.,$,#1504);
#1506=IFCCARTESIANPOINT((0.,0.,0.));
#1507=IFCDIRECTION((0.,0.,1.));
#1508=IFCDIRECTION((1.,0.,0.));
#1509=IFCAXIS2PLACEMENT3D(#1506,#1507,#1508);
#1510=IFCDIRECTION((0.,0.,1.));
#1511=IFCEXTRUDEDAREASOLID(#1505,#1509,#1510,3.);
#1512=IFCSHAPEREPRESENTATION(#11,'Body','SweptSolid',(#1511));
#1513=IFCCARTESIANPOINTLIST2D(((0.,0.),(1.9608432093592083,0.)));
#1514=IFCINDEXEDPOLYCURVE(#1513,$,$);
#1515=IFCSHAPEREPRESENTATION(#23,'Axis','Curve2D',(#1514));
#1602=IFCRELCONNECTSPATHELEMENTS('1u8hk__6z8YBzxLqQ8oV1s',$,$,$,$,#277,#237,(),(),.ATSTART.,.ATSTART.);
#1629=IFCRELCONNECTSPATHELEMENTS('219REByVD7Hvxidk4ferP8',$,$,$,$,#277,#315,(),(),.ATSTART.,.ATEND.);
#1630=IFCCARTESIANPOINTLIST2D(((-0.10000000000000001,0.),(1.1924875309432446E-09,0.10000000000000001),(8.8700004978976974,0.10000000000000001),(8.9700004967052092,0.)));
#1631=IFCINDEXEDPOLYCURVE(#1630,(IFCLINEINDEX((1,2,3,4,1))),$);
#1632=IFCARBITRARYCLOSEDPROFILEDEF(.AREA.,$,#1631);
#1633=IFCCARTESIANPOINT((0.,0.,0.));
#1634=IFCDIRECTION((0.,0.,1.));
#1635=IFCDIRECTION((1.,0.,0.));
#1636=IFCAXIS2PLACEMENT3D(#1633,#1634,#1635);
#1637=IFCDIRECTION((0.,0.,1.));
#1638=IFCEXTRUDEDAREASOLID(#1632,#1636,#1637,3.);
#1639=IFCSHAPEREPRESENTATION(#11,'Body','SweptSolid',(#1638));
#1640=IFCCARTESIANPOINTLIST2D(((0.,0.),(8.9700004967052092,0.)));
#1641=IFCINDEXEDPOLYCURVE(#1640,$,$);
#1642=IFCSHAPEREPRESENTATION(#23,'Axis','Curve2D',(#1641));
#1656=IFCCARTESIANPOINT((4.2435247517706545,6.5199999721843103,0.));
#1657=IFCDIRECTION((0.,0.,1.));
#1658=IFCDIRECTION((-0.99999999999999623,8.7422776573475527E-08,0.));
#1659=IFCAXIS2PLACEMENT3D(#1656,#1657,#1658);
#1660=IFCLOCALPLACEMENT(#79,#1659);
#1661=IFCRELCONNECTSPATHELEMENTS('0fkvW2VOn2EQwC0bO4BtnE',$,$,$,$,#315,#353,(),(),.ATSTART.,.ATEND.);
#1662=IFCCARTESIANPOINTLIST2D(((0.,0.),(0.09999999880751248,0.10000000000000001),(3.3699990281541004,0.10000000000000001),(3.4699990444461695,0.)));
#1663=IFCINDEXEDPOLYCURVE(#1662,(IFCLINEINDEX((1,2,3,4,1))),$);
#1664=IFCARBITRARYCLOSEDPROFILEDEF(.AREA.,$,#1663);
#1665=IFCCARTESIANPOINT((0.,0.,0.));
#1666=IFCDIRECTION((0.,0.,1.));
#1667=IFCDIRECTION((1.,0.,0.));
#1668=IFCAXIS2PLACEMENT3D(#1665,#1666,#1667);
#1669=IFCDIRECTION((0.,0.,1.));
#1670=IFCEXTRUDEDAREASOLID(#1664,#1668,#1669,3.);
#1671=IFCSHAPEREPRESENTATION(#11,'Body','SweptSolid',(#1670));
#1672=IFCCARTESIANPOINTLIST2D(((0.,0.),(3.4699990444461695,0.)));
#1673=IFCINDEXEDPOLYCURVE(#1672,$,$);
#1674=IFCSHAPEREPRESENTATION(#23,'Axis','Curve2D',(#1673));
#1688=IFCCARTESIANPOINT((0.77352570732449843,6.5200002755412614,0.));
#1689=IFCDIRECTION((0.,0.,1.));
#1690=IFCDIRECTION((7.5497901264043123E-08,-0.99999999999999722,0.));
#1691=IFCAXIS2PLACEMENT3D(#1688,#1689,#1690);
#1692=IFCLOCALPLACEMENT(#79,#1691);
#1693=IFCRELCONNECTSPATHELEMENTS('2IVYvYqHP5WPwosSM0z29D',$,$,$,$,#353,#391,(),(),.ATSTART.,.ATEND.);
#1694=IFCCARTESIANPOINTLIST2D(((0.,0.),(0.10000001629206913,0.10000000000000001),(1.6171836144184721,0.10000000000000001),(1.517183598126403,0.)));
#1695=IFCINDEXEDPOLYCURVE(#1694,(IFCLINEINDEX((1,2,3,4,1))),$);
#1696=IFCARBITRARYCLOSEDPROFILEDEF(.AREA.,$,#1695);
#1697=IFCCARTESIANPOINT((0.,0.,0.));
#1698=IFCDIRECTION((0.,0.,1.));
#1699=IFCDIRECTION((1.,0.,0.));
#1700=IFCAXIS2PLACEMENT3D(#1697,#1698,#1699);
#1701=IFCDIRECTION((0.,0.,1.));
#1702=IFCEXTRUDEDAREASOLID(#1696,#1700,#1701,3.);
#1703=IFCSHAPEREPRESENTATION(#11,'Body','SweptSolid',(#1702));
#1704=IFCCARTESIANPOINTLIST2D(((0.,0.),(1.517183598126403,0.)));
#1705=IFCINDEXEDPOLYCURVE(#1704,$,$);
#1706=IFCSHAPEREPRESENTATION(#23,'Axis','Curve2D',(#1705));
#1707=IFCCARTESIANPOINTLIST2D(((0.,0.),(-0.10000001629206913,0.10000000000000001),(3.4463241053660725,0.10000000000000001),(3.5463241216581416,0.)));
#1708=IFCINDEXEDPOLYCURVE(#1707,(IFCLINEINDEX((1,2,3,4,1))),$);
#1709=IFCARBITRARYCLOSEDPROFILEDEF(.AREA.,$,#1708);
#1710=IFCCARTESIANPOINT((0.,0.,0.));
#1711=IFCDIRECTION((0.,0.,1.));
#1712=IFCDIRECTION((1.,0.,0.));
#1713=IFCAXIS2PLACEMENT3D(#1710,#1711,#1712);
#1714=IFCDIRECTION((0.,0.,1.));
#1715=IFCEXTRUDEDAREASOLID(#1709,#1713,#1714,3.);
#1716=IFCSHAPEREPRESENTATION(#11,'Body','SweptSolid',(#1715));
#1717=IFCCARTESIANPOINTLIST2D(((0.,0.),(3.5463241216581416,0.)));
#1718=IFCINDEXEDPOLYCURVE(#1717,$,$);
#1719=IFCSHAPEREPRESENTATION(#23,'Axis','Curve2D',(#1718));
#1720=IFCCARTESIANPOINT((0.77352582186867602,5.0028166774148621,0.));
#1721=IFCDIRECTION((0.,0.,1.));
#1722=IFCDIRECTION((-0.99999999999999623,8.7422776573475527E-08,0.));
#1723=IFCAXIS2PLACEMENT3D(#1720,#1721,#1722);
#1724=IFCLOCALPLACEMENT(#79,#1723);
#1725=IFCWALL('2GReSEfkPCW9Js6xPsjq_a',$,'Wall',$,$,#1899,#1731,$,$);
#1726=IFCMATERIALLAYERSETUSAGE(#82,.AXIS2.,.POSITIVE.,0.,$);
#1727=IFCRELASSOCIATESMATERIAL('1ij1HreC92Mu3Tu5DJZbua',$,$,$,(#1725),#1726);
#1731=IFCPRODUCTDEFINITIONSHAPE($,$,(#1894,#1891));
#1747=IFCPROPERTYSET('3D$wA_KBz17u7qlpjEwyk_',$,'EPset_Parametric',$,(#1749));
#1748=IFCRELDEFINESBYPROPERTIES('2agsep4zPA7vkVdxqDd3ND',$,$,$,(#1725),#1747);
#1749=IFCPROPERTYSINGLEVALUE('Engine',$,IFCLABEL('Bonsai.DumbLayer2'),$);
#1790=IFCRELCONNECTSPATHELEMENTS('3Kyce_CQP5aPk9jDUFbtwZ',$,$,$,$,#1158,#1725,(),(),.ATEND.,.ATEND.);
#1849=IFCRELCONNECTSPATHELEMENTS('2oSxiC$MHCAe$Zekc$E4Ic',$,$,$,$,#416,#1001,(),(),.ATSTART.,.ATEND.);
#1850=IFCCARTESIANPOINTLIST2D(((0.,0.),(0.10000001629206913,0.10000000000000001),(5.000000222533231,0.10000000000000001),(5.1000002149834414,0.)));
#1851=IFCINDEXEDPOLYCURVE(#1850,(IFCLINEINDEX((1,2,3,4,1))),$);
#1852=IFCARBITRARYCLOSEDPROFILEDEF(.AREA.,$,#1851);
#1853=IFCCARTESIANPOINT((0.,0.,0.));
#1854=IFCDIRECTION((0.,0.,1.));
#1855=IFCDIRECTION((1.,0.,0.));
#1856=IFCAXIS2PLACEMENT3D(#1853,#1854,#1855);
#1857=IFCDIRECTION((0.,0.,1.));
#1858=IFCEXTRUDEDAREASOLID(#1852,#1856,#1857,3.);
#1859=IFCSHAPEREPRESENTATION(#11,'Body','SweptSolid',(#1858));
#1860=IFCCARTESIANPOINTLIST2D(((0.,0.),(5.1000002149834414,0.)));
#1861=IFCINDEXEDPOLYCURVE(#1860,$,$);
#1862=IFCSHAPEREPRESENTATION(#23,'Axis','Curve2D',(#1861));
#1876=IFCCARTESIANPOINT((-2.7727979147501394,-0.0971832275390625,0.));
#1877=IFCDIRECTION((0.,0.,1.));
#1878=IFCDIRECTION((1.,0.,0.));
#1879=IFCAXIS2PLACEMENT3D(#1876,#1877,#1878);
#1880=IFCLOCALPLACEMENT(#79,#1879);
#1881=IFCRELCONNECTSPATHELEMENTS('0L8L_Ye0j7OQANf0tANecB',$,$,$,$,#1725,#1001,(),(),.ATEND.,.ATSTART.);
#1882=IFCCARTESIANPOINTLIST2D(((0.,0.),(0.099999992450210407,0.10000000000000001),(2.6427671833834445,0.10000000000000001),(2.7427671909332352,0.)));
#1883=IFCINDEXEDPOLYCURVE(#1882,(IFCLINEINDEX((1,2,3,4,1))),$);
#1884=IFCARBITRARYCLOSEDPROFILEDEF(.AREA.,$,#1883);
#1885=IFCCARTESIANPOINT((0.,0.,0.));
#1886=IFCDIRECTION((0.,0.,1.));
#1887=IFCDIRECTION((1.,0.,0.));
#1888=IFCAXIS2PLACEMENT3D(#1885,#1886,#1887);
#1889=IFCDIRECTION((0.,0.,1.));
#1890=IFCEXTRUDEDAREASOLID(#1884,#1888,#1889,3.);
#1891=IFCSHAPEREPRESENTATION(#11,'Body','SweptSolid',(#1890));
#1892=IFCCARTESIANPOINTLIST2D(((0.,0.),(2.6427671909332346,0.)));
#1893=IFCINDEXEDPOLYCURVE(#1892,$,$);
#1894=IFCSHAPEREPRESENTATION(#23,'Axis','Curve2D',(#1893));
#1895=IFCCARTESIANPOINT((0.34174769998685794,-0.0971832275390625,0.));
#1896=IFCDIRECTION((0.,0.,1.));
#1897=IFCDIRECTION((7.5497901264043123E-08,0.99999999999999722,0.));
#1898=IFCAXIS2PLACEMENT3D(#1895,#1896,#1897);
#1899=IFCLOCALPLACEMENT(#79,#1898);
#1900=IFCCARTESIANPOINTLIST2D(((0.,0.),(0.099999992450210171,0.10000000000000001),(3.0145456222867875,0.10000000000000001),(3.1145456147369974,0.)));
#1901=IFCINDEXEDPOLYCURVE(#1900,(IFCLINEINDEX((1,2,3,4,1))),$);
#1902=IFCARBITRARYCLOSEDPROFILEDEF(.AREA.,$,#1901);
#1903=IFCCARTESIANPOINT((0.,0.,0.));
#1904=IFCDIRECTION((0.,0.,1.));
#1905=IFCDIRECTION((1.,0.,0.));
#1906=IFCAXIS2PLACEMENT3D(#1903,#1904,#1905);
#1907=IFCDIRECTION((0.,0.,1.));
#1908=IFCEXTRUDEDAREASOLID(#1902,#1906,#1907,3.);
#1909=IFCSHAPEREPRESENTATION(#11,'Body','SweptSolid',(#1908));
#1910=IFCCARTESIANPOINTLIST2D(((0.,0.),(3.1145456147369974,0.)));
#1911=IFCINDEXEDPOLYCURVE(#1910,$,$);
#1912=IFCSHAPEREPRESENTATION(#23,'Axis','Curve2D',(#1911));
#1913=IFCWALL('3vNVok0H58Pu3g9CMZieZI',$,'Wall',$,$,#1969,#1919,$,$);
#1914=IFCMATERIALLAYERSETUSAGE(#82,.AXIS2.,.POSITIVE.,0.,$);
#1915=IFCRELASSOCIATESMATERIAL('0X4Nu0oVXFQPVpa_sbJj66',$,$,$,(#1913),#1914);
#1919=IFCPRODUCTDEFINITIONSHAPE($,$,(#1964,#1961));
#1935=IFCPROPERTYSET('1HJVrHFe9FqQQVFLbKdJ_o',$,'EPset_Parametric',$,(#1937));
#1936=IFCRELDEFINESBYPROPERTIES('3lJCCIO3b2geaDzU0kb79W',$,$,$,(#1913),#1935);
#1937=IFCPROPERTYSINGLEVALUE('Engine',$,IFCLABEL('Bonsai.DumbLayer2'),$);
#1951=IFCRELCONNECTSPATHELEMENTS('15oxlWUsP7MABRLKrOKnGC',$,$,$,$,#1913,#237,(),(),.ATEND.,.ATSTART.);
#1952=IFCCARTESIANPOINTLIST2D(((0.,0.),(-0.09999999880751248,0.10000000000000001),(2.3528169690711067,0.10000000000000001),(2.3528169690711067,0.)));
#1953=IFCINDEXEDPOLYCURVE(#1952,(IFCLINEINDEX((1,2,3,4,1))),$);
#1954=IFCARBITRARYCLOSEDPROFILEDEF(.AREA.,$,#1953);
#1955=IFCCARTESIANPOINT((0.,0.,0.));
#1956=IFCDIRECTION((0.,0.,1.));
#1957=IFCDIRECTION((1.,0.,0.));
#1958=IFCAXIS2PLACEMENT3D(#1955,#1956,#1957);
#1959=IFCDIRECTION((0.,0.,1.));
#1960=IFCEXTRUDEDAREASOLID(#1954,#1958,#1959,3.);
#1961=IFCSHAPEREPRESENTATION(#11,'Body','SweptSolid',(#1960));
#1962=IFCCARTESIANPOINTLIST2D(((0.,0.),(2.3528169690711067,0.)));
#1963=IFCINDEXEDPOLYCURVE(#1962,$,$);
#1964=IFCSHAPEREPRESENTATION(#23,'Axis','Curve2D',(#1963));
#1965=IFCCARTESIANPOINT((0.34174752235411571,-2.450000183416734,0.));
#1966=IFCDIRECTION((0.,0.,1.));
#1967=IFCDIRECTION((7.5497901264043123E-08,0.99999999999999722,0.));
#1968=IFCAXIS2PLACEMENT3D(#1965,#1966,#1967);
#1969=IFCLOCALPLACEMENT(#79,#1968);
#1970=IFCCARTESIANPOINTLIST2D(((0.10000000000000001,0.),(-1.1924875309432459E-09,0.10000000000000001),(4.001776551007854,0.10000000000000001),(3.9017765522003423,0.)));
#1971=IFCINDEXEDPOLYCURVE(#1970,(IFCLINEINDEX((1,2,3,4,1))),$);
#1972=IFCARBITRARYCLOSEDPROFILEDEF(.AREA.,$,#1971);
#1973=IFCCARTESIANPOINT((0.,0.,0.));
#1974=IFCDIRECTION((0.,0.,1.));
#1975=IFCDIRECTION((1.,0.,0.));
#1976=IFCAXIS2PLACEMENT3D(#1973,#1974,#1975);
#1977=IFCDIRECTION((0.,0.,1.));
#1978=IFCEXTRUDEDAREASOLID(#1972,#1976,#1977,3.);
#1979=IFCSHAPEREPRESENTATION(#11,'Body','SweptSolid',(#1978));
#1980=IFCCARTESIANPOINTLIST2D(((0.,0.),(3.9017765522003423,0.)));
#1981=IFCINDEXEDPOLYCURVE(#1980,$,$);
#1982=IFCSHAPEREPRESENTATION(#23,'Axis','Curve2D',(#1981));
#2010=IFCSLABTYPE('1XXBASLbj6Qw18I$6ktWkN',$,'Slab',$,$,(#2014),$,$,$,.FLOOR.);
#2011=IFCMATERIALLAYERSET((#2013),$,$);
#2012=IFCRELASSOCIATESMATERIAL('27BvsbGn5DAekr6DC581ml',$,$,$,(#2010),#2011);
#2013=IFCMATERIALLAYER(#81,0.10000000000000001,$,$,$,$,$);
#2014=IFCPROPERTYSET('3HEAR$bgX5V89JoHSj$nLX',$,'EPset_Parametric',$,(#2015));
#2015=IFCPROPERTYSINGLEVALUE('LayerSetDirection',$,IFCLABEL('AXIS3'),$);
#2016=IFCSLAB('3QrK9BSAr04QDz1C4UxAGN',$,'Slab',$,$,#2024,#2031,$,$);
#2017=IFCRELDEFINESBYTYPE('1KXAMCfbLC0gpjWH7djqfO',$,$,$,(#14505,#15143,#15090,#7765,#13537,#15165,#15068,#9025,#2016),#2010);
#2018=IFCMATERIALLAYERSETUSAGE(#2011,.AXIS3.,.POSITIVE.,-0.10000000149011612,$);
#2019=IFCRELASSOCIATESMATERIAL('1wjCXgz$95yP_dWkpSBpKG',$,$,$,(#2016),#2018);
#2020=IFCCARTESIANPOINT((4.2435245513916016,6.5199999809265137,0.));
#2021=IFCDIRECTION((0.,0.,1.));
#2022=IFCDIRECTION((1.,0.,0.));
#2023=IFCAXIS2PLACEMENT3D(#2020,#2021,#2022);
#2024=IFCLOCALPLACEMENT(#79,#2023);
#2025=IFCCARTESIANPOINTLIST2D(((0.,0.),(-3.469998836517334,4.76837158203125E-07),(-3.4699985980987549,-1.5171828269958496),(-7.0163226127624512,-1.5171828269958496),(-7.016322135925293,-6.6171832084655762),(-4.0017766952514648,-6.6171832084655762),(-4.001777172088623,-9.0699996948242188),(-4.76837158203125E-07,-9.0700006484985352),(0.,0.)));
#2026=IFCINDEXEDPOLYCURVE(#2025,$,$);
#2027=IFCDIRECTION((0.,0.,1.));
#2028=IFCARBITRARYCLOSEDPROFILEDEF(.AREA.,$,#2026);
#2029=IFCEXTRUDEDAREASOLID(#2028,#2038,#2027,0.10000000000000001);
#2030=IFCSHAPEREPRESENTATION(#11,'Body','SweptSolid',(#2029));
#2031=IFCPRODUCTDEFINITIONSHAPE($,$,(#2030));
#2032=IFCPROPERTYSET('2PJt5hxLLCsRXzRnPtYgaR',$,'EPset_Parametric',$,(#2034));
#2033=IFCRELDEFINESBYPROPERTIES('0c8910qxX488evu9u36e9d',$,$,$,(#2016),#2032);
#2034=IFCPROPERTYSINGLEVALUE('Engine',$,IFCLABEL('Bonsai.DumbLayer3'),$);
#2035=IFCCARTESIANPOINT((-0.,-0.,-0.10000000149011612));
#2036=IFCDIRECTION((0.,0.,1.));
#2037=IFCDIRECTION((1.,0.,0.));
#2038=IFCAXIS2PLACEMENT3D(#2035,#2036,#2037);
#2039=IFCDOORTYPE('24KrFw8Ej6$eCawPd4XDsa',$,'Main-GF',$,$,(#2040),(#2049,#2127,#2146),$,$,.DOOR.,.SINGLE_SWING_LEFT.,$,$);
#2040=IFCPROPERTYSET('0ponfPOTX9WfIvuQGHWpmY',$,'BBIM_Door',$,(#2041));
#2041=IFCPROPERTYSINGLEVALUE('Data',$,IFCTEXT('{"door_type": "DOUBLE_DOOR_SINGLE_SWING", "overall_height": 2.0, "overall_width": 0.8999999761581421, "lining_properties": {"lining_depth": 0.05000000074505806, "lining_thickness": 0.05000000074505806, "lining_offset": 0.0, "lining_to_panel_offset_x": 0.02500000037252903, "lining_to_panel_offset_y": 0.02500000037252903, "transom_thickness": 0.0, "casing_thickness": 0.07500000298023224, "casing_depth": 0.0010000000474974513, "threshold_thickness": 0.02500000037252903, "threshold_depth": 0.10000000149011612, "threshold_offset": 0.0}, "panel_properties": {"panel_depth": 0.03500000014901161, "panel_width_ratio": 1.0}}'),$);
#2045=IFCCARTESIANPOINT((0.,0.,0.));
#2046=IFCDIRECTION((1.,0.,0.));
#2047=IFCDIRECTION((0.,0.,1.));
#2048=IFCAXIS2PLACEMENT3D(#2045,#2047,#2046);
#2049=IFCREPRESENTATIONMAP(#2048,#2839);
#2123=IFCCARTESIANPOINT((0.,0.,0.));
#2124=IFCDIRECTION((1.,0.,0.));
#2125=IFCDIRECTION((0.,0.,1.));
#2126=IFCAXIS2PLACEMENT3D(#2123,#2125,#2124);
#2127=IFCREPRESENTATIONMAP(#2126,#2939);
#2142=IFCCARTESIANPOINT((0.,0.,0.));
#2143=IFCDIRECTION((1.,0.,0.));
#2144=IFCDIRECTION((0.,0.,1.));
#2145=IFCAXIS2PLACEMENT3D(#2142,#2144,#2143);
#2146=IFCREPRESENTATIONMAP(#2145,#2962);
#2148=IFCRECTANGLEPROFILEDEF(.AREA.,'New Profile',$,0.5,0.5);
#2149=IFCMATERIALPROFILESET($,$,(#2151),$);
#2151=IFCMATERIALPROFILE($,$,#81,#2148,$,$);
#2282=IFCDOOR('2SqWEtpE95XxSZFJ0q0O8p',$,'Door',$,$,#3002,#2291,$,2.,0.89999997615814209,$,.DOUBLE_DOOR_SINGLE_SWING.,$);
#2283=IFCRELDEFINESBYTYPE('1TujzV7QL70OJUeIBg47z5',$,$,$,(#2282),#2039);
#2284=IFCCARTESIANPOINT((0.,0.,0.));
#2285=IFCDIRECTION((1.,0.,0.));
#2286=IFCDIRECTION((0.,1.,0.));
#2287=IFCDIRECTION((0.,0.,1.));
#2288=IFCCARTESIANTRANSFORMATIONOPERATOR3D(#2285,#2286,#2284,1.,#2287);
#2289=IFCMAPPEDITEM(#2049,#2288);
#2290=IFCSHAPEREPRESENTATION(#18,'Profile','MappedRepresentation',(#2289));
#2291=IFCPRODUCTDEFINITIONSHAPE($,$,(#2290,#2298,#2305));
#2292=IFCCARTESIANPOINT((0.,0.,0.));
#2293=IFCDIRECTION((1.,0.,0.));
#2294=IFCDIRECTION((0.,1.,0.));
#2295=IFCDIRECTION((0.,0.,1.));
#2296=IFCCARTESIANTRANSFORMATIONOPERATOR3D(#2293,#2294,#2292,1.,#2295);
#2297=IFCMAPPEDITEM(#2127,#2296);
#2298=IFCSHAPEREPRESENTATION(#11,'Body','MappedRepresentation',(#2297));
#2299=IFCCARTESIANPOINT((0.,0.,0.));
#2300=IFCDIRECTION((1.,0.,0.));
#2301=IFCDIRECTION((0.,1.,0.));
#2302=IFCDIRECTION((0.,0.,1.));
#2303=IFCCARTESIANTRANSFORMATIONOPERATOR3D(#2300,#2301,#2299,1.,#2302);
#2304=IFCMAPPEDITEM(#2146,#2303);
#2305=IFCSHAPEREPRESENTATION(#24,'Body','MappedRepresentation',(#2304));
#2306=IFCOPENINGELEMENT('01iHPC6CfAz9jEipfyUpZh',$,'Opening',$,$,#2997,#2334,$,.OPENING.);
#2322=IFCCARTESIANPOINT((0.,0.,0.));
#2323=IFCDIRECTION((1.,0.,0.));
#2324=IFCDIRECTION((0.,0.,1.));
#2325=IFCAXIS2PLACEMENT3D(#2322,#2324,#2323);
#2326=IFCREPRESENTATIONMAP(#2325,#2972);
#2327=IFCCARTESIANPOINT((0.,0.,0.));
#2328=IFCDIRECTION((1.,0.,0.));
#2329=IFCDIRECTION((0.,1.,0.));
#2330=IFCDIRECTION((0.,0.,1.));
#2331=IFCCARTESIANTRANSFORMATIONOPERATOR3D(#2328,#2329,#2327,1.,#2330);
#2332=IFCMAPPEDITEM(#2326,#2331);
#2333=IFCSHAPEREPRESENTATION(#11,'Body','MappedRepresentation',(#2332));
#2334=IFCPRODUCTDEFINITIONSHAPE($,$,(#2333));
#2335=IFCRELVOIDSELEMENT('1walAiLInBRAUUP1Vwv5jv',$,$,$,#237,#2306);
#2341=IFCRELFILLSELEMENT('3LKYDubZv0zRMaCjMmJ$u4',$,$,$,#2306,#2282);
#2350=IFCCARTESIANPOINTLIST2D(((0.,0.),(0.,2.),(0.89999997615814209,2.),(0.89999997615814209,0.),(0.87499997578561306,0.),(0.87499997578561306,1.974999999627471),(0.02500000037252903,1.974999999627471),(0.02500000037252903,0.)));
#2351=IFCINDEXEDPOLYCURVE(#2350,(IFCLINEINDEX((1,2,3,4,5,6,7,8,1))),$);
#2352=IFCARBITRARYCLOSEDPROFILEDEF(.AREA.,$,#2351);
#2353=IFCCARTESIANPOINT((0.,0.,0.));
#2354=IFCDIRECTION((0.,-1.,0.));
#2355=IFCDIRECTION((1.,0.,0.));
#2356=IFCAXIS2PLACEMENT3D(#2353,#2354,#2355);
#2357=IFCDIRECTION((0.,0.,-1.));
#2358=IFCEXTRUDEDAREASOLID(#2352,#2356,#2357,0.05000000074505806);
#2359=IFCCARTESIANPOINTLIST2D(((0.,0.),(0.84999997541308403,0.),(0.84999997541308403,0.10000000149011612),(0.,0.10000000149011612)));
#2360=IFCINDEXEDPOLYCURVE(#2359,(IFCLINEINDEX((1,2,3,4,1))),$);
#2361=IFCARBITRARYCLOSEDPROFILEDEF(.AREA.,$,#2360);
#2362=IFCCARTESIANPOINT((0.02500000037252903,0.,0.));
#2363=IFCDIRECTION((0.,0.,1.));
#2364=IFCDIRECTION((1.,0.,0.));
#2365=IFCAXIS2PLACEMENT3D(#2362,#2363,#2364);
#2366=IFCDIRECTION((0.,0.,1.));
#2367=IFCEXTRUDEDAREASOLID(#2361,#2365,#2366,0.02500000037252903);
#2368=IFCCARTESIANPOINTLIST2D(((0.,0.),(0.,2.0250000022351742),(0.94999998062849045,2.0250000022351742),(0.94999998062849045,0.),(0.89999997802078724,0.),(0.89999997802078724,1.974999999627471),(0.050000002607703209,1.974999999627471),(0.050000002607703209,0.)));
#2369=IFCINDEXEDPOLYCURVE(#2368,(IFCLINEINDEX((1,2,3,4,5,6,7,8,1))),$);
#2370=IFCARBITRARYCLOSEDPROFILEDEF(.AREA.,$,#2369);
#2371=IFCCARTESIANPOINT((-0.025000002235174179,-0.004999999888241291,0.));
#2372=IFCDIRECTION((0.,-1.,0.));
#2373=IFCDIRECTION((1.,0.,0.));
#2374=IFCAXIS2PLACEMENT3D(#2371,#2372,#2373);
#2375=IFCDIRECTION((0.,0.,-1.));
#2376=IFCEXTRUDEDAREASOLID(#2370,#2374,#2375,0.004999999888241291);
#2377=IFCCARTESIANPOINTLIST2D(((0.,0.),(0.,2.0250000022351742),(0.94999998062849045,2.0250000022351742),(0.94999998062849045,0.),(0.89999997802078724,0.),(0.89999997802078724,1.974999999627471),(0.050000002607703209,1.974999999627471),(0.050000002607703209,0.)));
#2378=IFCINDEXEDPOLYCURVE(#2377,(IFCLINEINDEX((1,2,3,4,5,6,7,8,1))),$);
#2379=IFCARBITRARYCLOSEDPROFILEDEF(.AREA.,$,#2378);
#2380=IFCCARTESIANPOINT((-0.025000002235174179,0.05000000074505806,0.));
#2381=IFCDIRECTION((0.,-1.,0.));
#2382=IFCDIRECTION((1.,0.,0.));
#2383=IFCAXIS2PLACEMENT3D(#2380,#2381,#2382);
#2384=IFCDIRECTION((0.,0.,-1.));
#2385=IFCEXTRUDEDAREASOLID(#2379,#2383,#2384,0.004999999888241291);
#2386=IFCCARTESIANPOINTLIST2D(((0.,0.),(0.84999997541308403,0.),(0.84999997541308403,0.035000000149011612),(0.,0.035000000149011612)));
#2387=IFCINDEXEDPOLYCURVE(#2386,(IFCLINEINDEX((1,2,3,4,1))),$);
#2388=IFCARBITRARYCLOSEDPROFILEDEF(.AREA.,$,#2387);
#2389=IFCCARTESIANPOINT((0.02500000037252903,0.02500000037252903,0.02500000037252903));
#2390=IFCDIRECTION((0.,0.,1.));
#2391=IFCDIRECTION((1.,0.,0.));
#2392=IFCAXIS2PLACEMENT3D(#2389,#2390,#2391);
#2393=IFCDIRECTION((0.,0.,1.));
#2394=IFCEXTRUDEDAREASOLID(#2388,#2392,#2393,1.9499999992549419);
#2395=IFCCARTESIANPOINTLIST2D(((0.,0.),(0.,-0.040000000000000001),(-0.11999999999999988,-0.040000000000000001),(-0.11999999999999988,-0.02),(-0.020000000000000018,-0.02),(-0.020000000000000018,0.)));
#2396=IFCINDEXEDPOLYCURVE(#2395,(IFCLINEINDEX((1,2,3,4,5,6,1))),$);
#2397=IFCARBITRARYCLOSEDPROFILEDEF(.AREA.,$,#2396);
#2398=IFCCARTESIANPOINT((0.82499997578561302,0.02500000037252903,1.015000000372529));
#2399=IFCDIRECTION((0.,0.,1.));
#2400=IFCDIRECTION((1.,0.,0.));
#2401=IFCAXIS2PLACEMENT3D(#2398,#2399,#2400);
#2402=IFCDIRECTION((0.,0.,1.));
#2403=IFCEXTRUDEDAREASOLID(#2397,#2401,#2402,0.02);
#2404=IFCEXTRUDEDAREASOLID(#2405,#2408,#2412,0.02);
#2405=IFCARBITRARYCLOSEDPROFILEDEF(.AREA.,$,#2406);
#2406=IFCINDEXEDPOLYCURVE(#2407,(IFCLINEINDEX((1,2,3,4,5,6,1))),$);
#2407=IFCCARTESIANPOINTLIST2D(((0.,0.),(0.,0.040000000000000008),(-0.11999999999999988,0.040000000000000008),(-0.11999999999999988,0.020000000000000004),(-0.020000000000000018,0.020000000000000004),(-0.020000000000000018,0.)));
#2408=IFCAXIS2PLACEMENT3D(#2409,#2410,#2411);
#2409=IFCCARTESIANPOINT((0.82499997578561302,0.060000000521540642,1.015000000372529));
#2410=IFCDIRECTION((0.,0.,1.));
#2411=IFCDIRECTION((1.,0.,0.));
#2412=IFCDIRECTION((0.,0.,1.));
#2414=IFCSHAPEREPRESENTATION(#11,'Body','SweptSolid',(#2376,#2884,#2358,#2385,#2857,#2367,#2875,#2848,#2866));
#2415=IFCSHAPEASPECT((#2414),'Lining',$,.T.,#2291);
#2416=IFCSHAPEREPRESENTATION(#11,'Body','SweptSolid',(#2903,#2403,#2930,#2404,#2394,#2902,#2921,#2912,#2893));
#2417=IFCSHAPEASPECT((#2416),'Framing',$,.T.,#2291);
#2837=IFCCARTESIANPOINTLIST3D(((0.,0.,0.),(0.89999997615814209,0.,0.),(0.89999997615814209,0.,2.),(0.,0.,2.)));
#2838=IFCINDEXEDPOLYCURVE(#2837,(IFCLINEINDEX((1,2,3,4,1))),$);
#2839=IFCSHAPEREPRESENTATION(#18,'Profile','Curve3D',(#2838));
#2840=IFCCARTESIANPOINTLIST2D(((0.,0.),(0.,2.),(0.89999997615814209,2.),(0.89999997615814209,0.),(0.87499997578561306,0.),(0.87499997578561306,1.974999999627471),(0.02500000037252903,1.974999999627471),(0.02500000037252903,0.)));
#2841=IFCINDEXEDPOLYCURVE(#2840,(IFCLINEINDEX((1,2,3,4,5,6,7,8,1))),$);
#2842=IFCARBITRARYCLOSEDPROFILEDEF(.AREA.,$,#2841);
#2843=IFCCARTESIANPOINT((0.,0.02500000037252903,0.));
#2844=IFCDIRECTION((0.,-1.,0.));
#2845=IFCDIRECTION((1.,0.,0.));
#2846=IFCAXIS2PLACEMENT3D(#2843,#2844,#2845);
#2847=IFCDIRECTION((0.,0.,-1.));
#2848=IFCEXTRUDEDAREASOLID(#2842,#2846,#2847,0.02500000037252903);
#2849=IFCCARTESIANPOINTLIST2D(((0.,0.),(0.,2.),(0.89999997615814209,2.),(0.89999997615814209,0.),(0.84999997541308403,0.),(0.84999997541308403,1.9499999992549419),(0.05000000074505806,1.9499999992549419),(0.05000000074505806,0.)));
#2850=IFCINDEXEDPOLYCURVE(#2849,(IFCLINEINDEX((1,2,3,4,5,6,7,8,1))),$);
#2851=IFCARBITRARYCLOSEDPROFILEDEF(.AREA.,$,#2850);
#2852=IFCCARTESIANPOINT((0.,0.,0.));
#2853=IFCDIRECTION((0.,-1.,0.));
#2854=IFCDIRECTION((1.,0.,0.));
#2855=IFCAXIS2PLACEMENT3D(#2852,#2853,#2854);
#2856=IFCDIRECTION((0.,0.,-1.));
#2857=IFCEXTRUDEDAREASOLID(#2851,#2855,#2856,0.02500000037252903);
#2858=IFCCARTESIANPOINTLIST2D(((0.,0.),(0.79999997466802597,0.),(0.79999997466802597,0.10000000149011612),(0.,0.10000000149011612)));
#2859=IFCINDEXEDPOLYCURVE(#2858,(IFCLINEINDEX((1,2,3,4,1))),$);
#2860=IFCARBITRARYCLOSEDPROFILEDEF(.AREA.,$,#2859);
#2861=IFCCARTESIANPOINT((0.05000000074505806,0.,0.));
#2862=IFCDIRECTION((0.,0.,1.));
#2863=IFCDIRECTION((1.,0.,0.));
#2864=IFCAXIS2PLACEMENT3D(#2861,#2862,#2863);
#2865=IFCDIRECTION((0.,0.,1.));
#2866=IFCEXTRUDEDAREASOLID(#2860,#2864,#2865,0.02500000037252903);
#2867=IFCCARTESIANPOINTLIST2D(((0.,0.),(0.,2.0250000022351742),(0.94999998062849045,2.0250000022351742),(0.94999998062849045,0.),(0.87499997764825821,0.),(0.87499997764825821,1.9499999992549419),(0.075000002980232239,1.9499999992549419),(0.075000002980232239,0.)));
#2868=IFCINDEXEDPOLYCURVE(#2867,(IFCLINEINDEX((1,2,3,4,5,6,7,8,1))),$);
#2869=IFCARBITRARYCLOSEDPROFILEDEF(.AREA.,$,#2868);
#2870=IFCCARTESIANPOINT((-0.025000002235174179,-0.0010000000474974513,0.));
#2871=IFCDIRECTION((0.,-1.,0.));
#2872=IFCDIRECTION((1.,0.,0.));
#2873=IFCAXIS2PLACEMENT3D(#2870,#2871,#2872);
#2874=IFCDIRECTION((0.,0.,-1.));
#2875=IFCEXTRUDEDAREASOLID(#2869,#2873,#2874,0.0010000000474974513);
#2876=IFCCARTESIANPOINTLIST2D(((0.,0.),(0.,2.0250000022351742),(0.94999998062849045,2.0250000022351742),(0.94999998062849045,0.),(0.89999997802078724,0.),(0.89999997802078724,1.974999999627471),(0.050000002607703209,1.974999999627471),(0.050000002607703209,0.)));
#2877=IFCINDEXEDPOLYCURVE(#2876,(IFCLINEINDEX((1,2,3,4,5,6,7,8,1))),$);
#2878=IFCARBITRARYCLOSEDPROFILEDEF(.AREA.,$,#2877);
#2879=IFCCARTESIANPOINT((-0.025000002235174179,0.05000000074505806,0.));
#2880=IFCDIRECTION((0.,-1.,0.));
#2881=IFCDIRECTION((1.,0.,0.));
#2882=IFCAXIS2PLACEMENT3D(#2879,#2880,#2881);
#2883=IFCDIRECTION((0.,0.,-1.));
#2884=IFCEXTRUDEDAREASOLID(#2878,#2882,#2883,0.0010000000474974513);
#2885=IFCCARTESIANPOINTLIST2D(((0.,0.),(0.42399998770654201,0.),(0.42399998770654201,0.035000000149011612),(0.,0.035000000149011612)));
#2886=IFCINDEXEDPOLYCURVE(#2885,(IFCLINEINDEX((1,2,3,4,1))),$);
#2887=IFCARBITRARYCLOSEDPROFILEDEF(.AREA.,$,#2886);
#2888=IFCCARTESIANPOINT((0.02500000037252903,0.02500000037252903,0.02500000037252903));
#2889=IFCDIRECTION((0.,0.,1.));
#2890=IFCDIRECTION((1.,0.,0.));
#2891=IFCAXIS2PLACEMENT3D(#2888,#2889,#2890);
#2892=IFCDIRECTION((0.,0.,1.));
#2893=IFCEXTRUDEDAREASOLID(#2887,#2891,#2892,1.9499999992549419);
#2894=IFCCARTESIANPOINTLIST2D(((0.,0.),(0.,-0.040000000000000001),(-0.12,-0.040000000000000001),(-0.12,-0.02),(-0.020000000000000018,-0.02),(-0.020000000000000018,0.)));
#2895=IFCINDEXEDPOLYCURVE(#2894,(IFCLINEINDEX((1,2,3,4,5,6,1))),$);
#2896=IFCARBITRARYCLOSEDPROFILEDEF(.AREA.,$,#2895);
#2897=IFCCARTESIANPOINT((0.39899998807907106,0.02500000037252903,1.015000000372529));
#2898=IFCDIRECTION((0.,0.,1.));
#2899=IFCDIRECTION((1.,0.,0.));
#2900=IFCAXIS2PLACEMENT3D(#2897,#2898,#2899);
#2901=IFCDIRECTION((0.,0.,1.));
#2902=IFCEXTRUDEDAREASOLID(#2896,#2900,#2901,0.02);
#2903=IFCEXTRUDEDAREASOLID(#2904,#2907,#2911,0.02);
#2904=IFCARBITRARYCLOSEDPROFILEDEF(.AREA.,$,#2905);
#2905=IFCINDEXEDPOLYCURVE(#2906,(IFCLINEINDEX((1,2,3,4,5,6,1))),$);
#2906=IFCCARTESIANPOINTLIST2D(((0.,0.),(0.,0.040000000000000008),(-0.12,0.040000000000000008),(-0.12,0.020000000000000004),(-0.020000000000000018,0.020000000000000004),(-0.020000000000000018,0.)));
#2907=IFCAXIS2PLACEMENT3D(#2908,#2909,#2910);
#2908=IFCCARTESIANPOINT((0.39899998807907106,0.060000000521540642,1.015000000372529));
#2909=IFCDIRECTION((0.,0.,1.));
#2910=IFCDIRECTION((1.,0.,0.));
#2911=IFCDIRECTION((0.,0.,1.));
#2912=IFCEXTRUDEDAREASOLID(#2913,#2916,#2920,1.9499999992549419);
#2913=IFCARBITRARYCLOSEDPROFILEDEF(.AREA.,$,#2914);
#2914=IFCINDEXEDPOLYCURVE(#2915,(IFCLINEINDEX((1,2,3,4,1))),$);
#2915=IFCCARTESIANPOINTLIST2D(((0.,0.),(-0.42399998770654201,0.),(-0.42399998770654201,0.035000000149011612),(0.,0.035000000149011612)));
#2916=IFCAXIS2PLACEMENT3D(#2917,#2918,#2919);
#2917=IFCCARTESIANPOINT((0.87499997578561306,0.02500000037252903,0.02500000037252903));
#2918=IFCDIRECTION((0.,0.,1.));
#2919=IFCDIRECTION((1.,0.,0.));
#2920=IFCDIRECTION((0.,0.,1.));
#2921=IFCEXTRUDEDAREASOLID(#2922,#2925,#2929,0.02);
#2922=IFCARBITRARYCLOSEDPROFILEDEF(.AREA.,$,#2923);
#2923=IFCINDEXEDPOLYCURVE(#2924,(IFCLINEINDEX((1,2,3,4,5,6,1))),$);
#2924=IFCCARTESIANPOINTLIST2D(((0.,0.),(0.,-0.040000000000000001),(0.12000000000000011,-0.040000000000000001),(0.12000000000000011,-0.02),(0.020000000000000018,-0.02),(0.020000000000000018,0.)));
#2925=IFCAXIS2PLACEMENT3D(#2926,#2927,#2928);
#2926=IFCCARTESIANPOINT((0.50099998807907098,0.02500000037252903,1.015000000372529));
#2927=IFCDIRECTION((0.,0.,1.));
#2928=IFCDIRECTION((1.,0.,0.));
#2929=IFCDIRECTION((0.,0.,1.));
#2930=IFCEXTRUDEDAREASOLID(#2931,#2934,#2938,0.02);
#2931=IFCARBITRARYCLOSEDPROFILEDEF(.AREA.,$,#2932);
#2932=IFCINDEXEDPOLYCURVE(#2933,(IFCLINEINDEX((1,2,3,4,5,6,1))),$);
#2933=IFCCARTESIANPOINTLIST2D(((0.,0.),(0.,0.040000000000000008),(0.12000000000000011,0.040000000000000008),(0.12000000000000011,0.020000000000000004),(0.020000000000000018,0.020000000000000004),(0.020000000000000018,0.)));
#2934=IFCAXIS2PLACEMENT3D(#2935,#2936,#2937);
#2935=IFCCARTESIANPOINT((0.50099998807907098,0.060000000521540642,1.015000000372529));
#2936=IFCDIRECTION((0.,0.,1.));
#2937=IFCDIRECTION((1.,0.,0.));
#2938=IFCDIRECTION((0.,0.,1.));
#2939=IFCSHAPEREPRESENTATION(#11,'Body','SweptSolid',(#2848,#2857,#2893,#2902,#2903,#2912,#2921,#2930,#2866,#2875,#2884));
#2940=IFCCARTESIANPOINTLIST2D(((0.,0.),(0.,0.05000000074505806),(0.02500000037252903,0.05000000074505806),(0.02500000037252903,0.02500000037252903),(0.05000000074505806,0.02500000037252903),(0.05000000074505806,0.)));
#2941=IFCINDEXEDPOLYCURVE(#2940,(IFCLINEINDEX((1,2,3,4,5,6,1))),$);
#2942=IFCINDEXEDPOLYCURVE(#2943,(IFCLINEINDEX((1,2,3,4,5,6,1))),$);
#2943=IFCCARTESIANPOINTLIST2D(((0.89999997615814209,0.),(0.89999997615814209,0.05000000074505806),(0.87499997578561306,0.05000000074505806),(0.87499997578561306,0.02500000037252903),(0.84999997541308403,0.02500000037252903),(0.84999997541308403,0.)));
#2944=IFCDIRECTION((1.,0.));
#2945=IFCCARTESIANPOINT((0.060000000521540642,0.05000000074505806));
#2946=IFCAXIS2PLACEMENT2D(#2945,#2944);
#2947=IFCELLIPSE(#2946,0.3899999875575304,0.42499998770654202);
#2948=IFCCARTESIANPOINT((0.44999998807907104,0.05000000074505806));
#2949=IFCCARTESIANPOINT((0.060000000521540642,0.47499998845160007));
#2950=IFCTRIMMEDCURVE(#2947,(#2948),(#2949),.T.,.CARTESIAN.);
#2951=IFCCARTESIANPOINTLIST2D(((0.02500000037252903,0.05000000074505806),(0.060000000521540642,0.05000000074505806),(0.060000000521540642,0.47499998845160007),(0.02500000037252903,0.47499998845160007)));
#2952=IFCINDEXEDPOLYCURVE(#2951,(IFCLINEINDEX((1,2,3,4,1))),$);
#2953=IFCTRIMMEDCURVE(#2954,(#2958),(#2959),.T.,.CARTESIAN.);
#2954=IFCELLIPSE(#2955,0.3899999875575304,0.42499998770654202);
#2955=IFCAXIS2PLACEMENT2D(#2956,#2957);
#2956=IFCCARTESIANPOINT((0.83999997563660145,0.05000000074505806));
#2957=IFCDIRECTION((1.,0.));
#2958=IFCCARTESIANPOINT((0.83999997563660145,0.47499998845160007));
#2959=IFCCARTESIANPOINT((0.44999998807907104,0.05000000074505806));
#2960=IFCINDEXEDPOLYCURVE(#2961,(IFCLINEINDEX((1,2,3,4,1))),$);
#2961=IFCCARTESIANPOINTLIST2D(((0.87499997578561306,0.05000000074505806),(0.83999997563660145,0.05000000074505806),(0.83999997563660145,0.47499998845160007),(0.87499997578561306,0.47499998845160007)));
#2962=IFCSHAPEREPRESENTATION(#24,'Body','Curve2D',(#2941,#2942,#2950,#2952,#2953,#2960));
#2963=IFCCARTESIANPOINTLIST2D(((0.,0.),(0.89999997615814209,0.),(0.89999997615814209,2.),(0.,2.)));
#2964=IFCINDEXEDPOLYCURVE(#2963,(IFCLINEINDEX((1,2,3,4,1))),$);
#2965=IFCARBITRARYCLOSEDPROFILEDEF(.AREA.,$,#2964);
#2966=IFCCARTESIANPOINT((0.,-0.60000002384185791,0.));
#2967=IFCDIRECTION((0.,-1.,0.));
#2968=IFCDIRECTION((1.,0.,0.));
#2969=IFCAXIS2PLACEMENT3D(#2966,#2967,#2968);
#2970=IFCDIRECTION((0.,0.,-1.));
#2971=IFCEXTRUDEDAREASOLID(#2965,#2969,#2970,1.2);
#2972=IFCSHAPEREPRESENTATION(#11,'Body','SweptSolid',(#2971));
#2993=IFCCARTESIANPOINT((3.6673700722056339,0.099999748407084699,0.));
#2994=IFCDIRECTION((0.,0.,1.));
#2995=IFCDIRECTION((-0.99999999999998856,1.5099580252808177E-07,0.));
#2996=IFCAXIS2PLACEMENT3D(#2993,#2994,#2995);
#2997=IFCLOCALPLACEMENT(#250,#2996);
#2998=IFCCARTESIANPOINT((0.,-4.4408920985006262E-16,0.));
#2999=IFCDIRECTION((0.,0.,1.));
#3000=IFCDIRECTION((1.,0.,0.));
#3001=IFCAXIS2PLACEMENT3D(#2998,#2999,#3000);
#3002=IFCLOCALPLACEMENT(#2997,#3001);
#3165=IFCDOORTYPE('1Pawq09AX4wer3MtGvy$4O',$,'Guest-GF',$,$,(#3166),(#3168,#3176,#3281),$,$,.DOOR.,.SINGLE_SWING_LEFT.,$,$);
#3166=IFCPROPERTYSET('0chcZldjj048VkpDbKkyPV',$,'BBIM_Door',$,(#3167));
#3167=IFCPROPERTYSINGLEVALUE('Data',$,IFCTEXT('{"door_type": "DOUBLE_SWING_RIGHT", "overall_height": 2.0, "overall_width": 0.8999999761581421, "lining_properties": {"lining_depth": 0.05000000074505806, "lining_thickness": 0.05000000074505806, "lining_offset": 0.0, "lining_to_panel_offset_x": 0.02500000037252903, "lining_to_panel_offset_y": 0.02500000037252903, "transom_thickness": 0.0, "casing_thickness": 0.07500000298023224, "casing_depth": 0.0010000000474974513, "threshold_thickness": 0.02500000037252903, "threshold_depth": 0.10000000149011612, "threshold_offset": 0.0}, "panel_properties": {"panel_depth": 0.03500000014901161, "panel_width_ratio": 1.0}}'),$);
#3168=IFCREPRESENTATIONMAP(#3169,#3702);
#3169=IFCAXIS2PLACEMENT3D(#3170,#3171,#3172);
#3170=IFCCARTESIANPOINT((0.,0.,0.));
#3171=IFCDIRECTION((0.,0.,1.));
#3172=IFCDIRECTION((1.,0.,0.));
#3176=IFCREPRESENTATIONMAP(#3177,#3766);
#3177=IFCAXIS2PLACEMENT3D(#3178,#3179,#3180);
#3178=IFCCARTESIANPOINT((0.,0.,0.));
#3179=IFCDIRECTION((0.,0.,1.));
#3180=IFCDIRECTION((1.,0.,0.));
#3281=IFCREPRESENTATIONMAP(#3282,#3782);
#3282=IFCAXIS2PLACEMENT3D(#3283,#3284,#3285);
#3283=IFCCARTESIANPOINT((0.,0.,0.));
#3284=IFCDIRECTION((0.,0.,1.));
#3285=IFCDIRECTION((1.,0.,0.));
#3470=IFCDOOR('26zxJiInr5wAVZ458IEH1F',$,'Door',$,$,#3808,#3479,$,2.,0.89999997615814209,$,.DOUBLE_SWING_RIGHT.,$);
#3471=IFCRELDEFINESBYTYPE('1W2YO37_f7URArPfBKc5gQ',$,$,$,(#3470),#3165);
#3472=IFCCARTESIANPOINT((0.,0.,0.));
#3473=IFCDIRECTION((1.,0.,0.));
#3474=IFCDIRECTION((0.,1.,0.));
#3475=IFCDIRECTION((0.,0.,1.));
#3476=IFCCARTESIANTRANSFORMATIONOPERATOR3D(#3473,#3474,#3472,1.,#3475);
#3477=IFCMAPPEDITEM(#3168,#3476);
#3478=IFCSHAPEREPRESENTATION(#18,'Profile','MappedRepresentation',(#3477));
#3479=IFCPRODUCTDEFINITIONSHAPE($,$,(#3478,#3486,#3493));
#3480=IFCCARTESIANPOINT((0.,0.,0.));
#3481=IFCDIRECTION((1.,0.,0.));
#3482=IFCDIRECTION((0.,1.,0.));
#3483=IFCDIRECTION((0.,0.,1.));
#3484=IFCCARTESIANTRANSFORMATIONOPERATOR3D(#3481,#3482,#3480,1.,#3483);
#3485=IFCMAPPEDITEM(#3176,#3484);
#3486=IFCSHAPEREPRESENTATION(#11,'Body','MappedRepresentation',(#3485));
#3487=IFCCARTESIANPOINT((0.,0.,0.));
#3488=IFCDIRECTION((1.,0.,0.));
#3489=IFCDIRECTION((0.,1.,0.));
#3490=IFCDIRECTION((0.,0.,1.));
#3491=IFCCARTESIANTRANSFORMATIONOPERATOR3D(#3488,#3489,#3487,1.,#3490);
#3492=IFCMAPPEDITEM(#3281,#3491);
#3493=IFCSHAPEREPRESENTATION(#24,'Body','MappedRepresentation',(#3492));
#3494=IFCOPENINGELEMENT('0KvXthZtPBMg8boLHPNbMx',$,'Opening',$,$,#3803,#3522,$,.OPENING.);
#3510=IFCCARTESIANPOINT((0.,0.,0.));
#3511=IFCDIRECTION((1.,0.,0.));
#3512=IFCDIRECTION((0.,0.,1.));
#3513=IFCAXIS2PLACEMENT3D(#3510,#3512,#3511);
#3514=IFCREPRESENTATIONMAP(#3513,#3793);
#3515=IFCCARTESIANPOINT((0.,0.,0.));
#3516=IFCDIRECTION((1.,0.,0.));
#3517=IFCDIRECTION((0.,1.,0.));
#3518=IFCDIRECTION((0.,0.,1.));
#3519=IFCCARTESIANTRANSFORMATIONOPERATOR3D(#3516,#3517,#3515,1.,#3518);
#3520=IFCMAPPEDITEM(#3514,#3519);
#3521=IFCSHAPEREPRESENTATION(#11,'Body','MappedRepresentation',(#3520));
#3522=IFCPRODUCTDEFINITIONSHAPE($,$,(#3521));
#3523=IFCRELVOIDSELEMENT('0y$NV1mKj099XuLM7SGYj3',$,$,$,#1725,#3494);
#3529=IFCRELFILLSELEMENT('0bsxiVN11EGuVIDlQ3yPyQ',$,$,$,#3494,#3470);
#3553=IFCCARTESIANPOINTLIST2D(((0.,0.),(0.,2.),(0.89999997615814209,2.),(0.89999997615814209,0.),(0.84999997541308403,0.),(0.84999997541308403,1.9499999992549419),(0.05000000074505806,1.9499999992549419),(0.05000000074505806,0.)));
#3554=IFCINDEXEDPOLYCURVE(#3553,(IFCLINEINDEX((1,2,3,4,5,6,7,8,1))),$);
#3555=IFCARBITRARYCLOSEDPROFILEDEF(.AREA.,$,#3554);
#3556=IFCCARTESIANPOINT((0.,0.,0.));
#3557=IFCDIRECTION((0.,-1.,0.));
#3558=IFCDIRECTION((1.,0.,0.));
#3559=IFCAXIS2PLACEMENT3D(#3556,#3557,#3558);
#3560=IFCDIRECTION((0.,0.,-1.));
#3561=IFCEXTRUDEDAREASOLID(#3555,#3559,#3560,0.05000000074505806);
#3562=IFCCARTESIANPOINTLIST2D(((0.,0.),(0.79999997466802597,0.),(0.79999997466802597,0.10000000149011612),(0.,0.10000000149011612)));
#3563=IFCINDEXEDPOLYCURVE(#3562,(IFCLINEINDEX((1,2,3,4,1))),$);
#3564=IFCARBITRARYCLOSEDPROFILEDEF(.AREA.,$,#3563);
#3565=IFCCARTESIANPOINT((0.05000000074505806,0.,0.));
#3566=IFCDIRECTION((0.,0.,1.));
#3567=IFCDIRECTION((1.,0.,0.));
#3568=IFCAXIS2PLACEMENT3D(#3565,#3566,#3567);
#3569=IFCDIRECTION((0.,0.,1.));
#3570=IFCEXTRUDEDAREASOLID(#3564,#3568,#3569,0.02500000037252903);
#3571=IFCCARTESIANPOINTLIST2D(((0.,0.),(0.,2.0250000022351742),(0.94999998062849045,2.0250000022351742),(0.94999998062849045,0.),(0.87499997764825821,0.),(0.87499997764825821,1.9499999992549419),(0.075000002980232239,1.9499999992549419),(0.075000002980232239,0.)));
#3572=IFCINDEXEDPOLYCURVE(#3571,(IFCLINEINDEX((1,2,3,4,5,6,7,8,1))),$);
#3573=IFCARBITRARYCLOSEDPROFILEDEF(.AREA.,$,#3572);
#3574=IFCCARTESIANPOINT((-0.025000002235174179,-0.0010000000474974513,0.));
#3575=IFCDIRECTION((0.,-1.,0.));
#3576=IFCDIRECTION((1.,0.,0.));
#3577=IFCAXIS2PLACEMENT3D(#3574,#3575,#3576);
#3578=IFCDIRECTION((0.,0.,-1.));
#3579=IFCEXTRUDEDAREASOLID(#3573,#3577,#3578,0.0010000000474974513);
#3580=IFCCARTESIANPOINTLIST2D(((0.,0.),(0.,2.0250000022351742),(0.94999998062849045,2.0250000022351742),(0.94999998062849045,0.),(0.87499997764825821,0.),(0.87499997764825821,1.9499999992549419),(0.075000002980232239,1.9499999992549419),(0.075000002980232239,0.)));
#3581=IFCINDEXEDPOLYCURVE(#3580,(IFCLINEINDEX((1,2,3,4,5,6,7,8,1))),$);
#3582=IFCARBITRARYCLOSEDPROFILEDEF(.AREA.,$,#3581);
#3583=IFCCARTESIANPOINT((-0.025000002235174179,0.05000000074505806,0.));
#3584=IFCDIRECTION((0.,-1.,0.));
#3585=IFCDIRECTION((1.,0.,0.));
#3586=IFCAXIS2PLACEMENT3D(#3583,#3584,#3585);
#3587=IFCDIRECTION((0.,0.,-1.));
#3588=IFCEXTRUDEDAREASOLID(#3582,#3586,#3587,0.0010000000474974513);
#3589=IFCCARTESIANPOINTLIST2D(((0.,0.),(0.79999997466802597,0.),(0.79999997466802597,0.035000000149011612),(0.,0.035000000149011612)));
#3590=IFCINDEXEDPOLYCURVE(#3589,(IFCLINEINDEX((1,2,3,4,1))),$);
#3591=IFCARBITRARYCLOSEDPROFILEDEF(.AREA.,$,#3590);
#3592=IFCCARTESIANPOINT((0.05000000074505806,-0.035000000149011612,0.02500000037252903));
#3593=IFCDIRECTION((0.,0.,1.));
#3594=IFCDIRECTION((1.,0.,0.));
#3595=IFCAXIS2PLACEMENT3D(#3592,#3593,#3594);
#3596=IFCDIRECTION((0.,0.,1.));
#3597=IFCEXTRUDEDAREASOLID(#3591,#3595,#3596,1.9249999988824129);
#3598=IFCCARTESIANPOINTLIST2D(((0.,0.),(0.,-0.040000000000000001),(0.12,-0.040000000000000001),(0.12,-0.02),(0.02,-0.02),(0.02,0.)));
#3599=IFCINDEXEDPOLYCURVE(#3598,(IFCLINEINDEX((1,2,3,4,5,6,1))),$);
#3600=IFCARBITRARYCLOSEDPROFILEDEF(.AREA.,$,#3599);
#3601=IFCCARTESIANPOINT((0.10000000074505806,-0.035000000149011612,1.015000000372529));
#3602=IFCDIRECTION((0.,0.,1.));
#3603=IFCDIRECTION((1.,0.,0.));
#3604=IFCAXIS2PLACEMENT3D(#3601,#3602,#3603);
#3605=IFCDIRECTION((0.,0.,1.));
#3606=IFCEXTRUDEDAREASOLID(#3600,#3604,#3605,0.02);
#3607=IFCEXTRUDEDAREASOLID(#3608,#3611,#3615,0.02);
#3608=IFCARBITRARYCLOSEDPROFILEDEF(.AREA.,$,#3609);
#3609=IFCINDEXEDPOLYCURVE(#3610,(IFCLINEINDEX((1,2,3,4,5,6,1))),$);
#3610=IFCCARTESIANPOINTLIST2D(((0.,0.),(0.,0.040000000000000008),(0.11999999999999998,0.040000000000000008),(0.11999999999999998,0.020000000000000004),(0.020000000000000004,0.020000000000000004),(0.020000000000000004,0.)));
#3611=IFCAXIS2PLACEMENT3D(#3612,#3613,#3614);
#3612=IFCCARTESIANPOINT((0.10000000074505806,0.,1.015000000372529));
#3613=IFCDIRECTION((0.,0.,1.));
#3614=IFCDIRECTION((1.,0.,0.));
#3615=IFCDIRECTION((0.,0.,1.));
#3617=IFCSHAPEREPRESENTATION(#11,'Body','SweptSolid',(#3720,#3579,#3738,#3570,#3711,#3588,#3561,#3729));
#3618=IFCSHAPEASPECT((#3617),'Lining',$,.T.,#3479);
#3619=IFCSHAPEREPRESENTATION(#11,'Body','SweptSolid',(#3757,#3747,#3606,#3607,#3597,#3756));
#3620=IFCSHAPEASPECT((#3619),'Framing',$,.T.,#3479);
#3700=IFCCARTESIANPOINTLIST3D(((0.,0.,0.),(0.89999997615814209,0.,0.),(0.89999997615814209,0.,2.),(0.,0.,2.)));
#3701=IFCINDEXEDPOLYCURVE(#3700,(IFCLINEINDEX((1,2,3,4,1))),$);
#3702=IFCSHAPEREPRESENTATION(#18,'Profile','Curve3D',(#3701));
#3703=IFCCARTESIANPOINTLIST2D(((0.,0.),(0.,2.),(0.89999997615814209,2.),(0.89999997615814209,0.),(0.87499997578561306,0.),(0.87499997578561306,1.974999999627471),(0.02500000037252903,1.974999999627471),(0.02500000037252903,0.)));
#3704=IFCINDEXEDPOLYCURVE(#3703,(IFCLINEINDEX((1,2,3,4,5,6,7,8,1))),$);
#3705=IFCARBITRARYCLOSEDPROFILEDEF(.AREA.,$,#3704);
#3706=IFCCARTESIANPOINT((0.,0.,0.));
#3707=IFCDIRECTION((0.,-1.,0.));
#3708=IFCDIRECTION((1.,0.,0.));
#3709=IFCAXIS2PLACEMENT3D(#3706,#3707,#3708);
#3710=IFCDIRECTION((0.,0.,-1.));
#3711=IFCEXTRUDEDAREASOLID(#3705,#3709,#3710,0.05000000074505806);
#3712=IFCCARTESIANPOINTLIST2D(((0.,0.),(0.84999997541308403,0.),(0.84999997541308403,0.10000000149011612),(0.,0.10000000149011612)));
#3713=IFCINDEXEDPOLYCURVE(#3712,(IFCLINEINDEX((1,2,3,4,1))),$);
#3714=IFCARBITRARYCLOSEDPROFILEDEF(.AREA.,$,#3713);
#3715=IFCCARTESIANPOINT((0.02500000037252903,0.,0.));
#3716=IFCDIRECTION((0.,0.,1.));
#3717=IFCDIRECTION((1.,0.,0.));
#3718=IFCAXIS2PLACEMENT3D(#3715,#3716,#3717);
#3719=IFCDIRECTION((0.,0.,1.));
#3720=IFCEXTRUDEDAREASOLID(#3714,#3718,#3719,0.02500000037252903);
#3721=IFCCARTESIANPOINTLIST2D(((0.,0.),(0.,2.0250000022351742),(0.94999998062849045,2.0250000022351742),(0.94999998062849045,0.),(0.89999997802078724,0.),(0.89999997802078724,1.974999999627471),(0.050000002607703209,1.974999999627471),(0.050000002607703209,0.)));
#3722=IFCINDEXEDPOLYCURVE(#3721,(IFCLINEINDEX((1,2,3,4,5,6,7,8,1))),$);
#3723=IFCARBITRARYCLOSEDPROFILEDEF(.AREA.,$,#3722);
#3724=IFCCARTESIANPOINT((-0.025000002235174179,-0.0010000000474974513,0.));
#3725=IFCDIRECTION((0.,-1.,0.));
#3726=IFCDIRECTION((1.,0.,0.));
#3727=IFCAXIS2PLACEMENT3D(#3724,#3725,#3726);
#3728=IFCDIRECTION((0.,0.,-1.));
#3729=IFCEXTRUDEDAREASOLID(#3723,#3727,#3728,0.0010000000474974513);
#3730=IFCCARTESIANPOINTLIST2D(((0.,0.),(0.,2.0250000022351742),(0.94999998062849045,2.0250000022351742),(0.94999998062849045,0.),(0.89999997802078724,0.),(0.89999997802078724,1.974999999627471),(0.050000002607703209,1.974999999627471),(0.050000002607703209,0.)));
#3731=IFCINDEXEDPOLYCURVE(#3730,(IFCLINEINDEX((1,2,3,4,5,6,7,8,1))),$);
#3732=IFCARBITRARYCLOSEDPROFILEDEF(.AREA.,$,#3731);
#3733=IFCCARTESIANPOINT((-0.025000002235174179,0.05000000074505806,0.));
#3734=IFCDIRECTION((0.,-1.,0.));
#3735=IFCDIRECTION((1.,0.,0.));
#3736=IFCAXIS2PLACEMENT3D(#3733,#3734,#3735);
#3737=IFCDIRECTION((0.,0.,-1.));
#3738=IFCEXTRUDEDAREASOLID(#3732,#3736,#3737,0.0010000000474974513);
#3739=IFCCARTESIANPOINTLIST2D(((0.,0.),(0.84999997541308403,0.),(0.84999997541308403,0.035000000149011612),(0.,0.035000000149011612)));
#3740=IFCINDEXEDPOLYCURVE(#3739,(IFCLINEINDEX((1,2,3,4,1))),$);
#3741=IFCARBITRARYCLOSEDPROFILEDEF(.AREA.,$,#3740);
#3742=IFCCARTESIANPOINT((0.02500000037252903,0.02500000037252903,0.02500000037252903));
#3743=IFCDIRECTION((0.,0.,1.));
#3744=IFCDIRECTION((1.,0.,0.));
#3745=IFCAXIS2PLACEMENT3D(#3742,#3743,#3744);
#3746=IFCDIRECTION((0.,0.,1.));
#3747=IFCEXTRUDEDAREASOLID(#3741,#3745,#3746,1.9499999992549419);
#3748=IFCCARTESIANPOINTLIST2D(((0.,0.),(0.,-0.040000000000000001),(0.12,-0.040000000000000001),(0.12,-0.02),(0.02,-0.02),(0.02,0.)));
#3749=IFCINDEXEDPOLYCURVE(#3748,(IFCLINEINDEX((1,2,3,4,5,6,1))),$);
#3750=IFCARBITRARYCLOSEDPROFILEDEF(.AREA.,$,#3749);
#3751=IFCCARTESIANPOINT((0.075000000372529033,0.02500000037252903,1.015000000372529));
#3752=IFCDIRECTION((0.,0.,1.));
#3753=IFCDIRECTION((1.,0.,0.));
#3754=IFCAXIS2PLACEMENT3D(#3751,#3752,#3753);
#3755=IFCDIRECTION((0.,0.,1.));
#3756=IFCEXTRUDEDAREASOLID(#3750,#3754,#3755,0.02);
#3757=IFCEXTRUDEDAREASOLID(#3758,#3761,#3765,0.02);
#3758=IFCARBITRARYCLOSEDPROFILEDEF(.AREA.,$,#3759);
#3759=IFCINDEXEDPOLYCURVE(#3760,(IFCLINEINDEX((1,2,3,4,5,6,1))),$);
#3760=IFCCARTESIANPOINTLIST2D(((0.,0.),(0.,0.040000000000000008),(0.11999999999999998,0.040000000000000008),(0.11999999999999998,0.020000000000000004),(0.020000000000000004,0.020000000000000004),(0.020000000000000004,0.)));
#3761=IFCAXIS2PLACEMENT3D(#3762,#3763,#3764);
#3762=IFCCARTESIANPOINT((0.075000000372529033,0.060000000521540642,1.015000000372529));
#3763=IFCDIRECTION((0.,0.,1.));
#3764=IFCDIRECTION((1.,0.,0.));
#3765=IFCDIRECTION((0.,0.,1.));
#3766=IFCSHAPEREPRESENTATION(#11,'Body','SweptSolid',(#3711,#3747,#3756,#3757,#3720,#3729,#3738));
#3767=IFCCARTESIANPOINTLIST2D(((0.,0.),(0.02500000037252903,0.),(0.02500000037252903,0.05000000074505806),(0.,0.05000000074505806)));
#3768=IFCINDEXEDPOLYCURVE(#3767,(IFCLINEINDEX((1,2,3,4,1))),$);
#3769=IFCINDEXEDPOLYCURVE(#3770,(IFCLINEINDEX((1,2,3,4,1))),$);
#3770=IFCCARTESIANPOINTLIST2D(((0.89999997615814209,0.),(0.87499997578561306,0.),(0.87499997578561306,0.05000000074505806),(0.89999997615814209,0.05000000074505806)));
#3771=IFCCARTESIANPOINTLIST2D(((0.87499997578561306,0.05000000074505806),(0.87499997578561306,-0.79999997466802597),(0.83999997563660145,-0.79999997466802597)));
#3772=IFCINDEXEDPOLYCURVE(#3771,$,$);
#3773=IFCDIRECTION((1.,0.));
#3774=IFCCARTESIANPOINT((0.83999997563660145,0.05000000074505806));
#3775=IFCAXIS2PLACEMENT2D(#3774,#3773);
#3776=IFCELLIPSE(#3775,0.81499997526407242,0.84999997541308403);
#3777=IFCCARTESIANPOINT((0.83999997563660145,0.89999997615814209));
#3778=IFCCARTESIANPOINT((0.83999997563660145,-0.79999997466802597));
#3779=IFCTRIMMEDCURVE(#3776,(#3777),(#3778),.T.,.CARTESIAN.);
#3780=IFCCARTESIANPOINTLIST2D(((0.87499997578561306,0.05000000074505806),(0.83999997563660145,0.05000000074505806),(0.83999997563660145,0.89999997615814209),(0.87499997578561306,0.89999997615814209)));
#3781=IFCINDEXEDPOLYCURVE(#3780,(IFCLINEINDEX((1,2,3,4,1))),$);
#3782=IFCSHAPEREPRESENTATION(#24,'Body','Curve2D',(#3768,#3769,#3772,#3779,#3781));
#3784=IFCCARTESIANPOINTLIST2D(((0.,0.),(0.89999997615814209,0.),(0.89999997615814209,2.),(0.,2.)));
#3785=IFCINDEXEDPOLYCURVE(#3784,(IFCLINEINDEX((1,2,3,4,1))),$);
#3786=IFCARBITRARYCLOSEDPROFILEDEF(.AREA.,$,#3785);
#3787=IFCCARTESIANPOINT((0.,-0.60000002384185791,0.));
#3788=IFCDIRECTION((0.,-1.,0.));
#3789=IFCDIRECTION((1.,0.,0.));
#3790=IFCAXIS2PLACEMENT3D(#3787,#3788,#3789);
#3791=IFCDIRECTION((0.,0.,-1.));
#3792=IFCEXTRUDEDAREASOLID(#3786,#3790,#3791,1.2);
#3793=IFCSHAPEREPRESENTATION(#11,'Body','SweptSolid',(#3792));
#3799=IFCCARTESIANPOINT((1.6405110359191712,3.014878722229497E-07,0.));
#3800=IFCDIRECTION((0.,0.,1.));
#3801=IFCDIRECTION((0.99999999999997147,-2.384185719961227E-07,0.));
#3802=IFCAXIS2PLACEMENT3D(#3799,#3800,#3801);
#3803=IFCLOCALPLACEMENT(#1899,#3802);
#3804=IFCCARTESIANPOINT((0.,-5.5511151231257827E-17,0.));
#3805=IFCDIRECTION((0.,0.,1.));
#3806=IFCDIRECTION((1.,5.2939559203393771E-23,0.));
#3807=IFCAXIS2PLACEMENT3D(#3804,#3805,#3806);
#3808=IFCLOCALPLACEMENT(#3803,#3807);
#3809=IFCRELCONNECTSPATHELEMENTS('36G81vst55KBug56I2eJoE',$,$,$,$,#1332,#1158,(),(),.ATPATH.,.ATSTART.);
#3810=IFCCARTESIANPOINTLIST2D(((0.10000000000000189,0.),(0.099999980529283522,0.10000000000000001),(2.3572328747126572,0.10000000000000001),(2.357232885441098,0.)));
#3811=IFCINDEXEDPOLYCURVE(#3810,(IFCLINEINDEX((1,2,3,4,1))),$);
#3812=IFCARBITRARYCLOSEDPROFILEDEF(.AREA.,$,#3811);
#3813=IFCCARTESIANPOINT((0.,0.,0.));
#3814=IFCDIRECTION((0.,0.,1.));
#3815=IFCDIRECTION((1.,0.,0.));
#3816=IFCAXIS2PLACEMENT3D(#3813,#3814,#3815);
#3817=IFCDIRECTION((0.,0.,1.));
#3818=IFCEXTRUDEDAREASOLID(#3812,#3816,#3817,3.);
#3819=IFCSHAPEREPRESENTATION(#11,'Body','SweptSolid',(#3818));
#3820=IFCCARTESIANPOINTLIST2D(((0.,0.),(2.4572328854410985,0.)));
#3821=IFCINDEXEDPOLYCURVE(#3820,$,$);
#3822=IFCSHAPEREPRESENTATION(#23,'Axis','Curve2D',(#3821));
#3823=IFCCARTESIANPOINTLIST2D(((0.1000000000000003,0.),(0.099999992450210171,0.10000000000000001),(3.1145460213335405,0.10000000000000001),(3.0145460137837503,0.)));
#3824=IFCINDEXEDPOLYCURVE(#3823,(IFCLINEINDEX((1,2,3,4,1))),$);
#3825=IFCARBITRARYCLOSEDPROFILEDEF(.AREA.,$,#3824);
#3826=IFCCARTESIANPOINT((0.,0.,0.));
#3827=IFCDIRECTION((0.,0.,1.));
#3828=IFCDIRECTION((1.,0.,0.));
#3829=IFCAXIS2PLACEMENT3D(#3826,#3827,#3828);
#3830=IFCDIRECTION((0.,0.,1.));
#3831=IFCEXTRUDEDAREASOLID(#3825,#3829,#3830,3.);
#3832=IFCSHAPEREPRESENTATION(#11,'Body','SweptSolid',(#3831));
#3833=IFCCARTESIANPOINTLIST2D(((0.,0.),(3.1145460137837504,0.)));
#3834=IFCINDEXEDPOLYCURVE(#3833,$,$);
#3835=IFCSHAPEREPRESENTATION(#23,'Axis','Curve2D',(#3834));
#3836=IFCDOORTYPE('12NkGvPAz9UAvp37NXnCyf',$,'CR-GF',$,$,(#3837),(#3839,#3847,#3952),$,$,.DOOR.,.SINGLE_SWING_LEFT.,$,$);
#3837=IFCPROPERTYSET('3nXv_fYuD1dxahCxrxnCoS',$,'BBIM_Door',$,(#3838));
#3838=IFCPROPERTYSINGLEVALUE('Data',$,IFCTEXT('{"door_type": "SINGLE_SWING_LEFT", "overall_height": 2.0, "overall_width": 0.7349857091903687, "lining_properties": {"lining_depth": 0.05000000074505806, "lining_thickness": 0.05000000074505806, "lining_offset": 0.0, "lining_to_panel_offset_x": 0.02500000037252903, "lining_to_panel_offset_y": 0.02500000037252903, "transom_thickness": 0.0, "casing_thickness": 0.07500000298023224, "casing_depth": 0.0010000000474974513, "threshold_thickness": 0.02500000037252903, "threshold_depth": 0.10000000149011612, "threshold_offset": 0.0}, "panel_properties": {"panel_depth": 0.03500000014901161, "panel_width_ratio": 1.0}}'),$);
#3839=IFCREPRESENTATIONMAP(#3840,#4201);
#3840=IFCAXIS2PLACEMENT3D(#3841,#3842,#3843);
#3841=IFCCARTESIANPOINT((0.,0.,0.));
#3842=IFCDIRECTION((0.,0.,1.));
#3843=IFCDIRECTION((1.,0.,0.));
#3847=IFCREPRESENTATIONMAP(#3848,#4274);
#3848=IFCAXIS2PLACEMENT3D(#3849,#3850,#3851);
#3849=IFCCARTESIANPOINT((0.,0.,0.));
#3850=IFCDIRECTION((0.,0.,1.));
#3851=IFCDIRECTION((1.,0.,0.));
#3952=IFCREPRESENTATIONMAP(#3953,#4288);
#3953=IFCAXIS2PLACEMENT3D(#3954,#3955,#3956);
#3954=IFCCARTESIANPOINT((0.,0.,0.));
#3955=IFCDIRECTION((0.,0.,1.));
#3956=IFCDIRECTION((1.,0.,0.));
#3980=IFCDOOR('2Lm12KqEz7kBkNd55XR4SB',$,'Door',$,$,#4313,#3989,$,2.,0.73498570919036865,$,.SINGLE_SWING_LEFT.,$);
#3981=IFCRELDEFINESBYTYPE('1cBNRrTg1Bn8dt5uBVDMv9',$,$,$,(#3980),#3836);
#3982=IFCCARTESIANPOINT((0.,0.,0.));
#3983=IFCDIRECTION((1.,0.,0.));
#3984=IFCDIRECTION((0.,1.,0.));
#3985=IFCDIRECTION((0.,0.,1.));
#3986=IFCCARTESIANTRANSFORMATIONOPERATOR3D(#3983,#3984,#3982,1.,#3985);
#3987=IFCMAPPEDITEM(#3839,#3986);
#3988=IFCSHAPEREPRESENTATION(#18,'Profile','MappedRepresentation',(#3987));
#3989=IFCPRODUCTDEFINITIONSHAPE($,$,(#3988,#3996,#4003));
#3990=IFCCARTESIANPOINT((0.,0.,0.));
#3991=IFCDIRECTION((1.,0.,0.));
#3992=IFCDIRECTION((0.,1.,0.));
#3993=IFCDIRECTION((0.,0.,1.));
#3994=IFCCARTESIANTRANSFORMATIONOPERATOR3D(#3991,#3992,#3990,1.,#3993);
#3995=IFCMAPPEDITEM(#3847,#3994);
#3996=IFCSHAPEREPRESENTATION(#11,'Body','MappedRepresentation',(#3995));
#3997=IFCCARTESIANPOINT((0.,0.,0.));
#3998=IFCDIRECTION((1.,0.,0.));
#3999=IFCDIRECTION((0.,1.,0.));
#4000=IFCDIRECTION((0.,0.,1.));
#4001=IFCCARTESIANTRANSFORMATIONOPERATOR3D(#3998,#3999,#3997,1.,#4000);
#4002=IFCMAPPEDITEM(#3952,#4001);
#4003=IFCSHAPEREPRESENTATION(#24,'Body','MappedRepresentation',(#4002));
#4004=IFCOPENINGELEMENT('2dk1V6M4j7Be5X$Pkpo05O',$,'Opening',$,$,#4308,#4032,$,.OPENING.);
#4020=IFCCARTESIANPOINT((0.,0.,0.));
#4021=IFCDIRECTION((1.,0.,0.));
#4022=IFCDIRECTION((0.,0.,1.));
#4023=IFCAXIS2PLACEMENT3D(#4020,#4022,#4021);
#4024=IFCREPRESENTATIONMAP(#4023,#4298);
#4025=IFCCARTESIANPOINT((0.,0.,0.));
#4026=IFCDIRECTION((1.,0.,0.));
#4027=IFCDIRECTION((0.,1.,0.));
#4028=IFCDIRECTION((0.,0.,1.));
#4029=IFCCARTESIANTRANSFORMATIONOPERATOR3D(#4026,#4027,#4025,1.,#4028);
#4030=IFCMAPPEDITEM(#4024,#4029);
#4031=IFCSHAPEREPRESENTATION(#11,'Body','MappedRepresentation',(#4030));
#4032=IFCPRODUCTDEFINITIONSHAPE($,$,(#4031));
#4033=IFCRELVOIDSELEMENT('2of7qmBrT6nA7Zd6zoNkTQ',$,$,$,#1332,#4004);
#4039=IFCRELFILLSELEMENT('30Cxo6TXD3iAxnUvZCYx13',$,$,$,#4004,#3980);
#4063=IFCCARTESIANPOINTLIST2D(((0.,0.),(0.,2.),(0.73498570919036865,2.),(0.73498570919036865,0.),(0.70998570881783962,0.),(0.70998570881783962,1.974999999627471),(0.02500000037252903,1.974999999627471),(0.02500000037252903,0.)));
#4064=IFCINDEXEDPOLYCURVE(#4063,(IFCLINEINDEX((1,2,3,4,5,6,7,8,1))),$);
#4065=IFCARBITRARYCLOSEDPROFILEDEF(.AREA.,$,#4064);
#4066=IFCCARTESIANPOINT((0.,0.02500000037252903,0.));
#4067=IFCDIRECTION((0.,-1.,0.));
#4068=IFCDIRECTION((1.,0.,0.));
#4069=IFCAXIS2PLACEMENT3D(#4066,#4067,#4068);
#4070=IFCDIRECTION((0.,0.,-1.));
#4071=IFCEXTRUDEDAREASOLID(#4065,#4069,#4070,0.02500000037252903);
#4072=IFCCARTESIANPOINTLIST2D(((0.,0.),(0.,2.),(0.73498570919036865,2.),(0.73498570919036865,0.),(0.68498570844531059,0.),(0.68498570844531059,1.9499999992549419),(0.05000000074505806,1.9499999992549419),(0.05000000074505806,0.)));
#4073=IFCINDEXEDPOLYCURVE(#4072,(IFCLINEINDEX((1,2,3,4,5,6,7,8,1))),$);
#4074=IFCARBITRARYCLOSEDPROFILEDEF(.AREA.,$,#4073);
#4075=IFCCARTESIANPOINT((0.,0.,0.));
#4076=IFCDIRECTION((0.,-1.,0.));
#4077=IFCDIRECTION((1.,0.,0.));
#4078=IFCAXIS2PLACEMENT3D(#4075,#4076,#4077);
#4079=IFCDIRECTION((0.,0.,-1.));
#4080=IFCEXTRUDEDAREASOLID(#4074,#4078,#4079,0.02500000037252903);
#4081=IFCCARTESIANPOINTLIST2D(((0.,0.),(0.63498570770025253,0.),(0.63498570770025253,0.10000000149011612),(0.,0.10000000149011612)));
#4082=IFCINDEXEDPOLYCURVE(#4081,(IFCLINEINDEX((1,2,3,4,1))),$);
#4083=IFCARBITRARYCLOSEDPROFILEDEF(.AREA.,$,#4082);
#4084=IFCCARTESIANPOINT((0.05000000074505806,0.,0.));
#4085=IFCDIRECTION((0.,0.,1.));
#4086=IFCDIRECTION((1.,0.,0.));
#4087=IFCAXIS2PLACEMENT3D(#4084,#4085,#4086);
#4088=IFCDIRECTION((0.,0.,1.));
#4089=IFCEXTRUDEDAREASOLID(#4083,#4087,#4088,0.02500000037252903);
#4090=IFCCARTESIANPOINTLIST2D(((0.,0.),(0.,2.0250000022351742),(0.78498571366071701,2.0250000022351742),(0.78498571366071701,0.),(0.70998571068048477,0.),(0.70998571068048477,1.9499999992549419),(0.075000002980232239,1.9499999992549419),(0.075000002980232239,0.)));
#4091=IFCINDEXEDPOLYCURVE(#4090,(IFCLINEINDEX((1,2,3,4,5,6,7,8,1))),$);
#4092=IFCARBITRARYCLOSEDPROFILEDEF(.AREA.,$,#4091);
#4093=IFCCARTESIANPOINT((-0.025000002235174179,-0.0010000000474974513,0.));
#4094=IFCDIRECTION((0.,-1.,0.));
#4095=IFCDIRECTION((1.,0.,0.));
#4096=IFCAXIS2PLACEMENT3D(#4093,#4094,#4095);
#4097=IFCDIRECTION((0.,0.,-1.));
#4098=IFCEXTRUDEDAREASOLID(#4092,#4096,#4097,0.0010000000474974513);
#4099=IFCCARTESIANPOINTLIST2D(((0.,0.),(0.,2.0250000022351742),(0.78498571366071701,2.0250000022351742),(0.78498571366071701,0.),(0.7349857110530138,0.),(0.7349857110530138,1.974999999627471),(0.050000002607703209,1.974999999627471),(0.050000002607703209,0.)));
#4100=IFCINDEXEDPOLYCURVE(#4099,(IFCLINEINDEX((1,2,3,4,5,6,7,8,1))),$);
#4101=IFCARBITRARYCLOSEDPROFILEDEF(.AREA.,$,#4100);
#4102=IFCCARTESIANPOINT((-0.025000002235174179,0.05000000074505806,0.));
#4103=IFCDIRECTION((0.,-1.,0.));
#4104=IFCDIRECTION((1.,0.,0.));
#4105=IFCAXIS2PLACEMENT3D(#4102,#4103,#4104);
#4106=IFCDIRECTION((0.,0.,-1.));
#4107=IFCEXTRUDEDAREASOLID(#4101,#4105,#4106,0.0010000000474974513);
#4108=IFCCARTESIANPOINTLIST2D(((0.,0.),(0.68498570844531059,0.),(0.68498570844531059,0.035000000149011612),(0.,0.035000000149011612)));
#4109=IFCINDEXEDPOLYCURVE(#4108,(IFCLINEINDEX((1,2,3,4,1))),$);
#4110=IFCARBITRARYCLOSEDPROFILEDEF(.AREA.,$,#4109);
#4111=IFCCARTESIANPOINT((0.02500000037252903,0.02500000037252903,0.02500000037252903));
#4112=IFCDIRECTION((0.,0.,1.));
#4113=IFCDIRECTION((1.,0.,0.));
#4114=IFCAXIS2PLACEMENT3D(#4111,#4112,#4113);
#4115=IFCDIRECTION((0.,0.,1.));
#4116=IFCEXTRUDEDAREASOLID(#4110,#4114,#4115,1.9499999992549419);
#4117=IFCCARTESIANPOINTLIST2D(((0.,0.),(0.,-0.040000000000000001),(-0.11999999999999988,-0.040000000000000001),(-0.11999999999999988,-0.02),(-0.020000000000000018,-0.02),(-0.020000000000000018,0.)));
#4118=IFCINDEXEDPOLYCURVE(#4117,(IFCLINEINDEX((1,2,3,4,5,6,1))),$);
#4119=IFCARBITRARYCLOSEDPROFILEDEF(.AREA.,$,#4118);
#4120=IFCCARTESIANPOINT((0.65998570881783958,0.02500000037252903,1.015000000372529));
#4121=IFCDIRECTION((0.,0.,1.));
#4122=IFCDIRECTION((1.,0.,0.));
#4123=IFCAXIS2PLACEMENT3D(#4120,#4121,#4122);
#4124=IFCDIRECTION((0.,0.,1.));
#4125=IFCEXTRUDEDAREASOLID(#4119,#4123,#4124,0.02);
#4126=IFCEXTRUDEDAREASOLID(#4127,#4130,#4134,0.02);
#4127=IFCARBITRARYCLOSEDPROFILEDEF(.AREA.,$,#4128);
#4128=IFCINDEXEDPOLYCURVE(#4129,(IFCLINEINDEX((1,2,3,4,5,6,1))),$);
#4129=IFCCARTESIANPOINTLIST2D(((0.,0.),(0.,0.040000000000000008),(-0.11999999999999988,0.040000000000000008),(-0.11999999999999988,0.020000000000000004),(-0.020000000000000018,0.020000000000000004),(-0.020000000000000018,0.)));
#4130=IFCAXIS2PLACEMENT3D(#4131,#4132,#4133);
#4131=IFCCARTESIANPOINT((0.65998570881783958,0.060000000521540642,1.015000000372529));
#4132=IFCDIRECTION((0.,0.,1.));
#4133=IFCDIRECTION((1.,0.,0.));
#4134=IFCDIRECTION((0.,0.,1.));
#4136=IFCSHAPEREPRESENTATION(#11,'Body','SweptSolid',(#4080,#4071,#4246,#4237,#4107,#4210,#4219,#4228,#4098,#4089));
#4137=IFCSHAPEASPECT((#4136),'Lining',$,.T.,#3989);
#4138=IFCSHAPEREPRESENTATION(#11,'Body','SweptSolid',(#4255,#4125,#4264,#4126,#4265,#4116));
#4139=IFCSHAPEASPECT((#4138),'Framing',$,.T.,#3989);
#4179=IFCCARTESIANPOINT((0.77352631092071533,3.5600004196166992,0.));
#4180=IFCDIRECTION((0.,0.,1.));
#4181=IFCDIRECTION((-0.99999999999998868,-1.5099580252808492E-07,0.));
#4182=IFCAXIS2PLACEMENT3D(#4179,#4180,#4181);
#4183=IFCLOCALPLACEMENT(#79,#4182);
#4199=IFCCARTESIANPOINTLIST3D(((0.,0.,0.),(0.73498570919036865,0.,0.),(0.73498570919036865,0.,2.),(0.,0.,2.)));
#4200=IFCINDEXEDPOLYCURVE(#4199,(IFCLINEINDEX((1,2,3,4,1))),$);
#4201=IFCSHAPEREPRESENTATION(#18,'Profile','Curve3D',(#4200));
#4202=IFCCARTESIANPOINTLIST2D(((0.,0.),(0.,2.),(0.73498570919036865,2.),(0.73498570919036865,0.),(0.70998570881783962,0.),(0.70998570881783962,1.974999999627471),(0.02500000037252903,1.974999999627471),(0.02500000037252903,0.)));
#4203=IFCINDEXEDPOLYCURVE(#4202,(IFCLINEINDEX((1,2,3,4,5,6,7,8,1))),$);
#4204=IFCARBITRARYCLOSEDPROFILEDEF(.AREA.,$,#4203);
#4205=IFCCARTESIANPOINT((0.,0.02500000037252903,0.));
#4206=IFCDIRECTION((0.,-1.,0.));
#4207=IFCDIRECTION((1.,0.,0.));
#4208=IFCAXIS2PLACEMENT3D(#4205,#4206,#4207);
#4209=IFCDIRECTION((0.,0.,-1.));
#4210=IFCEXTRUDEDAREASOLID(#4204,#4208,#4209,0.02500000037252903);
#4211=IFCCARTESIANPOINTLIST2D(((0.,0.),(0.,2.),(0.73498570919036865,2.),(0.73498570919036865,0.),(0.68498570844531059,0.),(0.68498570844531059,1.9499999992549419),(0.05000000074505806,1.9499999992549419),(0.05000000074505806,0.)));
#4212=IFCINDEXEDPOLYCURVE(#4211,(IFCLINEINDEX((1,2,3,4,5,6,7,8,1))),$);
#4213=IFCARBITRARYCLOSEDPROFILEDEF(.AREA.,$,#4212);
#4214=IFCCARTESIANPOINT((0.,0.,0.));
#4215=IFCDIRECTION((0.,-1.,0.));
#4216=IFCDIRECTION((1.,0.,0.));
#4217=IFCAXIS2PLACEMENT3D(#4214,#4215,#4216);
#4218=IFCDIRECTION((0.,0.,-1.));
#4219=IFCEXTRUDEDAREASOLID(#4213,#4217,#4218,0.02500000037252903);
#4220=IFCCARTESIANPOINTLIST2D(((0.,0.),(0.63498570770025253,0.),(0.63498570770025253,0.10000000149011612),(0.,0.10000000149011612)));
#4221=IFCINDEXEDPOLYCURVE(#4220,(IFCLINEINDEX((1,2,3,4,1))),$);
#4222=IFCARBITRARYCLOSEDPROFILEDEF(.AREA.,$,#4221);
#4223=IFCCARTESIANPOINT((0.05000000074505806,0.,0.));
#4224=IFCDIRECTION((0.,0.,1.));
#4225=IFCDIRECTION((1.,0.,0.));
#4226=IFCAXIS2PLACEMENT3D(#4223,#4224,#4225);
#4227=IFCDIRECTION((0.,0.,1.));
#4228=IFCEXTRUDEDAREASOLID(#4222,#4226,#4227,0.02500000037252903);
#4229=IFCCARTESIANPOINTLIST2D(((0.,0.),(0.,2.0250000022351742),(0.78498571366071701,2.0250000022351742),(0.78498571366071701,0.),(0.70998571068048477,0.),(0.70998571068048477,1.9499999992549419),(0.075000002980232239,1.9499999992549419),(0.075000002980232239,0.)));
#4230=IFCINDEXEDPOLYCURVE(#4229,(IFCLINEINDEX((1,2,3,4,5,6,7,8,1))),$);
#4231=IFCARBITRARYCLOSEDPROFILEDEF(.AREA.,$,#4230);
#4232=IFCCARTESIANPOINT((-0.025000002235174179,-0.0010000000474974513,0.));
#4233=IFCDIRECTION((0.,-1.,0.));
#4234=IFCDIRECTION((1.,0.,0.));
#4235=IFCAXIS2PLACEMENT3D(#4232,#4233,#4234);
#4236=IFCDIRECTION((0.,0.,-1.));
#4237=IFCEXTRUDEDAREASOLID(#4231,#4235,#4236,0.0010000000474974513);
#4238=IFCCARTESIANPOINTLIST2D(((0.,0.),(0.,2.0250000022351742),(0.78498571366071701,2.0250000022351742),(0.78498571366071701,0.),(0.7349857110530138,0.),(0.7349857110530138,1.974999999627471),(0.050000002607703209,1.974999999627471),(0.050000002607703209,0.)));
#4239=IFCINDEXEDPOLYCURVE(#4238,(IFCLINEINDEX((1,2,3,4,5,6,7,8,1))),$);
#4240=IFCARBITRARYCLOSEDPROFILEDEF(.AREA.,$,#4239);
#4241=IFCCARTESIANPOINT((-0.025000002235174179,0.05000000074505806,0.));
#4242=IFCDIRECTION((0.,-1.,0.));
#4243=IFCDIRECTION((1.,0.,0.));
#4244=IFCAXIS2PLACEMENT3D(#4241,#4242,#4243);
#4245=IFCDIRECTION((0.,0.,-1.));
#4246=IFCEXTRUDEDAREASOLID(#4240,#4244,#4245,0.0010000000474974513);
#4247=IFCCARTESIANPOINTLIST2D(((0.,0.),(0.68498570844531059,0.),(0.68498570844531059,0.035000000149011612),(0.,0.035000000149011612)));
#4248=IFCINDEXEDPOLYCURVE(#4247,(IFCLINEINDEX((1,2,3,4,1))),$);
#4249=IFCARBITRARYCLOSEDPROFILEDEF(.AREA.,$,#4248);
#4250=IFCCARTESIANPOINT((0.02500000037252903,0.02500000037252903,0.02500000037252903));
#4251=IFCDIRECTION((0.,0.,1.));
#4252=IFCDIRECTION((1.,0.,0.));
#4253=IFCAXIS2PLACEMENT3D(#4250,#4251,#4252);
#4254=IFCDIRECTION((0.,0.,1.));
#4255=IFCEXTRUDEDAREASOLID(#4249,#4253,#4254,1.9499999992549419);
#4256=IFCCARTESIANPOINTLIST2D(((0.,0.),(0.,-0.040000000000000001),(-0.11999999999999988,-0.040000000000000001),(-0.11999999999999988,-0.02),(-0.020000000000000018,-0.02),(-0.020000000000000018,0.)));
#4257=IFCINDEXEDPOLYCURVE(#4256,(IFCLINEINDEX((1,2,3,4,5,6,1))),$);
#4258=IFCARBITRARYCLOSEDPROFILEDEF(.AREA.,$,#4257);
#4259=IFCCARTESIANPOINT((0.65998570881783958,0.02500000037252903,1.015000000372529));
#4260=IFCDIRECTION((0.,0.,1.));
#4261=IFCDIRECTION((1.,0.,0.));
#4262=IFCAXIS2PLACEMENT3D(#4259,#4260,#4261);
#4263=IFCDIRECTION((0.,0.,1.));
#4264=IFCEXTRUDEDAREASOLID(#4258,#4262,#4263,0.02);
#4265=IFCEXTRUDEDAREASOLID(#4266,#4269,#4273,0.02);
#4266=IFCARBITRARYCLOSEDPROFILEDEF(.AREA.,$,#4267);
#4267=IFCINDEXEDPOLYCURVE(#4268,(IFCLINEINDEX((1,2,3,4,5,6,1))),$);
#4268=IFCCARTESIANPOINTLIST2D(((0.,0.),(0.,0.040000000000000008),(-0.11999999999999988,0.040000000000000008),(-0.11999999999999988,0.020000000000000004),(-0.020000000000000018,0.020000000000000004),(-0.020000000000000018,0.)));
#4269=IFCAXIS2PLACEMENT3D(#4270,#4271,#4272);
#4270=IFCCARTESIANPOINT((0.65998570881783958,0.060000000521540642,1.015000000372529));
#4271=IFCDIRECTION((0.,0.,1.));
#4272=IFCDIRECTION((1.,0.,0.));
#4273=IFCDIRECTION((0.,0.,1.));
#4274=IFCSHAPEREPRESENTATION(#11,'Body','SweptSolid',(#4210,#4219,#4255,#4264,#4265,#4228,#4237,#4246));
#4275=IFCCARTESIANPOINTLIST2D(((0.,0.),(0.,0.05000000074505806),(0.02500000037252903,0.05000000074505806),(0.02500000037252903,0.02500000037252903),(0.05000000074505806,0.02500000037252903),(0.05000000074505806,0.)));
#4276=IFCINDEXEDPOLYCURVE(#4275,(IFCLINEINDEX((1,2,3,4,5,6,1))),$);
#4277=IFCINDEXEDPOLYCURVE(#4278,(IFCLINEINDEX((1,2,3,4,5,6,1))),$);
#4278=IFCCARTESIANPOINTLIST2D(((0.73498570919036865,0.),(0.73498570919036865,0.05000000074505806),(0.70998570881783962,0.05000000074505806),(0.70998570881783962,0.02500000037252903),(0.68498570844531059,0.02500000037252903),(0.68498570844531059,0.)));
#4279=IFCDIRECTION((1.,0.));
#4280=IFCCARTESIANPOINT((0.060000000521540642,0.05000000074505806));
#4281=IFCAXIS2PLACEMENT2D(#4280,#4279);
#4282=IFCELLIPSE(#4281,0.64998570829629898,0.68498570844531059);
#4283=IFCCARTESIANPOINT((0.70998570881783962,0.05000000074505806));
#4284=IFCCARTESIANPOINT((0.060000000521540642,0.73498570919036865));
#4285=IFCTRIMMEDCURVE(#4282,(#4283),(#4284),.T.,.CARTESIAN.);
#4286=IFCCARTESIANPOINTLIST2D(((0.02500000037252903,0.05000000074505806),(0.060000000521540642,0.05000000074505806),(0.060000000521540642,0.73498570919036865),(0.02500000037252903,0.73498570919036865)));
#4287=IFCINDEXEDPOLYCURVE(#4286,(IFCLINEINDEX((1,2,3,4,1))),$);
#4288=IFCSHAPEREPRESENTATION(#24,'Body','Curve2D',(#4276,#4277,#4285,#4287));
#4289=IFCCARTESIANPOINTLIST2D(((0.,0.),(0.73498570919036865,0.),(0.73498570919036865,2.),(0.,2.)));
#4290=IFCINDEXEDPOLYCURVE(#4289,(IFCLINEINDEX((1,2,3,4,1))),$);
#4291=IFCARBITRARYCLOSEDPROFILEDEF(.AREA.,$,#4290);
#4292=IFCCARTESIANPOINT((0.,-0.60000002384185791,0.));
#4293=IFCDIRECTION((0.,-1.,0.));
#4294=IFCDIRECTION((1.,0.,0.));
#4295=IFCAXIS2PLACEMENT3D(#4292,#4293,#4294);
#4296=IFCDIRECTION((0.,0.,-1.));
#4297=IFCEXTRUDEDAREASOLID(#4291,#4295,#4296,1.2);
#4298=IFCSHAPEREPRESENTATION(#11,'Body','SweptSolid',(#4297));
#4304=IFCCARTESIANPOINT((0.1465566158294882,-9.0673663688534134E-08,0.));
#4305=IFCDIRECTION((0.,0.,1.));
#4306=IFCDIRECTION((0.99999999999999289,-1.1920928955077312E-07,0.));
#4307=IFCAXIS2PLACEMENT3D(#4304,#4305,#4306);
#4308=IFCLOCALPLACEMENT(#1374,#4307);
#4309=IFCCARTESIANPOINT((-8.8817841970012523E-16,0.,0.));
#4310=IFCDIRECTION((0.,0.,1.));
#4311=IFCDIRECTION((1.,0.,0.));
#4312=IFCAXIS2PLACEMENT3D(#4309,#4310,#4311);
#4313=IFCLOCALPLACEMENT(#4308,#4312);
#4314=IFCDOORTYPE('1poC_WrV1EwPKCHa5UWxyM',$,'Maid''s-GF',$,$,(#4315),(#4317,#4325,#4430,#4655),$,$,.DOOR.,.SINGLE_SWING_LEFT.,$,$);
#4315=IFCPROPERTYSET('13neAW899CcflYUlBlElC7',$,'BBIM_Door',$,(#4316));
#4316=IFCPROPERTYSINGLEVALUE('Data',$,IFCTEXT('{"door_type": "SLIDING_TO_RIGHT", "overall_height": 2.0, "overall_width": 1.4655077457427979, "lining_properties": {"lining_depth": 0.05000000074505806, "lining_thickness": 0.05000000074505806, "lining_offset": 0.0, "transom_thickness": 0.0, "casing_thickness": 0.07500000298023224, "casing_depth": 0.0010000000474974513, "threshold_thickness": 0.02500000037252903, "threshold_depth": 0.10000000149011612, "threshold_offset": 0.0}, "panel_properties": {"panel_depth": 0.03500000014901161, "panel_width_ratio": 1.0}}'),$);
#4317=IFCREPRESENTATIONMAP(#4318,#4570);
#4318=IFCAXIS2PLACEMENT3D(#4319,#4320,#4321);
#4319=IFCCARTESIANPOINT((0.,0.,0.));
#4320=IFCDIRECTION((0.,0.,1.));
#4321=IFCDIRECTION((1.,0.,0.));
#4325=IFCREPRESENTATIONMAP(#4326,#4634);
#4326=IFCAXIS2PLACEMENT3D(#4327,#4328,#4329);
#4327=IFCCARTESIANPOINT((0.,0.,0.));
#4328=IFCDIRECTION((0.,0.,1.));
#4329=IFCDIRECTION((1.,0.,0.));
#4430=IFCREPRESENTATIONMAP(#4431,#4645);
#4431=IFCAXIS2PLACEMENT3D(#4432,#4433,#4434);
#4432=IFCCARTESIANPOINT((0.,0.,0.));
#4433=IFCDIRECTION((0.,0.,1.));
#4434=IFCDIRECTION((1.,0.,0.));
#4458=IFCDOOR('3J_FFqBUfDiv0h$L07VNpM',$,'Door',$,$,#4687,#4467,$,2.,1.4655077457427979,$,.SLIDING_TO_RIGHT.,$);
#4459=IFCRELDEFINESBYTYPE('0eBZk6Kcv6aw7KGCA2js0G',$,$,$,(#4458),#4314);
#4460=IFCCARTESIANPOINT((0.,0.,0.));
#4461=IFCDIRECTION((1.,0.,0.));
#4462=IFCDIRECTION((0.,1.,0.));
#4463=IFCDIRECTION((0.,0.,1.));
#4464=IFCCARTESIANTRANSFORMATIONOPERATOR3D(#4461,#4462,#4460,1.,#4463);
#4465=IFCMAPPEDITEM(#4317,#4464);
#4466=IFCSHAPEREPRESENTATION(#18,'Profile','MappedRepresentation',(#4465));
#4467=IFCPRODUCTDEFINITIONSHAPE($,$,(#4466,#4474,#4481,#4662));
#4468=IFCCARTESIANPOINT((0.,0.,0.));
#4469=IFCDIRECTION((1.,0.,0.));
#4470=IFCDIRECTION((0.,1.,0.));
#4471=IFCDIRECTION((0.,0.,1.));
#4472=IFCCARTESIANTRANSFORMATIONOPERATOR3D(#4469,#4470,#4468,1.,#4471);
#4473=IFCMAPPEDITEM(#4325,#4472);
#4474=IFCSHAPEREPRESENTATION(#11,'Body','MappedRepresentation',(#4473));
#4475=IFCCARTESIANPOINT((0.,0.,0.));
#4476=IFCDIRECTION((1.,0.,0.));
#4477=IFCDIRECTION((0.,1.,0.));
#4478=IFCDIRECTION((0.,0.,1.));
#4479=IFCCARTESIANTRANSFORMATIONOPERATOR3D(#4476,#4477,#4475,1.,#4478);
#4480=IFCMAPPEDITEM(#4430,#4479);
#4481=IFCSHAPEREPRESENTATION(#24,'Body','MappedRepresentation',(#4480));
#4482=IFCOPENINGELEMENT('2Kg5Hc4ib4WwSpe4H3rk6u',$,'Opening',$,$,#4682,#4510,$,.OPENING.);
#4498=IFCCARTESIANPOINT((0.,0.,0.));
#4499=IFCDIRECTION((1.,0.,0.));
#4500=IFCDIRECTION((0.,0.,1.));
#4501=IFCAXIS2PLACEMENT3D(#4498,#4500,#4499);
#4502=IFCREPRESENTATIONMAP(#4501,#4672);
#4503=IFCCARTESIANPOINT((0.,0.,0.));
#4504=IFCDIRECTION((1.,0.,0.));
#4505=IFCDIRECTION((0.,1.,0.));
#4506=IFCDIRECTION((0.,0.,1.));
#4507=IFCCARTESIANTRANSFORMATIONOPERATOR3D(#4504,#4505,#4503,1.,#4506);
#4508=IFCMAPPEDITEM(#4502,#4507);
#4509=IFCSHAPEREPRESENTATION(#11,'Body','MappedRepresentation',(#4508));
#4510=IFCPRODUCTDEFINITIONSHAPE($,$,(#4509));
#4511=IFCRELVOIDSELEMENT('3xbGlJKFfCqvjMp703ZpA8',$,$,$,#1478,#4482);
#4517=IFCRELFILLSELEMENT('1eL7DWbMX3GPrhZ948eIgk',$,$,$,#4482,#4458);
#4568=IFCCARTESIANPOINTLIST3D(((0.,0.,0.),(1.4655077457427979,0.,0.),(1.4655077457427979,0.,2.),(0.,0.,2.)));
#4569=IFCINDEXEDPOLYCURVE(#4568,(IFCLINEINDEX((1,2,3,4,1))),$);
#4570=IFCSHAPEREPRESENTATION(#18,'Profile','Curve3D',(#4569));
#4571=IFCCARTESIANPOINTLIST2D(((0.,0.),(0.,2.),(1.4655077457427979,2.),(1.4655077457427979,0.),(1.4155077449977398,0.),(1.4155077449977398,1.9499999992549419),(0.05000000074505806,1.9499999992549419),(0.05000000074505806,0.)));
#4572=IFCINDEXEDPOLYCURVE(#4571,(IFCLINEINDEX((1,2,3,4,5,6,7,8,1))),$);
#4573=IFCARBITRARYCLOSEDPROFILEDEF(.AREA.,$,#4572);
#4574=IFCCARTESIANPOINT((0.,0.,0.));
#4575=IFCDIRECTION((0.,-1.,0.));
#4576=IFCDIRECTION((1.,0.,0.));
#4577=IFCAXIS2PLACEMENT3D(#4574,#4575,#4576);
#4578=IFCDIRECTION((0.,0.,-1.));
#4579=IFCEXTRUDEDAREASOLID(#4573,#4577,#4578,0.05000000074505806);
#4580=IFCCARTESIANPOINTLIST2D(((0.,0.),(1.3655077442526817,0.),(1.3655077442526817,0.10000000149011612),(0.,0.10000000149011612)));
#4581=IFCINDEXEDPOLYCURVE(#4580,(IFCLINEINDEX((1,2,3,4,1))),$);
#4582=IFCARBITRARYCLOSEDPROFILEDEF(.AREA.,$,#4581);
#4583=IFCCARTESIANPOINT((0.05000000074505806,0.,0.));
#4584=IFCDIRECTION((0.,0.,1.));
#4585=IFCDIRECTION((1.,0.,0.));
#4586=IFCAXIS2PLACEMENT3D(#4583,#4584,#4585);
#4587=IFCDIRECTION((0.,0.,1.));
#4588=IFCEXTRUDEDAREASOLID(#4582,#4586,#4587,0.02500000037252903);
#4589=IFCCARTESIANPOINTLIST2D(((0.,0.),(0.,2.0250000022351742),(1.5155077502131462,2.0250000022351742),(1.5155077502131462,0.),(1.440507747232914,0.),(1.440507747232914,1.9499999992549419),(0.075000002980232239,1.9499999992549419),(0.075000002980232239,0.)));
#4590=IFCINDEXEDPOLYCURVE(#4589,(IFCLINEINDEX((1,2,3,4,5,6,7,8,1))),$);
#4591=IFCARBITRARYCLOSEDPROFILEDEF(.AREA.,$,#4590);
#4592=IFCCARTESIANPOINT((-0.025000002235174179,-0.0010000000474974513,0.));
#4593=IFCDIRECTION((0.,-1.,0.));
#4594=IFCDIRECTION((1.,0.,0.));
#4595=IFCAXIS2PLACEMENT3D(#4592,#4593,#4594);
#4596=IFCDIRECTION((0.,0.,-1.));
#4597=IFCEXTRUDEDAREASOLID(#4591,#4595,#4596,0.0010000000474974513);
#4598=IFCCARTESIANPOINTLIST2D(((0.,0.),(0.,2.0250000022351742),(1.5155077502131462,2.0250000022351742),(1.5155077502131462,0.),(1.440507747232914,0.),(1.440507747232914,1.9499999992549419),(0.075000002980232239,1.9499999992549419),(0.075000002980232239,0.)));
#4599=IFCINDEXEDPOLYCURVE(#4598,(IFCLINEINDEX((1,2,3,4,5,6,7,8,1))),$);
#4600=IFCARBITRARYCLOSEDPROFILEDEF(.AREA.,$,#4599);
#4601=IFCCARTESIANPOINT((-0.025000002235174179,0.05000000074505806,0.));
#4602=IFCDIRECTION((0.,-1.,0.));
#4603=IFCDIRECTION((1.,0.,0.));
#4604=IFCAXIS2PLACEMENT3D(#4601,#4602,#4603);
#4605=IFCDIRECTION((0.,0.,-1.));
#4606=IFCEXTRUDEDAREASOLID(#4600,#4604,#4605,0.0010000000474974513);
#4607=IFCCARTESIANPOINTLIST2D(((0.,0.),(1.3655077442526817,0.),(1.3655077442526817,0.035000000149011612),(0.,0.035000000149011612)));
#4608=IFCINDEXEDPOLYCURVE(#4607,(IFCLINEINDEX((1,2,3,4,1))),$);
#4609=IFCARBITRARYCLOSEDPROFILEDEF(.AREA.,$,#4608);
#4610=IFCCARTESIANPOINT((0.05000000074505806,-0.035000000149011612,0.02500000037252903));
#4611=IFCDIRECTION((0.,0.,1.));
#4612=IFCDIRECTION((1.,0.,0.));
#4613=IFCAXIS2PLACEMENT3D(#4610,#4611,#4612);
#4614=IFCDIRECTION((0.,0.,1.));
#4615=IFCEXTRUDEDAREASOLID(#4609,#4613,#4614,1.9249999988824129);
#4616=IFCCARTESIANPOINTLIST2D(((0.,0.),(0.,-0.040000000000000001),(0.12,-0.040000000000000001),(0.12,-0.02),(0.02,-0.02),(0.02,0.)));
#4617=IFCINDEXEDPOLYCURVE(#4616,(IFCLINEINDEX((1,2,3,4,5,6,1))),$);
#4618=IFCARBITRARYCLOSEDPROFILEDEF(.AREA.,$,#4617);
#4619=IFCCARTESIANPOINT((0.10000000074505806,-0.035000000149011612,1.015000000372529));
#4620=IFCDIRECTION((0.,0.,1.));
#4621=IFCDIRECTION((1.,0.,0.));
#4622=IFCAXIS2PLACEMENT3D(#4619,#4620,#4621);
#4623=IFCDIRECTION((0.,0.,1.));
#4624=IFCEXTRUDEDAREASOLID(#4618,#4622,#4623,0.02);
#4625=IFCEXTRUDEDAREASOLID(#4626,#4629,#4633,0.02);
#4626=IFCARBITRARYCLOSEDPROFILEDEF(.AREA.,$,#4627);
#4627=IFCINDEXEDPOLYCURVE(#4628,(IFCLINEINDEX((1,2,3,4,5,6,1))),$);
#4628=IFCCARTESIANPOINTLIST2D(((0.,0.),(0.,0.040000000000000008),(0.11999999999999998,0.040000000000000008),(0.11999999999999998,0.020000000000000004),(0.020000000000000004,0.020000000000000004),(0.020000000000000004,0.)));
#4629=IFCAXIS2PLACEMENT3D(#4630,#4631,#4632);
#4630=IFCCARTESIANPOINT((0.10000000074505806,0.,1.015000000372529));
#4631=IFCDIRECTION((0.,0.,1.));
#4632=IFCDIRECTION((1.,0.,0.));
#4633=IFCDIRECTION((0.,0.,1.));
#4634=IFCSHAPEREPRESENTATION(#11,'Body','SweptSolid',(#4579,#4615,#4624,#4625,#4588,#4597,#4606));
#4635=IFCSHAPEREPRESENTATION(#11,'Body','SweptSolid',(#4579,#4588,#4597,#4606));
#4636=IFCSHAPEASPECT((#4635),'Lining',$,.T.,#4467);
#4637=IFCSHAPEREPRESENTATION(#11,'Body','SweptSolid',(#4615,#4624,#4625));
#4638=IFCSHAPEASPECT((#4637),'Framing',$,.T.,#4467);
#4639=IFCCARTESIANPOINTLIST2D(((0.,0.),(0.05000000074505806,0.),(0.05000000074505806,0.05000000074505806),(0.,0.05000000074505806)));
#4640=IFCINDEXEDPOLYCURVE(#4639,(IFCLINEINDEX((1,2,3,4,1))),$);
#4641=IFCINDEXEDPOLYCURVE(#4642,(IFCLINEINDEX((1,2,3,4,1))),$);
#4642=IFCCARTESIANPOINTLIST2D(((1.4655077457427979,0.),(1.4155077449977398,0.),(1.4155077449977398,0.05000000074505806),(1.4655077457427979,0.05000000074505806)));
#4643=IFCCARTESIANPOINTLIST2D(((2.0982616171240807,-0.035000000149011612),(0.73275387287139893,-0.035000000149011612),(0.73275387287139893,0.),(2.0982616171240807,0.)));
#4644=IFCINDEXEDPOLYCURVE(#4643,(IFCLINEINDEX((1,2,3,4,1))),$);
#4645=IFCSHAPEREPRESENTATION(#24,'Body','Curve2D',(#4640,#4641,#4644));
#4646=IFCCARTESIANPOINTLIST2D(((0.52792771123349658,-0.081587428267465345),(0.93758003450930116,-0.081587428267465345)));
#4647=IFCINDEXEDPOLYCURVE(#4646,$,$);
#4648=IFCCARTESIANPOINTLIST2D(((0.5579277112334966,-0.050529142855162856),(0.52792771123349658,-0.081587428267465345),(0.5579277112334966,-0.11264571367976783)));
#4649=IFCINDEXEDPOLYCURVE(#4648,$,$);
#4650=IFCSHAPEREPRESENTATION(#25,'Annotation','Curve2D',(#4647,#4649));
#4651=IFCCARTESIANPOINT((0.,0.,0.));
#4652=IFCDIRECTION((1.,0.,0.));
#4653=IFCDIRECTION((0.,0.,1.));
#4654=IFCAXIS2PLACEMENT3D(#4651,#4653,#4652);
#4655=IFCREPRESENTATIONMAP(#4654,#4650);
#4656=IFCCARTESIANPOINT((0.,0.,0.));
#4657=IFCDIRECTION((1.,0.,0.));
#4658=IFCDIRECTION((0.,1.,0.));
#4659=IFCDIRECTION((0.,0.,1.));
#4660=IFCCARTESIANTRANSFORMATIONOPERATOR3D(#4657,#4658,#4656,1.,#4659);
#4661=IFCMAPPEDITEM(#4655,#4660);
#4662=IFCSHAPEREPRESENTATION(#25,'Annotation','MappedRepresentation',(#4661));
#4663=IFCCARTESIANPOINTLIST2D(((0.,0.),(1.4655077457427979,0.),(1.4655077457427979,2.),(0.,2.)));
#4664=IFCINDEXEDPOLYCURVE(#4663,(IFCLINEINDEX((1,2,3,4,1))),$);
#4665=IFCARBITRARYCLOSEDPROFILEDEF(.AREA.,$,#4664);
#4666=IFCCARTESIANPOINT((0.,-0.60000002384185791,0.));
#4667=IFCDIRECTION((0.,-1.,0.));
#4668=IFCDIRECTION((1.,0.,0.));
#4669=IFCAXIS2PLACEMENT3D(#4666,#4667,#4668);
#4670=IFCDIRECTION((0.,0.,-1.));
#4671=IFCEXTRUDEDAREASOLID(#4665,#4669,#4670,1.2);
#4672=IFCSHAPEREPRESENTATION(#11,'Body','SweptSolid',(#4671));
#4678=IFCCARTESIANPOINT((0.022237002849794574,1.4271537804866341E-06,0.));
#4679=IFCDIRECTION((0.,0.,1.));
#4680=IFCDIRECTION((0.99999999999995448,-3.0199160505616635E-07,0.));
#4681=IFCAXIS2PLACEMENT3D(#4678,#4679,#4680);
#4682=IFCLOCALPLACEMENT(#4183,#4681);
#4683=IFCCARTESIANPOINT((0.,0.,0.));
#4684=IFCDIRECTION((0.,0.,1.));
#4685=IFCDIRECTION((0.99999999999999978,-2.6469779601696886E-23,0.));
#4686=IFCAXIS2PLACEMENT3D(#4683,#4684,#4685);
#4687=IFCLOCALPLACEMENT(#4682,#4686);
#4688=IFCWINDOWTYPE('2WG1WLGVj3jRRRk15qQtXa',$,'Living-GF',$,$,(#4689),(#4698,#4746,#4768),$,$,.WINDOW.,.SINGLE_PANEL.,$,$);
#4689=IFCPROPERTYSET('2947sCIV938gCy4kgZQMUZ',$,'BBIM_Window',$,(#4690));
#4690=IFCPROPERTYSINGLEVALUE('Data',$,IFCTEXT('{"window_type": "SINGLE_PANEL", "overall_height": 0.8999999761581421, "overall_width": 0.7629872560501099, "lining_properties": {"lining_depth": 0.05000000074505806, "lining_thickness": 0.05000000074505806, "lining_offset": 0.05000000074505806, "lining_to_panel_offset_x": 0.02500000037252903, "lining_to_panel_offset_y": 0.02500000037252903}, "panel_properties": {"frame_depth": [0.03500000014901161, 0.03500000014901161, 0.03500000014901161], "frame_thickness": [0.03500000014901161, 0.03500000014901161, 0.03500000014901161]}}'),$);
#4694=IFCCARTESIANPOINT((0.,0.,0.));
#4695=IFCDIRECTION((1.,0.,0.));
#4696=IFCDIRECTION((0.,0.,1.));
#4697=IFCAXIS2PLACEMENT3D(#4694,#4696,#4695);
#4698=IFCREPRESENTATIONMAP(#4697,#16863);
#4742=IFCCARTESIANPOINT((0.,0.,0.));
#4743=IFCDIRECTION((1.,0.,0.));
#4744=IFCDIRECTION((0.,0.,1.));
#4745=IFCAXIS2PLACEMENT3D(#4742,#4744,#4743);
#4746=IFCREPRESENTATIONMAP(#4745,#16906);
#4764=IFCCARTESIANPOINT((0.,0.,0.));
#4765=IFCDIRECTION((1.,0.,0.));
#4766=IFCDIRECTION((0.,0.,1.));
#4767=IFCAXIS2PLACEMENT3D(#4764,#4766,#4765);
#4768=IFCREPRESENTATIONMAP(#4767,#16923);
#4769=IFCWINDOW('2GSoBz35nAgxvP3MFMy5TE',$,'Window',$,$,#16948,#4778,$,0.89999997615814209,0.76298725605010986,$,.SINGLE_PANEL.,$);
#4770=IFCRELDEFINESBYTYPE('0XYmYMvL1AQRM6YaLALAg7',$,$,$,(#4769),#4688);
#4771=IFCCARTESIANPOINT((0.,0.,0.));
#4772=IFCDIRECTION((1.,0.,0.));
#4773=IFCDIRECTION((0.,1.,0.));
#4774=IFCDIRECTION((0.,0.,1.));
#4775=IFCCARTESIANTRANSFORMATIONOPERATOR3D(#4772,#4773,#4771,1.,#4774);
#4776=IFCMAPPEDITEM(#4698,#4775);
#4777=IFCSHAPEREPRESENTATION(#18,'Profile','MappedRepresentation',(#4776));
#4778=IFCPRODUCTDEFINITIONSHAPE($,$,(#4777,#4785,#4792));
#4779=IFCCARTESIANPOINT((0.,0.,0.));
#4780=IFCDIRECTION((1.,0.,0.));
#4781=IFCDIRECTION((0.,1.,0.));
#4782=IFCDIRECTION((0.,0.,1.));
#4783=IFCCARTESIANTRANSFORMATIONOPERATOR3D(#4780,#4781,#4779,1.,#4782);
#4784=IFCMAPPEDITEM(#4746,#4783);
#4785=IFCSHAPEREPRESENTATION(#11,'Body','MappedRepresentation',(#4784));
#4786=IFCCARTESIANPOINT((0.,0.,0.));
#4787=IFCDIRECTION((1.,0.,0.));
#4788=IFCDIRECTION((0.,1.,0.));
#4789=IFCDIRECTION((0.,0.,1.));
#4790=IFCCARTESIANTRANSFORMATIONOPERATOR3D(#4787,#4788,#4786,1.,#4789);
#4791=IFCMAPPEDITEM(#4768,#4790);
#4792=IFCSHAPEREPRESENTATION(#24,'Body','MappedRepresentation',(#4791));
#4793=IFCOPENINGELEMENT('3sC8nhBNLFEgJMlChZiSsu',$,'Opening',$,$,#16943,#4821,$,.OPENING.);
#4809=IFCCARTESIANPOINT((0.,0.,0.));
#4810=IFCDIRECTION((1.,0.,0.));
#4811=IFCDIRECTION((0.,0.,1.));
#4812=IFCAXIS2PLACEMENT3D(#4809,#4811,#4810);
#4813=IFCREPRESENTATIONMAP(#4812,#16933);
#4814=IFCCARTESIANPOINT((0.,0.,0.));
#4815=IFCDIRECTION((1.,0.,0.));
#4816=IFCDIRECTION((0.,1.,0.));
#4817=IFCDIRECTION((0.,0.,1.));
#4818=IFCCARTESIANTRANSFORMATIONOPERATOR3D(#4815,#4816,#4814,1.,#4817);
#4819=IFCMAPPEDITEM(#4813,#4818);
#4820=IFCSHAPEREPRESENTATION(#11,'Body','MappedRepresentation',(#4819));
#4821=IFCPRODUCTDEFINITIONSHAPE($,$,(#4820));
#4822=IFCRELVOIDSELEMENT('1jlu2s9aHDGgblwjBAT4il',$,$,$,#237,#4793);
#4828=IFCRELFILLSELEMENT('2EbHyO7cP8duM9B5OoqD2K',$,$,$,#4793,#4769);
#4958=IFCSHAPEREPRESENTATION(#11,'Body','SweptSolid',(#16885,#16874));
#4959=IFCSHAPEASPECT((#4958),'Lining',$,.T.,#4778);
#4960=IFCSHAPEREPRESENTATION(#11,'Body','SweptSolid',(#16896));
#4961=IFCSHAPEASPECT((#4960),'Framing',$,.T.,#4778);
#4962=IFCSHAPEREPRESENTATION(#11,'Body','SweptSolid',(#16905));
#4963=IFCSHAPEASPECT((#4962),'Glazing',$,.T.,#4778);
#5436=IFCWINDOWTYPE('3VC1AwbQf0mhUg_jCGwwni',$,'Guest-1-GF',$,$,(#5437),(#5439,#5447,#5582),$,$,.WINDOW.,.SINGLE_PANEL.,$,$);
#5437=IFCPROPERTYSET('3yBReb$Uz48BgDXPpP6Kyq',$,'BBIM_Window',$,(#5438));
#5438=IFCPROPERTYSINGLEVALUE('Data',$,IFCTEXT('{"window_type": "DOUBLE_PANEL_VERTICAL", "overall_height": 0.8999999761581421, "overall_width": 1.2341333627700806, "lining_properties": {"lining_depth": 0.05000000074505806, "lining_thickness": 0.05000000074505806, "lining_offset": 0.05000000074505806, "lining_to_panel_offset_x": 0.02500000037252903, "lining_to_panel_offset_y": 0.02500000037252903, "mullion_thickness": 0.05000000074505806, "first_mullion_offset": 0.30000001192092896}, "panel_properties": {"frame_depth": [0.03500000014901161, 0.03500000014901161, 0.03500000014901161], "frame_thickness": [0.03500000014901161, 0.03500000014901161, 0.03500000014901161]}}'),$);
#5439=IFCREPRESENTATIONMAP(#5440,#6669);
#5440=IFCAXIS2PLACEMENT3D(#5441,#5442,#5443);
#5441=IFCCARTESIANPOINT((0.,0.,0.));
#5442=IFCDIRECTION((0.,0.,1.));
#5443=IFCDIRECTION((1.,0.,0.));
#5447=IFCREPRESENTATIONMAP(#5448,#6750);
#5448=IFCAXIS2PLACEMENT3D(#5449,#5450,#5451);
#5449=IFCCARTESIANPOINT((0.,0.,0.));
#5450=IFCDIRECTION((0.,0.,1.));
#5451=IFCDIRECTION((1.,0.,0.));
#5582=IFCREPRESENTATIONMAP(#5583,#6783);
#5583=IFCAXIS2PLACEMENT3D(#5584,#5585,#5586);
#5584=IFCCARTESIANPOINT((0.,0.,0.));
#5585=IFCDIRECTION((0.,0.,1.));
#5586=IFCDIRECTION((1.,0.,0.));
#5636=IFCWINDOW('0ZoXYm5jbDFPZ$0$Cmu4BL',$,'Window',$,$,#6808,#5645,$,0.89999997615814209,1.2341333627700806,$,.DOUBLE_PANEL_VERTICAL.,$);
#5637=IFCRELDEFINESBYTYPE('2aA85hsiP8Kuxroud9a1Ih',$,$,$,(#5636),#5436);
#5638=IFCCARTESIANPOINT((0.,0.,0.));
#5639=IFCDIRECTION((1.,0.,0.));
#5640=IFCDIRECTION((0.,1.,0.));
#5641=IFCDIRECTION((0.,0.,1.));
#5642=IFCCARTESIANTRANSFORMATIONOPERATOR3D(#5639,#5640,#5638,1.,#5641);
#5643=IFCMAPPEDITEM(#5439,#5642);
#5644=IFCSHAPEREPRESENTATION(#18,'Profile','MappedRepresentation',(#5643));
#5645=IFCPRODUCTDEFINITIONSHAPE($,$,(#5644,#5652,#5659));
#5646=IFCCARTESIANPOINT((0.,0.,0.));
#5647=IFCDIRECTION((1.,0.,0.));
#5648=IFCDIRECTION((0.,1.,0.));
#5649=IFCDIRECTION((0.,0.,1.));
#5650=IFCCARTESIANTRANSFORMATIONOPERATOR3D(#5647,#5648,#5646,1.,#5649);
#5651=IFCMAPPEDITEM(#5447,#5650);
#5652=IFCSHAPEREPRESENTATION(#11,'Body','MappedRepresentation',(#5651));
#5653=IFCCARTESIANPOINT((0.,0.,0.));
#5654=IFCDIRECTION((1.,0.,0.));
#5655=IFCDIRECTION((0.,1.,0.));
#5656=IFCDIRECTION((0.,0.,1.));
#5657=IFCCARTESIANTRANSFORMATIONOPERATOR3D(#5654,#5655,#5653,1.,#5656);
#5658=IFCMAPPEDITEM(#5582,#5657);
#5659=IFCSHAPEREPRESENTATION(#24,'Body','MappedRepresentation',(#5658));
#5660=IFCOPENINGELEMENT('2TVZjyKfPF5gKUp5nQRqNc',$,'Opening',$,$,#6803,#5688,$,.OPENING.);
#5676=IFCCARTESIANPOINT((0.,0.,0.));
#5677=IFCDIRECTION((1.,0.,0.));
#5678=IFCDIRECTION((0.,0.,1.));
#5679=IFCAXIS2PLACEMENT3D(#5676,#5678,#5677);
#5680=IFCREPRESENTATIONMAP(#5679,#6793);
#5681=IFCCARTESIANPOINT((0.,0.,0.));
#5682=IFCDIRECTION((1.,0.,0.));
#5683=IFCDIRECTION((0.,1.,0.));
#5684=IFCDIRECTION((0.,0.,1.));
#5685=IFCCARTESIANTRANSFORMATIONOPERATOR3D(#5682,#5683,#5681,1.,#5684);
#5686=IFCMAPPEDITEM(#5680,#5685);
#5687=IFCSHAPEREPRESENTATION(#11,'Body','MappedRepresentation',(#5686));
#5688=IFCPRODUCTDEFINITIONSHAPE($,$,(#5687));
#5689=IFCRELVOIDSELEMENT('2ZRfHM64nFYemQg7Y5P3x$',$,$,$,#1001,#5660);
#5695=IFCRELFILLSELEMENT('02GtpOfoP4hvyGXAO9rW7k',$,$,$,#5660,#5636);
#6350=IFCSHAPEREPRESENTATION(#11,'Body','SweptSolid',(#6689,#6678,#6718,#6729));
#6351=IFCSHAPEASPECT((#6350),'Lining',$,.T.,#5645);
#6352=IFCSHAPEREPRESENTATION(#11,'Body','SweptSolid',(#6700,#6740));
#6353=IFCSHAPEASPECT((#6352),'Framing',$,.T.,#5645);
#6354=IFCSHAPEREPRESENTATION(#11,'Body','SweptSolid',(#6709,#6749));
#6355=IFCSHAPEASPECT((#6354),'Glazing',$,.T.,#5645);
#6667=IFCCARTESIANPOINTLIST3D(((0.,0.,0.),(1.2341333627700806,0.,0.),(1.2341333627700806,0.,0.89999997615814209),(0.,0.,0.89999997615814209)));
#6668=IFCINDEXEDPOLYCURVE(#6667,(IFCLINEINDEX((1,2,3,4,1))),$);
#6669=IFCSHAPEREPRESENTATION(#18,'Profile','Curve3D',(#6668));
#6670=IFCCARTESIANPOINTLIST2D(((0.30000001192092896,0.),(0.,0.),(0.,0.89999997615814209),(0.30000001192092896,0.89999997615814209),(0.30000001192092896,0.87499997578561306),(0.02500000037252903,0.87499997578561306),(0.02500000037252903,0.02500000037252903),(0.30000001192092896,0.02500000037252903)));
#6671=IFCINDEXEDPOLYCURVE(#6670,(IFCLINEINDEX((1,2,3,4,5,6,7,8,1))),$);
#6672=IFCARBITRARYCLOSEDPROFILEDEF(.AREA.,$,#6671);
#6673=IFCCARTESIANPOINT((0.,0.090000001713633537,0.));
#6674=IFCDIRECTION((0.,-1.,0.));
#6675=IFCDIRECTION((1.,0.,0.));
#6676=IFCAXIS2PLACEMENT3D(#6673,#6674,#6675);
#6677=IFCDIRECTION((0.,0.,-1.));
#6678=IFCEXTRUDEDAREASOLID(#6672,#6676,#6677,0.0099999997764825821);
#6679=IFCCARTESIANPOINTLIST2D(((0.,0.),(0.30000001192092896,0.),(0.30000001192092896,0.89999997615814209),(0.,0.89999997615814209)));
#6680=IFCINDEXEDPOLYCURVE(#6679,(IFCLINEINDEX((1,2,3,4,1))),$);
#6681=IFCCARTESIANPOINTLIST2D(((0.05000000074505806,0.05000000074505806),(0.27500001154839993,0.05000000074505806),(0.27500001154839993,0.84999997541308403),(0.05000000074505806,0.84999997541308403)));
#6682=IFCINDEXEDPOLYCURVE(#6681,(IFCLINEINDEX((1,2,3,4,1))),$);
#6683=IFCARBITRARYPROFILEDEFWITHVOIDS(.AREA.,$,#6680,(#6682));
#6684=IFCCARTESIANPOINT((0.,0.05000000074505806,0.));
#6685=IFCDIRECTION((0.,-1.,0.));
#6686=IFCDIRECTION((1.,0.,0.));
#6687=IFCAXIS2PLACEMENT3D(#6684,#6685,#6686);
#6688=IFCDIRECTION((0.,0.,-1.));
#6689=IFCEXTRUDEDAREASOLID(#6683,#6687,#6688,0.040000000968575478);
#6690=IFCCARTESIANPOINTLIST2D(((0.,0.),(0.27500001154839993,0.),(0.27500001154839993,0.84999997541308403),(0.,0.84999997541308403)));
#6691=IFCINDEXEDPOLYCURVE(#6690,(IFCLINEINDEX((1,2,3,4,1))),$);
#6692=IFCCARTESIANPOINTLIST2D(((0.035000000149011612,0.035000000149011612),(0.24000001139938831,0.035000000149011612),(0.24000001139938831,0.81499997526407242),(0.035000000149011612,0.81499997526407242)));
#6693=IFCINDEXEDPOLYCURVE(#6692,(IFCLINEINDEX((1,2,3,4,1))),$);
#6694=IFCARBITRARYPROFILEDEFWITHVOIDS(.AREA.,$,#6691,(#6693));
#6695=IFCCARTESIANPOINT((0.02500000037252903,0.090000001713633537,0.02500000037252903));
#6696=IFCDIRECTION((0.,-1.,0.));
#6697=IFCDIRECTION((1.,0.,0.));
#6698=IFCAXIS2PLACEMENT3D(#6695,#6696,#6697);
#6699=IFCDIRECTION((0.,0.,-1.));
#6700=IFCEXTRUDEDAREASOLID(#6694,#6698,#6699,0.035000000149011612);
#6701=IFCINDEXEDPOLYCURVE(#6702,(IFCLINEINDEX((1,2,3,4,1))),$);
#6702=IFCCARTESIANPOINTLIST2D(((0.035000000149011612,0.035000000149011612),(0.24000001139938831,0.035000000149011612),(0.24000001139938831,0.81499997526407242),(0.035000000149011612,0.81499997526407242)));
#6703=IFCARBITRARYCLOSEDPROFILEDEF(.AREA.,$,#6701);
#6704=IFCCARTESIANPOINT((0.02500000037252903,0.10250000178813934,0.02500000037252903));
#6705=IFCDIRECTION((0.,-1.,0.));
#6706=IFCDIRECTION((1.,0.,0.));
#6707=IFCAXIS2PLACEMENT3D(#6704,#6705,#6706);
#6708=IFCDIRECTION((0.,0.,-1.));
#6709=IFCEXTRUDEDAREASOLID(#6703,#6707,#6708,0.01);
#6710=IFCCARTESIANPOINTLIST2D(((0.,0.89999997615814209),(0.93413335084915161,0.89999997615814209),(0.93413335084915161,0.),(0.,0.),(0.,0.02500000037252903),(0.90913335047662258,0.02500000037252903),(0.90913335047662258,0.87499997578561306),(0.,0.87499997578561306)));
#6711=IFCINDEXEDPOLYCURVE(#6710,(IFCLINEINDEX((1,2,3,4,5,6,7,8,1))),$);
#6712=IFCARBITRARYCLOSEDPROFILEDEF(.AREA.,$,#6711);
#6713=IFCCARTESIANPOINT((0.30000001192092896,0.090000001713633537,0.));
#6714=IFCDIRECTION((0.,-1.,0.));
#6715=IFCDIRECTION((1.,0.,0.));
#6716=IFCAXIS2PLACEMENT3D(#6713,#6714,#6715);
#6717=IFCDIRECTION((0.,0.,-1.));
#6718=IFCEXTRUDEDAREASOLID(#6712,#6716,#6717,0.0099999997764825821);
#6719=IFCCARTESIANPOINTLIST2D(((0.,0.),(0.93413335084915161,0.),(0.93413335084915161,0.89999997615814209),(0.,0.89999997615814209)));
#6720=IFCINDEXEDPOLYCURVE(#6719,(IFCLINEINDEX((1,2,3,4,1))),$);
#6721=IFCCARTESIANPOINTLIST2D(((0.02500000037252903,0.05000000074505806),(0.88413335010409355,0.05000000074505806),(0.88413335010409355,0.84999997541308403),(0.02500000037252903,0.84999997541308403)));
#6722=IFCINDEXEDPOLYCURVE(#6721,(IFCLINEINDEX((1,2,3,4,1))),$);
#6723=IFCARBITRARYPROFILEDEFWITHVOIDS(.AREA.,$,#6720,(#6722));
#6724=IFCCARTESIANPOINT((0.30000001192092896,0.05000000074505806,0.));
#6725=IFCDIRECTION((0.,-1.,0.));
#6726=IFCDIRECTION((1.,0.,0.));
#6727=IFCAXIS2PLACEMENT3D(#6724,#6725,#6726);
#6728=IFCDIRECTION((0.,0.,-1.));
#6729=IFCEXTRUDEDAREASOLID(#6723,#6727,#6728,0.040000000968575478);
#6730=IFCCARTESIANPOINTLIST2D(((0.,0.),(0.90913335047662258,0.),(0.90913335047662258,0.84999997541308403),(0.,0.84999997541308403)));
#6731=IFCINDEXEDPOLYCURVE(#6730,(IFCLINEINDEX((1,2,3,4,1))),$);
#6732=IFCCARTESIANPOINTLIST2D(((0.035000000149011612,0.035000000149011612),(0.87413335032761097,0.035000000149011612),(0.87413335032761097,0.81499997526407242),(0.035000000149011612,0.81499997526407242)));
#6733=IFCINDEXEDPOLYCURVE(#6732,(IFCLINEINDEX((1,2,3,4,1))),$);
#6734=IFCARBITRARYPROFILEDEFWITHVOIDS(.AREA.,$,#6731,(#6733));
#6735=IFCCARTESIANPOINT((0.30000001192092896,0.090000001713633537,0.02500000037252903));
#6736=IFCDIRECTION((0.,-1.,0.));
#6737=IFCDIRECTION((1.,0.,0.));
#6738=IFCAXIS2PLACEMENT3D(#6735,#6736,#6737);
#6739=IFCDIRECTION((0.,0.,-1.));
#6740=IFCEXTRUDEDAREASOLID(#6734,#6738,#6739,0.035000000149011612);
#6741=IFCINDEXEDPOLYCURVE(#6742,(IFCLINEINDEX((1,2,3,4,1))),$);
#6742=IFCCARTESIANPOINTLIST2D(((0.035000000149011612,0.035000000149011612),(0.87413335032761097,0.035000000149011612),(0.87413335032761097,0.81499997526407242),(0.035000000149011612,0.81499997526407242)));
#6743=IFCARBITRARYCLOSEDPROFILEDEF(.AREA.,$,#6741);
#6744=IFCCARTESIANPOINT((0.30000001192092896,0.10250000178813934,0.02500000037252903));
#6745=IFCDIRECTION((0.,-1.,0.));
#6746=IFCDIRECTION((1.,0.,0.));
#6747=IFCAXIS2PLACEMENT3D(#6744,#6745,#6746);
#6748=IFCDIRECTION((0.,0.,-1.));
#6749=IFCEXTRUDEDAREASOLID(#6743,#6747,#6748,0.01);
#6750=IFCSHAPEREPRESENTATION(#11,'Body','SweptSolid',(#6678,#6689,#6700,#6709,#6718,#6729,#6740,#6749));
#6751=IFCCARTESIANPOINTLIST2D(((0.05000000074505806,0.05000000074505806),(0.27500001154839993,0.05000000074505806)));
#6752=IFCINDEXEDPOLYCURVE(#6751,$,$);
#6753=IFCCARTESIANPOINTLIST2D(((0.,0.10000000149011612),(0.02500000037252903,0.10000000149011612),(0.02500000037252903,0.090000001713633537),(0.05000000074505806,0.090000001713633537),(0.05000000074505806,0.05000000074505806),(0.,0.05000000074505806)));
#6754=IFCINDEXEDPOLYCURVE(#6753,(IFCLINEINDEX((1,2,3,4,5,6,1))),$);
#6755=IFCCARTESIANPOINTLIST2D(((0.30000001192092896,0.10000000149011612),(0.30000001192092896,0.10000000149011612),(0.30000001192092896,0.090000001713633537),(0.27500001154839993,0.090000001713633537),(0.27500001154839993,0.05000000074505806),(0.30000001192092896,0.05000000074505806)));
#6756=IFCINDEXEDPOLYCURVE(#6755,$,$);
#6757=IFCCARTESIANPOINTLIST2D(((0.02500000037252903,0.090000001713633537),(0.060000000521540642,0.090000001713633537),(0.060000000521540642,0.12500000186264515),(0.02500000037252903,0.12500000186264515)));
#6758=IFCINDEXEDPOLYCURVE(#6757,(IFCLINEINDEX((1,2,3,4,1))),$);
#6759=IFCINDEXEDPOLYCURVE(#6760,(IFCLINEINDEX((1,2,3,4,1))),$);
#6760=IFCCARTESIANPOINTLIST2D(((0.30000001192092896,0.090000001713633537),(0.26500001177191734,0.090000001713633537),(0.26500001177191734,0.12500000186264515),(0.30000001192092896,0.12500000186264515)));
#6761=IFCCARTESIANPOINTLIST2D(((0.060000000521540642,0.090000001713633537),(0.26500001177191734,0.090000001713633537)));
#6762=IFCINDEXEDPOLYCURVE(#6761,$,$);
#6763=IFCINDEXEDPOLYCURVE(#6764,$,$);
#6764=IFCCARTESIANPOINTLIST2D(((0.060000000521540642,0.12500000186264515),(0.26500001177191734,0.12500000186264515)));
#6765=IFCINDEXEDPOLYCURVE(#6766,$,$);
#6766=IFCCARTESIANPOINTLIST2D(((0.060000000521540642,0.10750000178813934),(0.26500001177191734,0.10750000178813934)));
#6767=IFCCARTESIANPOINTLIST2D(((0.32500001229345798,0.05000000074505806),(1.1841333620250225,0.05000000074505806)));
#6768=IFCINDEXEDPOLYCURVE(#6767,$,$);
#6769=IFCCARTESIANPOINTLIST2D(((0.30000001192092896,0.10000000149011612),(0.30000001192092896,0.10000000149011612),(0.30000001192092896,0.090000001713633537),(0.32500001229345798,0.090000001713633537),(0.32500001229345798,0.05000000074505806),(0.30000001192092896,0.05000000074505806)));
#6770=IFCINDEXEDPOLYCURVE(#6769,$,$);
#6771=IFCCARTESIANPOINTLIST2D(((1.2341333627700806,0.10000000149011612),(1.2091333623975515,0.10000000149011612),(1.2091333623975515,0.090000001713633537),(1.1841333620250225,0.090000001713633537),(1.1841333620250225,0.05000000074505806),(1.2341333627700806,0.05000000074505806)));
#6772=IFCINDEXEDPOLYCURVE(#6771,(IFCLINEINDEX((1,2,3,4,5,6,1))),$);
#6773=IFCCARTESIANPOINTLIST2D(((0.30000001192092896,0.090000001713633537),(0.33500001206994057,0.090000001713633537),(0.33500001206994057,0.12500000186264515),(0.30000001192092896,0.12500000186264515)));
#6774=IFCINDEXEDPOLYCURVE(#6773,(IFCLINEINDEX((1,2,3,4,1))),$);
#6775=IFCINDEXEDPOLYCURVE(#6776,(IFCLINEINDEX((1,2,3,4,1))),$);
#6776=IFCCARTESIANPOINTLIST2D(((1.2091333623975515,0.090000001713633537),(1.1741333622485399,0.090000001713633537),(1.1741333622485399,0.12500000186264515),(1.2091333623975515,0.12500000186264515)));
#6777=IFCCARTESIANPOINTLIST2D(((0.33500001206994057,0.090000001713633537),(1.1741333622485399,0.090000001713633537)));
#6778=IFCINDEXEDPOLYCURVE(#6777,$,$);
#6779=IFCINDEXEDPOLYCURVE(#6780,$,$);
#6780=IFCCARTESIANPOINTLIST2D(((0.33500001206994057,0.12500000186264515),(1.1741333622485399,0.12500000186264515)));
#6781=IFCINDEXEDPOLYCURVE(#6782,$,$);
#6782=IFCCARTESIANPOINTLIST2D(((0.33500001206994057,0.10750000178813934),(1.1741333622485399,0.10750000178813934)));
#6783=IFCSHAPEREPRESENTATION(#24,'Body','Curve2D',(#6752,#6754,#6756,#6758,#6759,#6762,#6763,#6765,#6768,#6770,#6772,#6774,#6775,#6778,#6779,#6781));
#6784=IFCCARTESIANPOINTLIST2D(((0.,0.),(1.2341333627700806,0.),(1.2341333627700806,0.89999997615814209),(0.,0.89999997615814209)));
#6785=IFCINDEXEDPOLYCURVE(#6784,(IFCLINEINDEX((1,2,3,4,1))),$);
#6786=IFCARBITRARYCLOSEDPROFILEDEF(.AREA.,$,#6785);
#6787=IFCCARTESIANPOINT((0.,-0.60000002384185791,0.));
#6788=IFCDIRECTION((0.,-1.,0.));
#6789=IFCDIRECTION((1.,0.,0.));
#6790=IFCAXIS2PLACEMENT3D(#6787,#6788,#6789);
#6791=IFCDIRECTION((0.,0.,-1.));
#6792=IFCEXTRUDEDAREASOLID(#6786,#6790,#6791,1.2);
#6793=IFCSHAPEREPRESENTATION(#11,'Body','SweptSolid',(#6792));
#6799=IFCCARTESIANPOINT((1.0274613821573659,1.2367963790893555E-06,1.));
#6800=IFCDIRECTION((0.,0.,1.));
#6801=IFCDIRECTION((0.99999999999988631,-4.7683715820307079E-07,0.));
#6802=IFCAXIS2PLACEMENT3D(#6799,#6800,#6801);
#6803=IFCLOCALPLACEMENT(#1880,#6802);
#6804=IFCCARTESIANPOINT((4.4408920985006262E-16,0.,0.));
#6805=IFCDIRECTION((0.,0.,1.));
#6806=IFCDIRECTION((1.,0.,0.));
#6807=IFCAXIS2PLACEMENT3D(#6804,#6805,#6806);
#6808=IFCLOCALPLACEMENT(#6803,#6807);
#7039=IFCWINDOWTYPE('3gGbDjBLT2iumSHrWtY48t',$,'Guest-2-GF',$,$,(#7040),(#7049,#7097,#7119),$,$,.WINDOW.,.SINGLE_PANEL.,$,$);
#7040=IFCPROPERTYSET('2eN0nZ2PnCwe1Tewqy$lPn',$,'BBIM_Window',$,(#7041));
#7041=IFCPROPERTYSINGLEVALUE('Data',$,IFCTEXT('{"window_type": "SINGLE_PANEL", "overall_height": 0.8999999761581421, "overall_width": 0.8384383916854858, "lining_properties": {"lining_depth": 0.05000000074505806, "lining_thickness": 0.05000000074505806, "lining_offset": 0.05000000074505806, "lining_to_panel_offset_x": 0.02500000037252903, "lining_to_panel_offset_y": 0.02500000037252903}, "panel_properties": {"frame_depth": [0.03500000014901161, 0.03500000014901161, 0.03500000014901161], "frame_thickness": [0.03500000014901161, 0.03500000014901161, 0.03500000014901161]}}'),$);
#7045=IFCCARTESIANPOINT((0.,0.,0.));
#7046=IFCDIRECTION((1.,0.,0.));
#7047=IFCDIRECTION((0.,0.,1.));
#7048=IFCAXIS2PLACEMENT3D(#7045,#7047,#7046);
#7049=IFCREPRESENTATIONMAP(#7048,#7669);
#7093=IFCCARTESIANPOINT((0.,0.,0.));
#7094=IFCDIRECTION((1.,0.,0.));
#7095=IFCDIRECTION((0.,0.,1.));
#7096=IFCAXIS2PLACEMENT3D(#7093,#7095,#7094);
#7097=IFCREPRESENTATIONMAP(#7096,#7712);
#7115=IFCCARTESIANPOINT((0.,0.,0.));
#7116=IFCDIRECTION((1.,0.,0.));
#7117=IFCDIRECTION((0.,0.,1.));
#7118=IFCAXIS2PLACEMENT3D(#7115,#7117,#7116);
#7119=IFCREPRESENTATIONMAP(#7118,#7729);
#7120=IFCWINDOW('0ge8DkBNT6OhEO5HqjSY4k',$,'Window',$,$,#7754,#7129,$,0.89999997615814209,0.83843839168548584,$,.SINGLE_PANEL.,$);
#7121=IFCRELDEFINESBYTYPE('0wI7MfLiX4K9JrYQySIDBe',$,$,$,(#7120),#7039);
#7122=IFCCARTESIANPOINT((0.,0.,0.));
#7123=IFCDIRECTION((1.,0.,0.));
#7124=IFCDIRECTION((0.,1.,0.));
#7125=IFCDIRECTION((0.,0.,1.));
#7126=IFCCARTESIANTRANSFORMATIONOPERATOR3D(#7123,#7124,#7122,1.,#7125);
#7127=IFCMAPPEDITEM(#7049,#7126);
#7128=IFCSHAPEREPRESENTATION(#18,'Profile','MappedRepresentation',(#7127));
#7129=IFCPRODUCTDEFINITIONSHAPE($,$,(#7128,#7136,#7143));
#7130=IFCCARTESIANPOINT((0.,0.,0.));
#7131=IFCDIRECTION((1.,0.,0.));
#7132=IFCDIRECTION((0.,1.,0.));
#7133=IFCDIRECTION((0.,0.,1.));
#7134=IFCCARTESIANTRANSFORMATIONOPERATOR3D(#7131,#7132,#7130,1.,#7133);
#7135=IFCMAPPEDITEM(#7097,#7134);
#7136=IFCSHAPEREPRESENTATION(#11,'Body','MappedRepresentation',(#7135));
#7137=IFCCARTESIANPOINT((0.,0.,0.));
#7138=IFCDIRECTION((1.,0.,0.));
#7139=IFCDIRECTION((0.,1.,0.));
#7140=IFCDIRECTION((0.,0.,1.));
#7141=IFCCARTESIANTRANSFORMATIONOPERATOR3D(#7138,#7139,#7137,1.,#7140);
#7142=IFCMAPPEDITEM(#7119,#7141);
#7143=IFCSHAPEREPRESENTATION(#24,'Body','MappedRepresentation',(#7142));
#7144=IFCOPENINGELEMENT('1FXDfI_VzD8wIUPXRRHbWc',$,'Opening',$,$,#7749,#7172,$,.OPENING.);
#7160=IFCCARTESIANPOINT((0.,0.,0.));
#7161=IFCDIRECTION((1.,0.,0.));
#7162=IFCDIRECTION((0.,0.,1.));
#7163=IFCAXIS2PLACEMENT3D(#7160,#7162,#7161);
#7164=IFCREPRESENTATIONMAP(#7163,#7739);
#7165=IFCCARTESIANPOINT((0.,0.,0.));
#7166=IFCDIRECTION((1.,0.,0.));
#7167=IFCDIRECTION((0.,1.,0.));
#7168=IFCDIRECTION((0.,0.,1.));
#7169=IFCCARTESIANTRANSFORMATIONOPERATOR3D(#7166,#7167,#7165,1.,#7168);
#7170=IFCMAPPEDITEM(#7164,#7169);
#7171=IFCSHAPEREPRESENTATION(#11,'Body','MappedRepresentation',(#7170));
#7172=IFCPRODUCTDEFINITIONSHAPE($,$,(#7171));
#7173=IFCRELVOIDSELEMENT('3ITFylLRzF5P7OicLg_FPM',$,$,$,#416,#7144);
#7179=IFCRELFILLSELEMENT('0OpPAAvWPCJf53_MKpuHFr',$,$,$,#7144,#7120);
#7188=IFCCARTESIANPOINTLIST2D(((0.,0.),(0.76832675933837891,0.),(0.76832675933837891,0.89999997615814209),(0.,0.89999997615814209)));
#7189=IFCINDEXEDPOLYCURVE(#7188,(IFCLINEINDEX((1,2,3,4,1))),$);
#7190=IFCCARTESIANPOINTLIST2D(((0.02500000037252903,0.02500000037252903),(0.74332675896584988,0.02500000037252903),(0.74332675896584988,0.87499997578561306),(0.02500000037252903,0.87499997578561306)));
#7191=IFCINDEXEDPOLYCURVE(#7190,(IFCLINEINDEX((1,2,3,4,1))),$);
#7192=IFCARBITRARYPROFILEDEFWITHVOIDS(.AREA.,$,#7189,(#7191));
#7193=IFCCARTESIANPOINT((0.,0.090000001713633537,0.));
#7194=IFCDIRECTION((0.,-1.,0.));
#7195=IFCDIRECTION((1.,0.,0.));
#7196=IFCAXIS2PLACEMENT3D(#7193,#7194,#7195);
#7197=IFCDIRECTION((0.,0.,-1.));
#7198=IFCEXTRUDEDAREASOLID(#7192,#7196,#7197,0.0099999997764825821);
#7199=IFCCARTESIANPOINTLIST2D(((0.,0.),(0.76832675933837891,0.),(0.76832675933837891,0.89999997615814209),(0.,0.89999997615814209)));
#7200=IFCINDEXEDPOLYCURVE(#7199,(IFCLINEINDEX((1,2,3,4,1))),$);
#7201=IFCCARTESIANPOINTLIST2D(((0.05000000074505806,0.05000000074505806),(0.71832675859332085,0.05000000074505806),(0.71832675859332085,0.84999997541308403),(0.05000000074505806,0.84999997541308403)));
#7202=IFCINDEXEDPOLYCURVE(#7201,(IFCLINEINDEX((1,2,3,4,1))),$);
#7203=IFCARBITRARYPROFILEDEFWITHVOIDS(.AREA.,$,#7200,(#7202));
#7204=IFCCARTESIANPOINT((0.,0.05000000074505806,0.));
#7205=IFCDIRECTION((0.,-1.,0.));
#7206=IFCDIRECTION((1.,0.,0.));
#7207=IFCAXIS2PLACEMENT3D(#7204,#7205,#7206);
#7208=IFCDIRECTION((0.,0.,-1.));
#7209=IFCEXTRUDEDAREASOLID(#7203,#7207,#7208,0.040000000968575478);
#7210=IFCCARTESIANPOINTLIST2D(((0.,0.),(0.71832675859332085,0.),(0.71832675859332085,0.84999997541308403),(0.,0.84999997541308403)));
#7211=IFCINDEXEDPOLYCURVE(#7210,(IFCLINEINDEX((1,2,3,4,1))),$);
#7212=IFCCARTESIANPOINTLIST2D(((0.035000000149011612,0.035000000149011612),(0.68332675844430923,0.035000000149011612),(0.68332675844430923,0.81499997526407242),(0.035000000149011612,0.81499997526407242)));
#7213=IFCINDEXEDPOLYCURVE(#7212,(IFCLINEINDEX((1,2,3,4,1))),$);
#7214=IFCARBITRARYPROFILEDEFWITHVOIDS(.AREA.,$,#7211,(#7213));
#7215=IFCCARTESIANPOINT((0.02500000037252903,0.090000001713633537,0.02500000037252903));
#7216=IFCDIRECTION((0.,-1.,0.));
#7217=IFCDIRECTION((1.,0.,0.));
#7218=IFCAXIS2PLACEMENT3D(#7215,#7216,#7217);
#7219=IFCDIRECTION((0.,0.,-1.));
#7220=IFCEXTRUDEDAREASOLID(#7214,#7218,#7219,0.035000000149011612);
#7221=IFCINDEXEDPOLYCURVE(#7222,(IFCLINEINDEX((1,2,3,4,1))),$);
#7222=IFCCARTESIANPOINTLIST2D(((0.035000000149011612,0.035000000149011612),(0.68332675844430923,0.035000000149011612),(0.68332675844430923,0.81499997526407242),(0.035000000149011612,0.81499997526407242)));
#7223=IFCARBITRARYCLOSEDPROFILEDEF(.AREA.,$,#7221);
#7224=IFCCARTESIANPOINT((0.02500000037252903,0.10250000178813934,0.02500000037252903));
#7225=IFCDIRECTION((0.,-1.,0.));
#7226=IFCDIRECTION((1.,0.,0.));
#7227=IFCAXIS2PLACEMENT3D(#7224,#7225,#7226);
#7228=IFCDIRECTION((0.,0.,-1.));
#7229=IFCEXTRUDEDAREASOLID(#7223,#7227,#7228,0.01);
#7231=IFCSHAPEREPRESENTATION(#11,'Body','SweptSolid',(#7680,#7691,#7198,#7209));
#7232=IFCSHAPEASPECT((#7231),'Lining',$,.T.,#7129);
#7233=IFCSHAPEREPRESENTATION(#11,'Body','SweptSolid',(#7702,#7220));
#7234=IFCSHAPEASPECT((#7233),'Framing',$,.T.,#7129);
#7235=IFCSHAPEREPRESENTATION(#11,'Body','SweptSolid',(#7229,#7711));
#7236=IFCSHAPEASPECT((#7235),'Glazing',$,.T.,#7129);
#7294=IFCWINDOWTYPE('3uNX6nIqP6ZOFwP8FWiKyC',$,'Maid-GF',$,$,(#7295),(#7297,#7305,#7353),$,$,.WINDOW.,.SINGLE_PANEL.,$,$);
#7295=IFCPROPERTYSET('1oj4j396bBgRW3Bo18zleG',$,'BBIM_Window',$,(#7296));
#7296=IFCPROPERTYSINGLEVALUE('Data',$,IFCTEXT('{"window_type": "SINGLE_PANEL", "overall_height": 0.8999999761581421, "overall_width": 0.841018557548523, "lining_properties": {"lining_depth": 0.05000000074505806, "lining_thickness": 0.05000000074505806, "lining_offset": 0.05000000074505806, "lining_to_panel_offset_x": 0.02500000037252903, "lining_to_panel_offset_y": 0.02500000037252903}, "panel_properties": {"frame_depth": [0.03500000014901161, 0.03500000014901161, 0.03500000014901161], "frame_thickness": [0.03500000014901161, 0.03500000014901161, 0.03500000014901161]}}'),$);
#7297=IFCREPRESENTATIONMAP(#7298,#7551);
#7298=IFCAXIS2PLACEMENT3D(#7299,#7300,#7301);
#7299=IFCCARTESIANPOINT((0.,0.,0.));
#7300=IFCDIRECTION((0.,0.,1.));
#7301=IFCDIRECTION((1.,0.,0.));
#7305=IFCREPRESENTATIONMAP(#7306,#7594);
#7306=IFCAXIS2PLACEMENT3D(#7307,#7308,#7309);
#7307=IFCCARTESIANPOINT((0.,0.,0.));
#7308=IFCDIRECTION((0.,0.,1.));
#7309=IFCDIRECTION((1.,0.,0.));
#7353=IFCREPRESENTATIONMAP(#7354,#7611);
#7354=IFCAXIS2PLACEMENT3D(#7355,#7356,#7357);
#7355=IFCCARTESIANPOINT((0.,0.,0.));
#7356=IFCDIRECTION((0.,0.,1.));
#7357=IFCDIRECTION((1.,0.,0.));
#7375=IFCWINDOW('0YipEiNOHEEwYhdBvo1mhZ',$,'Window',$,$,#7636,#7384,$,0.89999997615814209,0.84101855754852295,$,.SINGLE_PANEL.,$);
#7376=IFCRELDEFINESBYTYPE('0wp51rQLz9iwxGgGc6E5Cc',$,$,$,(#7375),#7294);
#7377=IFCCARTESIANPOINT((0.,0.,0.));
#7378=IFCDIRECTION((1.,0.,0.));
#7379=IFCDIRECTION((0.,1.,0.));
#7380=IFCDIRECTION((0.,0.,1.));
#7381=IFCCARTESIANTRANSFORMATIONOPERATOR3D(#7378,#7379,#7377,1.,#7380);
#7382=IFCMAPPEDITEM(#7297,#7381);
#7383=IFCSHAPEREPRESENTATION(#18,'Profile','MappedRepresentation',(#7382));
#7384=IFCPRODUCTDEFINITIONSHAPE($,$,(#7383,#7391,#7398));
#7385=IFCCARTESIANPOINT((0.,0.,0.));
#7386=IFCDIRECTION((1.,0.,0.));
#7387=IFCDIRECTION((0.,1.,0.));
#7388=IFCDIRECTION((0.,0.,1.));
#7389=IFCCARTESIANTRANSFORMATIONOPERATOR3D(#7386,#7387,#7385,1.,#7388);
#7390=IFCMAPPEDITEM(#7305,#7389);
#7391=IFCSHAPEREPRESENTATION(#11,'Body','MappedRepresentation',(#7390));
#7392=IFCCARTESIANPOINT((0.,0.,0.));
#7393=IFCDIRECTION((1.,0.,0.));
#7394=IFCDIRECTION((0.,1.,0.));
#7395=IFCDIRECTION((0.,0.,1.));
#7396=IFCCARTESIANTRANSFORMATIONOPERATOR3D(#7393,#7394,#7392,1.,#7395);
#7397=IFCMAPPEDITEM(#7353,#7396);
#7398=IFCSHAPEREPRESENTATION(#24,'Body','MappedRepresentation',(#7397));
#7399=IFCOPENINGELEMENT('1YY4truRjCDQtvn$sTZ2hB',$,'Opening',$,$,#7631,#7427,$,.OPENING.);
#7415=IFCCARTESIANPOINT((0.,0.,0.));
#7416=IFCDIRECTION((1.,0.,0.));
#7417=IFCDIRECTION((0.,0.,1.));
#7418=IFCAXIS2PLACEMENT3D(#7415,#7417,#7416);
#7419=IFCREPRESENTATIONMAP(#7418,#7621);
#7420=IFCCARTESIANPOINT((0.,0.,0.));
#7421=IFCDIRECTION((1.,0.,0.));
#7422=IFCDIRECTION((0.,1.,0.));
#7423=IFCDIRECTION((0.,0.,1.));
#7424=IFCCARTESIANTRANSFORMATIONOPERATOR3D(#7421,#7422,#7420,1.,#7423);
#7425=IFCMAPPEDITEM(#7419,#7424);
#7426=IFCSHAPEREPRESENTATION(#11,'Body','MappedRepresentation',(#7425));
#7427=IFCPRODUCTDEFINITIONSHAPE($,$,(#7426));
#7428=IFCRELVOIDSELEMENT('0XPLdtTGb6ggx$5J2yFF4p',$,$,$,#391,#7399);
#7434=IFCRELFILLSELEMENT('1Zm1WLN4DDPRxc4GKlQjWR',$,$,$,#7399,#7375);
#7443=IFCCARTESIANPOINTLIST2D(((0.,0.),(0.81041145324707031,0.),(0.81041145324707031,0.89999997615814209),(0.,0.89999997615814209)));
#7444=IFCINDEXEDPOLYCURVE(#7443,(IFCLINEINDEX((1,2,3,4,1))),$);
#7445=IFCCARTESIANPOINTLIST2D(((0.02500000037252903,0.02500000037252903),(0.78541145287454128,0.02500000037252903),(0.78541145287454128,0.87499997578561306),(0.02500000037252903,0.87499997578561306)));
#7446=IFCINDEXEDPOLYCURVE(#7445,(IFCLINEINDEX((1,2,3,4,1))),$);
#7447=IFCARBITRARYPROFILEDEFWITHVOIDS(.AREA.,$,#7444,(#7446));
#7448=IFCCARTESIANPOINT((0.,0.090000001713633537,0.));
#7449=IFCDIRECTION((0.,-1.,0.));
#7450=IFCDIRECTION((1.,0.,0.));
#7451=IFCAXIS2PLACEMENT3D(#7448,#7449,#7450);
#7452=IFCDIRECTION((0.,0.,-1.));
#7453=IFCEXTRUDEDAREASOLID(#7447,#7451,#7452,0.0099999997764825821);
#7454=IFCCARTESIANPOINTLIST2D(((0.,0.),(0.81041145324707031,0.),(0.81041145324707031,0.89999997615814209),(0.,0.89999997615814209)));
#7455=IFCINDEXEDPOLYCURVE(#7454,(IFCLINEINDEX((1,2,3,4,1))),$);
#7456=IFCCARTESIANPOINTLIST2D(((0.05000000074505806,0.05000000074505806),(0.76041145250201225,0.05000000074505806),(0.76041145250201225,0.84999997541308403),(0.05000000074505806,0.84999997541308403)));
#7457=IFCINDEXEDPOLYCURVE(#7456,(IFCLINEINDEX((1,2,3,4,1))),$);
#7458=IFCARBITRARYPROFILEDEFWITHVOIDS(.AREA.,$,#7455,(#7457));
#7459=IFCCARTESIANPOINT((0.,0.05000000074505806,0.));
#7460=IFCDIRECTION((0.,-1.,0.));
#7461=IFCDIRECTION((1.,0.,0.));
#7462=IFCAXIS2PLACEMENT3D(#7459,#7460,#7461);
#7463=IFCDIRECTION((0.,0.,-1.));
#7464=IFCEXTRUDEDAREASOLID(#7458,#7462,#7463,0.040000000968575478);
#7465=IFCCARTESIANPOINTLIST2D(((0.,0.),(0.76041145250201225,0.),(0.76041145250201225,0.84999997541308403),(0.,0.84999997541308403)));
#7466=IFCINDEXEDPOLYCURVE(#7465,(IFCLINEINDEX((1,2,3,4,1))),$);
#7467=IFCCARTESIANPOINTLIST2D(((0.035000000149011612,0.035000000149011612),(0.72541145235300064,0.035000000149011612),(0.72541145235300064,0.81499997526407242),(0.035000000149011612,0.81499997526407242)));
#7468=IFCINDEXEDPOLYCURVE(#7467,(IFCLINEINDEX((1,2,3,4,1))),$);
#7469=IFCARBITRARYPROFILEDEFWITHVOIDS(.AREA.,$,#7466,(#7468));
#7470=IFCCARTESIANPOINT((0.02500000037252903,0.090000001713633537,0.02500000037252903));
#7471=IFCDIRECTION((0.,-1.,0.));
#7472=IFCDIRECTION((1.,0.,0.));
#7473=IFCAXIS2PLACEMENT3D(#7470,#7471,#7472);
#7474=IFCDIRECTION((0.,0.,-1.));
#7475=IFCEXTRUDEDAREASOLID(#7469,#7473,#7474,0.035000000149011612);
#7476=IFCINDEXEDPOLYCURVE(#7477,(IFCLINEINDEX((1,2,3,4,1))),$);
#7477=IFCCARTESIANPOINTLIST2D(((0.035000000149011612,0.035000000149011612),(0.72541145235300064,0.035000000149011612),(0.72541145235300064,0.81499997526407242),(0.035000000149011612,0.81499997526407242)));
#7478=IFCARBITRARYCLOSEDPROFILEDEF(.AREA.,$,#7476);
#7479=IFCCARTESIANPOINT((0.02500000037252903,0.10250000178813934,0.02500000037252903));
#7480=IFCDIRECTION((0.,-1.,0.));
#7481=IFCDIRECTION((1.,0.,0.));
#7482=IFCAXIS2PLACEMENT3D(#7479,#7480,#7481);
#7483=IFCDIRECTION((0.,0.,-1.));
#7484=IFCEXTRUDEDAREASOLID(#7478,#7482,#7483,0.01);
#7486=IFCSHAPEREPRESENTATION(#11,'Body','SweptSolid',(#7464,#7453,#7573,#7562));
#7487=IFCSHAPEASPECT((#7486),'Lining',$,.T.,#7384);
#7488=IFCSHAPEREPRESENTATION(#11,'Body','SweptSolid',(#7584,#7475));
#7489=IFCSHAPEASPECT((#7488),'Framing',$,.T.,#7384);
#7490=IFCSHAPEREPRESENTATION(#11,'Body','SweptSolid',(#7593,#7484));
#7491=IFCSHAPEASPECT((#7490),'Glazing',$,.T.,#7384);
#7549=IFCCARTESIANPOINTLIST3D(((0.,0.,0.),(0.84101855754852295,0.,0.),(0.84101855754852295,0.,0.89999997615814209),(0.,0.,0.89999997615814209)));
#7550=IFCINDEXEDPOLYCURVE(#7549,(IFCLINEINDEX((1,2,3,4,1))),$);
#7551=IFCSHAPEREPRESENTATION(#18,'Profile','Curve3D',(#7550));
#7552=IFCCARTESIANPOINTLIST2D(((0.,0.),(0.84101855754852295,0.),(0.84101855754852295,0.89999997615814209),(0.,0.89999997615814209)));
#7553=IFCINDEXEDPOLYCURVE(#7552,(IFCLINEINDEX((1,2,3,4,1))),$);
#7554=IFCCARTESIANPOINTLIST2D(((0.02500000037252903,0.02500000037252903),(0.81601855717599392,0.02500000037252903),(0.81601855717599392,0.87499997578561306),(0.02500000037252903,0.87499997578561306)));
#7555=IFCINDEXEDPOLYCURVE(#7554,(IFCLINEINDEX((1,2,3,4,1))),$);
#7556=IFCARBITRARYPROFILEDEFWITHVOIDS(.AREA.,$,#7553,(#7555));
#7557=IFCCARTESIANPOINT((0.,0.090000001713633537,0.));
#7558=IFCDIRECTION((0.,-1.,0.));
#7559=IFCDIRECTION((1.,0.,0.));
#7560=IFCAXIS2PLACEMENT3D(#7557,#7558,#7559);
#7561=IFCDIRECTION((0.,0.,-1.));
#7562=IFCEXTRUDEDAREASOLID(#7556,#7560,#7561,0.0099999997764825821);
#7563=IFCCARTESIANPOINTLIST2D(((0.,0.),(0.84101855754852295,0.),(0.84101855754852295,0.89999997615814209),(0.,0.89999997615814209)));
#7564=IFCINDEXEDPOLYCURVE(#7563,(IFCLINEINDEX((1,2,3,4,1))),$);
#7565=IFCCARTESIANPOINTLIST2D(((0.05000000074505806,0.05000000074505806),(0.79101855680346489,0.05000000074505806),(0.79101855680346489,0.84999997541308403),(0.05000000074505806,0.84999997541308403)));
#7566=IFCINDEXEDPOLYCURVE(#7565,(IFCLINEINDEX((1,2,3,4,1))),$);
#7567=IFCARBITRARYPROFILEDEFWITHVOIDS(.AREA.,$,#7564,(#7566));
#7568=IFCCARTESIANPOINT((0.,0.05000000074505806,0.));
#7569=IFCDIRECTION((0.,-1.,0.));
#7570=IFCDIRECTION((1.,0.,0.));
#7571=IFCAXIS2PLACEMENT3D(#7568,#7569,#7570);
#7572=IFCDIRECTION((0.,0.,-1.));
#7573=IFCEXTRUDEDAREASOLID(#7567,#7571,#7572,0.040000000968575478);
#7574=IFCCARTESIANPOINTLIST2D(((0.,0.),(0.79101855680346489,0.),(0.79101855680346489,0.84999997541308403),(0.,0.84999997541308403)));
#7575=IFCINDEXEDPOLYCURVE(#7574,(IFCLINEINDEX((1,2,3,4,1))),$);
#7576=IFCCARTESIANPOINTLIST2D(((0.035000000149011612,0.035000000149011612),(0.75601855665445328,0.035000000149011612),(0.75601855665445328,0.81499997526407242),(0.035000000149011612,0.81499997526407242)));
#7577=IFCINDEXEDPOLYCURVE(#7576,(IFCLINEINDEX((1,2,3,4,1))),$);
#7578=IFCARBITRARYPROFILEDEFWITHVOIDS(.AREA.,$,#7575,(#7577));
#7579=IFCCARTESIANPOINT((0.02500000037252903,0.090000001713633537,0.02500000037252903));
#7580=IFCDIRECTION((0.,-1.,0.));
#7581=IFCDIRECTION((1.,0.,0.));
#7582=IFCAXIS2PLACEMENT3D(#7579,#7580,#7581);
#7583=IFCDIRECTION((0.,0.,-1.));
#7584=IFCEXTRUDEDAREASOLID(#7578,#7582,#7583,0.035000000149011612);
#7585=IFCINDEXEDPOLYCURVE(#7586,(IFCLINEINDEX((1,2,3,4,1))),$);
#7586=IFCCARTESIANPOINTLIST2D(((0.035000000149011612,0.035000000149011612),(0.75601855665445328,0.035000000149011612),(0.75601855665445328,0.81499997526407242),(0.035000000149011612,0.81499997526407242)));
#7587=IFCARBITRARYCLOSEDPROFILEDEF(.AREA.,$,#7585);
#7588=IFCCARTESIANPOINT((0.02500000037252903,0.10250000178813934,0.02500000037252903));
#7589=IFCDIRECTION((0.,-1.,0.));
#7590=IFCDIRECTION((1.,0.,0.));
#7591=IFCAXIS2PLACEMENT3D(#7588,#7589,#7590);
#7592=IFCDIRECTION((0.,0.,-1.));
#7593=IFCEXTRUDEDAREASOLID(#7587,#7591,#7592,0.01);
#7594=IFCSHAPEREPRESENTATION(#11,'Body','SweptSolid',(#7562,#7573,#7584,#7593));
#7595=IFCCARTESIANPOINTLIST2D(((0.05000000074505806,0.05000000074505806),(0.79101855680346489,0.05000000074505806)));
#7596=IFCINDEXEDPOLYCURVE(#7595,$,$);
#7597=IFCCARTESIANPOINTLIST2D(((0.,0.10000000149011612),(0.02500000037252903,0.10000000149011612),(0.02500000037252903,0.090000001713633537),(0.05000000074505806,0.090000001713633537),(0.05000000074505806,0.05000000074505806),(0.,0.05000000074505806)));
#7598=IFCINDEXEDPOLYCURVE(#7597,(IFCLINEINDEX((1,2,3,4,5,6,1))),$);
#7599=IFCCARTESIANPOINTLIST2D(((0.84101855754852295,0.10000000149011612),(0.81601855717599392,0.10000000149011612),(0.81601855717599392,0.090000001713633537),(0.79101855680346489,0.090000001713633537),(0.79101855680346489,0.05000000074505806),(0.84101855754852295,0.05000000074505806)));
#7600=IFCINDEXEDPOLYCURVE(#7599,(IFCLINEINDEX((1,2,3,4,5,6,1))),$);
#7601=IFCCARTESIANPOINTLIST2D(((0.02500000037252903,0.090000001713633537),(0.060000000521540642,0.090000001713633537),(0.060000000521540642,0.12500000186264515),(0.02500000037252903,0.12500000186264515)));
#7602=IFCINDEXEDPOLYCURVE(#7601,(IFCLINEINDEX((1,2,3,4,1))),$);
#7603=IFCINDEXEDPOLYCURVE(#7604,(IFCLINEINDEX((1,2,3,4,1))),$);
#7604=IFCCARTESIANPOINTLIST2D(((0.81601855717599392,0.090000001713633537),(0.78101855702698231,0.090000001713633537),(0.78101855702698231,0.12500000186264515),(0.81601855717599392,0.12500000186264515)));
#7605=IFCCARTESIANPOINTLIST2D(((0.060000000521540642,0.090000001713633537),(0.78101855702698231,0.090000001713633537)));
#7606=IFCINDEXEDPOLYCURVE(#7605,$,$);
#7607=IFCINDEXEDPOLYCURVE(#7608,$,$);
#7608=IFCCARTESIANPOINTLIST2D(((0.060000000521540642,0.12500000186264515),(0.78101855702698231,0.12500000186264515)));
#7609=IFCINDEXEDPOLYCURVE(#7610,$,$);
#7610=IFCCARTESIANPOINTLIST2D(((0.060000000521540642,0.10750000178813934),(0.78101855702698231,0.10750000178813934)));
#7611=IFCSHAPEREPRESENTATION(#24,'Body','Curve2D',(#7596,#7598,#7600,#7602,#7603,#7606,#7607,#7609));
#7612=IFCCARTESIANPOINTLIST2D(((0.,0.),(0.84101855754852295,0.),(0.84101855754852295,0.89999997615814209),(0.,0.89999997615814209)));
#7613=IFCINDEXEDPOLYCURVE(#7612,(IFCLINEINDEX((1,2,3,4,1))),$);
#7614=IFCARBITRARYCLOSEDPROFILEDEF(.AREA.,$,#7613);
#7615=IFCCARTESIANPOINT((0.,-0.60000002384185791,0.));
#7616=IFCDIRECTION((0.,-1.,0.));
#7617=IFCDIRECTION((1.,0.,0.));
#7618=IFCAXIS2PLACEMENT3D(#7615,#7616,#7617);
#7619=IFCDIRECTION((0.,0.,-1.));
#7620=IFCEXTRUDEDAREASOLID(#7614,#7618,#7619,1.2);
#7621=IFCSHAPEREPRESENTATION(#11,'Body','SweptSolid',(#7620));
#7627=IFCCARTESIANPOINT((0.75093709201027459,6.5970361617928575E-08,1.));
#7628=IFCDIRECTION((0.,0.,1.));
#7629=IFCDIRECTION((0.99999999999995448,-3.0199159084529453E-07,0.));
#7630=IFCAXIS2PLACEMENT3D(#7627,#7628,#7629);
#7631=IFCLOCALPLACEMENT(#1724,#7630);
#7632=IFCCARTESIANPOINT((1.0408340855860843E-16,0.,0.));
#7633=IFCDIRECTION((0.,0.,1.));
#7634=IFCDIRECTION((1.,-5.2939559203393771E-23,0.));
#7635=IFCAXIS2PLACEMENT3D(#7632,#7633,#7634);
#7636=IFCLOCALPLACEMENT(#7631,#7635);
#7667=IFCCARTESIANPOINTLIST3D(((0.,0.,0.),(0.83843839168548584,0.,0.),(0.83843839168548584,0.,0.89999997615814209),(0.,0.,0.89999997615814209)));
#7668=IFCINDEXEDPOLYCURVE(#7667,(IFCLINEINDEX((1,2,3,4,1))),$);
#7669=IFCSHAPEREPRESENTATION(#18,'Profile','Curve3D',(#7668));
#7670=IFCCARTESIANPOINTLIST2D(((0.,0.),(0.83843839168548584,0.),(0.83843839168548584,0.89999997615814209),(0.,0.89999997615814209)));
#7671=IFCINDEXEDPOLYCURVE(#7670,(IFCLINEINDEX((1,2,3,4,1))),$);
#7672=IFCCARTESIANPOINTLIST2D(((0.02500000037252903,0.02500000037252903),(0.81343839131295681,0.02500000037252903),(0.81343839131295681,0.87499997578561306),(0.02500000037252903,0.87499997578561306)));
#7673=IFCINDEXEDPOLYCURVE(#7672,(IFCLINEINDEX((1,2,3,4,1))),$);
#7674=IFCARBITRARYPROFILEDEFWITHVOIDS(.AREA.,$,#7671,(#7673));
#7675=IFCCARTESIANPOINT((0.,0.090000001713633537,0.));
#7676=IFCDIRECTION((0.,-1.,0.));
#7677=IFCDIRECTION((1.,0.,0.));
#7678=IFCAXIS2PLACEMENT3D(#7675,#7676,#7677);
#7679=IFCDIRECTION((0.,0.,-1.));
#7680=IFCEXTRUDEDAREASOLID(#7674,#7678,#7679,0.0099999997764825821);
#7681=IFCCARTESIANPOINTLIST2D(((0.,0.),(0.83843839168548584,0.),(0.83843839168548584,0.89999997615814209),(0.,0.89999997615814209)));
#7682=IFCINDEXEDPOLYCURVE(#7681,(IFCLINEINDEX((1,2,3,4,1))),$);
#7683=IFCCARTESIANPOINTLIST2D(((0.05000000074505806,0.05000000074505806),(0.78843839094042778,0.05000000074505806),(0.78843839094042778,0.84999997541308403),(0.05000000074505806,0.84999997541308403)));
#7684=IFCINDEXEDPOLYCURVE(#7683,(IFCLINEINDEX((1,2,3,4,1))),$);
#7685=IFCARBITRARYPROFILEDEFWITHVOIDS(.AREA.,$,#7682,(#7684));
#7686=IFCCARTESIANPOINT((0.,0.05000000074505806,0.));
#7687=IFCDIRECTION((0.,-1.,0.));
#7688=IFCDIRECTION((1.,0.,0.));
#7689=IFCAXIS2PLACEMENT3D(#7686,#7687,#7688);
#7690=IFCDIRECTION((0.,0.,-1.));
#7691=IFCEXTRUDEDAREASOLID(#7685,#7689,#7690,0.040000000968575478);
#7692=IFCCARTESIANPOINTLIST2D(((0.,0.),(0.78843839094042778,0.),(0.78843839094042778,0.84999997541308403),(0.,0.84999997541308403)));
#7693=IFCINDEXEDPOLYCURVE(#7692,(IFCLINEINDEX((1,2,3,4,1))),$);
#7694=IFCCARTESIANPOINTLIST2D(((0.035000000149011612,0.035000000149011612),(0.75343839079141617,0.035000000149011612),(0.75343839079141617,0.81499997526407242),(0.035000000149011612,0.81499997526407242)));
#7695=IFCINDEXEDPOLYCURVE(#7694,(IFCLINEINDEX((1,2,3,4,1))),$);
#7696=IFCARBITRARYPROFILEDEFWITHVOIDS(.AREA.,$,#7693,(#7695));
#7697=IFCCARTESIANPOINT((0.02500000037252903,0.090000001713633537,0.02500000037252903));
#7698=IFCDIRECTION((0.,-1.,0.));
#7699=IFCDIRECTION((1.,0.,0.));
#7700=IFCAXIS2PLACEMENT3D(#7697,#7698,#7699);
#7701=IFCDIRECTION((0.,0.,-1.));
#7702=IFCEXTRUDEDAREASOLID(#7696,#7700,#7701,0.035000000149011612);
#7703=IFCINDEXEDPOLYCURVE(#7704,(IFCLINEINDEX((1,2,3,4,1))),$);
#7704=IFCCARTESIANPOINTLIST2D(((0.035000000149011612,0.035000000149011612),(0.75343839079141617,0.035000000149011612),(0.75343839079141617,0.81499997526407242),(0.035000000149011612,0.81499997526407242)));
#7705=IFCARBITRARYCLOSEDPROFILEDEF(.AREA.,$,#7703);
#7706=IFCCARTESIANPOINT((0.02500000037252903,0.10250000178813934,0.02500000037252903));
#7707=IFCDIRECTION((0.,-1.,0.));
#7708=IFCDIRECTION((1.,0.,0.));
#7709=IFCAXIS2PLACEMENT3D(#7706,#7707,#7708);
#7710=IFCDIRECTION((0.,0.,-1.));
#7711=IFCEXTRUDEDAREASOLID(#7705,#7709,#7710,0.01);
#7712=IFCSHAPEREPRESENTATION(#11,'Body','SweptSolid',(#7680,#7691,#7702,#7711));
#7713=IFCCARTESIANPOINTLIST2D(((0.05000000074505806,0.05000000074505806),(0.78843839094042778,0.05000000074505806)));
#7714=IFCINDEXEDPOLYCURVE(#7713,$,$);
#7715=IFCCARTESIANPOINTLIST2D(((0.,0.10000000149011612),(0.02500000037252903,0.10000000149011612),(0.02500000037252903,0.090000001713633537),(0.05000000074505806,0.090000001713633537),(0.05000000074505806,0.05000000074505806),(0.,0.05000000074505806)));
#7716=IFCINDEXEDPOLYCURVE(#7715,(IFCLINEINDEX((1,2,3,4,5,6,1))),$);
#7717=IFCCARTESIANPOINTLIST2D(((0.83843839168548584,0.10000000149011612),(0.81343839131295681,0.10000000149011612),(0.81343839131295681,0.090000001713633537),(0.78843839094042778,0.090000001713633537),(0.78843839094042778,0.05000000074505806),(0.83843839168548584,0.05000000074505806)));
#7718=IFCINDEXEDPOLYCURVE(#7717,(IFCLINEINDEX((1,2,3,4,5,6,1))),$);
#7719=IFCCARTESIANPOINTLIST2D(((0.02500000037252903,0.090000001713633537),(0.060000000521540642,0.090000001713633537),(0.060000000521540642,0.12500000186264515),(0.02500000037252903,0.12500000186264515)));
#7720=IFCINDEXEDPOLYCURVE(#7719,(IFCLINEINDEX((1,2,3,4,1))),$);
#7721=IFCINDEXEDPOLYCURVE(#7722,(IFCLINEINDEX((1,2,3,4,1))),$);
#7722=IFCCARTESIANPOINTLIST2D(((0.81343839131295681,0.090000001713633537),(0.7784383911639452,0.090000001713633537),(0.7784383911639452,0.12500000186264515),(0.81343839131295681,0.12500000186264515)));
#7723=IFCCARTESIANPOINTLIST2D(((0.060000000521540642,0.090000001713633537),(0.7784383911639452,0.090000001713633537)));
#7724=IFCINDEXEDPOLYCURVE(#7723,$,$);
#7725=IFCINDEXEDPOLYCURVE(#7726,$,$);
#7726=IFCCARTESIANPOINTLIST2D(((0.060000000521540642,0.12500000186264515),(0.7784383911639452,0.12500000186264515)));
#7727=IFCINDEXEDPOLYCURVE(#7728,$,$);
#7728=IFCCARTESIANPOINTLIST2D(((0.060000000521540642,0.10750000178813934),(0.7784383911639452,0.10750000178813934)));
#7729=IFCSHAPEREPRESENTATION(#24,'Body','Curve2D',(#7714,#7716,#7718,#7720,#7721,#7724,#7725,#7727));
#7730=IFCCARTESIANPOINTLIST2D(((0.,0.),(0.83843839168548584,0.),(0.83843839168548584,0.89999997615814209),(0.,0.89999997615814209)));
#7731=IFCINDEXEDPOLYCURVE(#7730,(IFCLINEINDEX((1,2,3,4,1))),$);
#7732=IFCARBITRARYCLOSEDPROFILEDEF(.AREA.,$,#7731);
#7733=IFCCARTESIANPOINT((0.,-0.60000002384185791,0.));
#7734=IFCDIRECTION((0.,-1.,0.));
#7735=IFCDIRECTION((1.,0.,0.));
#7736=IFCAXIS2PLACEMENT3D(#7733,#7734,#7735);
#7737=IFCDIRECTION((0.,0.,-1.));
#7738=IFCEXTRUDEDAREASOLID(#7732,#7736,#7737,1.2);
#7739=IFCSHAPEREPRESENTATION(#11,'Body','SweptSolid',(#7738));
#7745=IFCCARTESIANPOINT((2.9797108892693789,7.2871242151606452E-07,1.));
#7746=IFCDIRECTION((0.,0.,1.));
#7747=IFCDIRECTION((0.99999999999999289,1.1920928244535129E-07,0.));
#7748=IFCAXIS2PLACEMENT3D(#7745,#7746,#7747);
#7749=IFCLOCALPLACEMENT(#561,#7748);
#7750=IFCCARTESIANPOINT((-1.3322676295501878E-15,0.,0.));
#7751=IFCDIRECTION((0.,0.,1.));
#7752=IFCDIRECTION((1.,0.,0.));
#7753=IFCAXIS2PLACEMENT3D(#7750,#7751,#7752);
#7754=IFCLOCALPLACEMENT(#7749,#7753);
#7765=IFCSLAB('2Rnceeign8aOeGKStcH2tV',$,'Slab',$,$,#15629,#7780,$,$);
#7766=IFCRELCONTAINEDINSPATIALSTRUCTURE('1n5MvEd9D7rPELhGga3TR5',$,$,$,(#13667,#10423,#12560,#17664,#11160,#7925,#17329,#9025,#8026,#12399,#8151,#15143,#13629,#17472,#15885,#17236,#17445,#8987,#8076,#15165,#8001,#15090,#8879,#15068,#11780,#7765,#12869,#17570,#16001,#14654,#17592,#8126,#8949,#17374,#17691,#17713,#14865,#14728,#14033,#7976,#17548,#13828,#17352,#17396,#11603,#17418,#13260,#17499,#17521,#14627,#8101,#9155,#9932,#17740,#17777),#39);
#7767=IFCMATERIALLAYERSETUSAGE(#2011,.AXIS3.,.POSITIVE.,-0.10000000149011612,$);
#7768=IFCRELASSOCIATESMATERIAL('1br80CnMPEXuQCpgTjdRtA',$,$,$,(#7765),#7767);
#7774=IFCCARTESIANPOINTLIST2D(((0.,0.),(4.76837158203125E-07,9.0700006484985352),(-3.4699983596801758,9.0700006484985352),(-3.4699983596801758,7.5528173446655273),(-7.016322135925293,7.5528173446655273),(-7.0163211822509766,2.4528172016143799),(-4.0017762184143066,2.4528172016143799),(-4.0017766952514648,4.76837158203125E-07),(0.,0.)));
#7775=IFCINDEXEDPOLYCURVE(#7774,$,$);
#7776=IFCDIRECTION((0.,0.,1.));
#7777=IFCARBITRARYCLOSEDPROFILEDEF(.AREA.,$,#7775);
#7778=IFCEXTRUDEDAREASOLID(#7777,#7787,#7776,0.10000000000000001);
#7779=IFCSHAPEREPRESENTATION(#11,'Body','SweptSolid',(#7778));
#7780=IFCPRODUCTDEFINITIONSHAPE($,$,(#7779));
#7781=IFCPROPERTYSET('1yXMNFHcD9wgMkT6qaKZH$',$,'EPset_Parametric',$,(#7783));
#7782=IFCRELDEFINESBYPROPERTIES('0jiUZDbKL5wOfW9f4_9pSJ',$,$,$,(#7765),#7781);
#7783=IFCPROPERTYSINGLEVALUE('Engine',$,IFCLABEL('Bonsai.DumbLayer3'),$);
#7784=IFCCARTESIANPOINT((-0.,-0.,-0.10000000149011612));
#7785=IFCDIRECTION((0.,0.,1.));
#7786=IFCDIRECTION((1.,0.,0.));
#7787=IFCAXIS2PLACEMENT3D(#7784,#7785,#7786);
#7788=IFCROOFTYPE('0fmPyJTGL2ugUwAWDeMrKx',$,'ROOF',$,$,(#7789),(#7818,#7846),$,$,.HIP_ROOF.);
#7789=IFCPROPERTYSET('3h11ikngr0IQixlnltshG3',$,'BBIM_Roof',$,(#7790));
#7790=IFCPROPERTYSINGLEVALUE('Data',$,IFCTEXT('{"roof_type": "HIP/GABLE ROOF", "generation_method": "ANGLE", "roof_thickness": 0.10000000149011612, "rafter_edge_angle": 1.5707963705062866, "angle": 0.1745329201221466, "percentage": 17.63269805908203, "path_data": {"edges": [[0, 1], [1, 2], [2, 3], [3, 0]], "verts": [[-5.0, -5.0, 0.0], [-5.0, 5.0, 0.0], [5.0, 5.0, 0.0], [5.0, -5.0, 0.0]]}}'),$);
#7814=IFCCARTESIANPOINT((0.,0.,0.));
#7815=IFCDIRECTION((1.,0.,0.));
#7816=IFCDIRECTION((0.,0.,1.));
#7817=IFCAXIS2PLACEMENT3D(#7814,#7816,#7815);
#7818=IFCREPRESENTATIONMAP(#7817,#7837);
#7819=IFCINDEXEDPOLYGONALFACE((3,1,2));
#7820=IFCINDEXEDPOLYGONALFACE((2,4,3));
#7821=IFCINDEXEDPOLYGONALFACE((1,3,5));
#7822=IFCINDEXEDPOLYGONALFACE((4,5,3));
#7823=IFCINDEXEDPOLYGONALFACE((6,7,8));
#7824=IFCINDEXEDPOLYGONALFACE((8,2,1));
#7825=IFCINDEXEDPOLYGONALFACE((8,1,6));
#7826=IFCINDEXEDPOLYGONALFACE((8,7,9));
#7827=IFCINDEXEDPOLYGONALFACE((2,8,9));
#7828=IFCINDEXEDPOLYGONALFACE((2,9,4));
#7829=IFCINDEXEDPOLYGONALFACE((10,7,6));
#7830=IFCINDEXEDPOLYGONALFACE((6,1,5));
#7831=IFCINDEXEDPOLYGONALFACE((6,5,10));
#7832=IFCINDEXEDPOLYGONALFACE((9,7,10));
#7833=IFCINDEXEDPOLYGONALFACE((4,9,10));
#7834=IFCINDEXEDPOLYGONALFACE((4,10,5));
#7835=IFCCARTESIANPOINTLIST3D(((-5.,-5.,0.),(5.,-5.,0.),(0.,0.,0.88163489103317261),(5.,5.,0.),(-5.,5.,0.),(-5.,-5.,-0.10154265910387039),(0.,0.,0.78009223937988281),(5.,-5.,-0.10154265910387039),(5.,5.,-0.10154265910387039),(-5.,5.,-0.10154265910387039)));
#7836=IFCPOLYGONALFACESET(#7835,.T.,(#7819,#7820,#7821,#7822,#7823,#7824,#7825,#7826,#7827,#7828,#7829,#7830,#7831,#7832,#7833,#7834),$);
#7837=IFCSHAPEREPRESENTATION(#11,'Body','Tessellation',(#7836));
#7839=IFCCARTESIANPOINT((-5.,-5.,-0.10154265910387039));
#7840=IFCBOUNDINGBOX(#7839,10.,10.,0.9831775426864624);
#7841=IFCSHAPEREPRESENTATION(#13,'Box','BoundingBox',(#7840));
#7842=IFCCARTESIANPOINT((0.,0.,0.));
#7843=IFCDIRECTION((1.,0.,0.));
#7844=IFCDIRECTION((0.,0.,1.));
#7845=IFCAXIS2PLACEMENT3D(#7842,#7844,#7843);
#7846=IFCREPRESENTATIONMAP(#7845,#7841);
#7874=IFCWALLTYPE('1cGML9FETAxvzH$9qrqWml',$,'Wall-2F',$,$,(#7875),$,$,$,.SOLIDWALL.);
#7875=IFCPROPERTYSET('0$$INu9R57teRGUFCBRgnl',$,'EPset_Parametric',$,(#7876));
#7876=IFCPROPERTYSINGLEVALUE('LayerSetDirection',$,IFCLABEL('AXIS2'),$);
#7877=IFCRELASSOCIATESMATERIAL('1j$oWXy0TAVO_FlP8nbTQf',$,$,$,(#7874),#7878);
#7878=IFCMATERIALLAYERSET((#7879),$,$);
#7879=IFCMATERIALLAYER(#81,0.10000000000000001,$,$,$,$,$);
#7925=IFCWALL('1m8fhMSLf86AjDoty9E8mY',$,'Wall',$,$,#15659,#7932,$,$);
#7926=IFCRELDEFINESBYTYPE('3j6tHDN_P7geOyyiqXwItO',$,$,$,(#8101,#8001,#7925,#8151,#7976,#13629,#13667,#13828,#8076,#8126,#8026),#7874);
#7927=IFCMATERIALLAYERSETUSAGE(#7878,.AXIS2.,.POSITIVE.,0.,$);
#7928=IFCRELASSOCIATESMATERIAL('0YbQQMBGP2S8THusmZEtA6',$,$,$,(#7925),#7927);
#7932=IFCPRODUCTDEFINITIONSHAPE($,$,(#13809,#13806));
#7948=IFCPROPERTYSET('3jTvCxEbX9JP1mhZE5Uq$_',$,'EPset_Parametric',$,(#7950));
#7949=IFCRELDEFINESBYPROPERTIES('1gr1whMBH5M8bD1meYRI7F',$,$,$,(#7925),#7948);
#7950=IFCPROPERTYSINGLEVALUE('Engine',$,IFCLABEL('Bonsai.DumbLayer2'),$);
#7976=IFCWALL('3IPlc9KN9CbO9iw8Ys9OJl',$,'Wall',$,$,#15664,#7982,$,$);
#7977=IFCMATERIALLAYERSETUSAGE(#7878,.AXIS2.,.POSITIVE.,0.,$);
#7978=IFCRELASSOCIATESMATERIAL('3IMqHeqz5DcOKeHKFY2kOH',$,$,$,(#7976),#7977);
#7982=IFCPRODUCTDEFINITIONSHAPE($,$,(#13795,#13792));
#7998=IFCPROPERTYSET('0wWYYWM_53hPNXsf0Q$LAI',$,'EPset_Parametric',$,(#8000));
#7999=IFCRELDEFINESBYPROPERTIES('1vH9yDz01EMxhO2aEC6tAQ',$,$,$,(#7976),#7998);
#8000=IFCPROPERTYSINGLEVALUE('Engine',$,IFCLABEL('Bonsai.DumbLayer2'),$);
#8001=IFCWALL('2xxVkjNA5AER0Gol2qvVRc',$,'Wall',$,$,#15634,#8007,$,$);
#8002=IFCMATERIALLAYERSETUSAGE(#7878,.AXIS2.,.POSITIVE.,0.,$);
#8003=IFCRELASSOCIATESMATERIAL('2LyXerPa1DgOvGXI0mZ2pK',$,$,$,(#8001),#8002);
#8007=IFCPRODUCTDEFINITIONSHAPE($,$,(#8428,#8425));
#8023=IFCPROPERTYSET('0IxLM7Ee11oRwZ9MvWIuS4',$,'EPset_Parametric',$,(#8025));
#8024=IFCRELDEFINESBYPROPERTIES('2VxboN5b98v98MmBtZPsFp',$,$,$,(#8001),#8023);
#8025=IFCPROPERTYSINGLEVALUE('Engine',$,IFCLABEL('Bonsai.DumbLayer2'),$);
#8026=IFCWALL('0f4_5y2690xw5qdo2nTrGF',$,'Wall',$,$,#15639,#8032,$,$);
#8027=IFCMATERIALLAYERSETUSAGE(#7878,.AXIS2.,.POSITIVE.,0.,$);
#8028=IFCRELASSOCIATESMATERIAL('3uUfz1wFDC0wRjtZiIWL6n',$,$,$,(#8026),#8027);
#8032=IFCPRODUCTDEFINITIONSHAPE($,$,(#13718,#13715));
#8048=IFCPROPERTYSET('0TLMu4u21EABo_EsAtAtUa',$,'EPset_Parametric',$,(#8050));
#8049=IFCRELDEFINESBYPROPERTIES('3Wm9iS4YXBZgvS_uUH4gXC',$,$,$,(#8026),#8048);
#8050=IFCPROPERTYSINGLEVALUE('Engine',$,IFCLABEL('Bonsai.DumbLayer2'),$);
#8076=IFCWALL('26yhIiTAvDUQGRUN_xBwFP',$,'Wall',$,$,#15694,#8082,$,$);
#8077=IFCMATERIALLAYERSETUSAGE(#7878,.AXIS2.,.POSITIVE.,0.,$);
#8078=IFCRELASSOCIATESMATERIAL('3YWmrpWY9DHg6$tJg314QY',$,$,$,(#8076),#8077);
#8082=IFCPRODUCTDEFINITIONSHAPE($,$,(#13758,#13755));
#8098=IFCPROPERTYSET('2Pikko1ODCGgDeQxRWjgC4',$,'EPset_Parametric',$,(#8100));
#8099=IFCRELDEFINESBYPROPERTIES('2E4Aqric962x_8h6ma3qre',$,$,$,(#8076),#8098);
#8100=IFCPROPERTYSINGLEVALUE('Engine',$,IFCLABEL('Bonsai.DumbLayer2'),$);
#8101=IFCWALL('3Z1k1B_P9EMv43vIORnfE_',$,'Wall',$,$,#15644,#8107,$,$);
#8102=IFCMATERIALLAYERSETUSAGE(#7878,.AXIS2.,.POSITIVE.,0.,$);
#8103=IFCRELASSOCIATESMATERIAL('1gH8lWkmH709LmqIqhJIXf',$,$,$,(#8101),#8102);
#8107=IFCPRODUCTDEFINITIONSHAPE($,$,(#8556,#8553));
#8123=IFCPROPERTYSET('30vcQZVCPB$O388HqIVMzq',$,'EPset_Parametric',$,(#8125));
#8124=IFCRELDEFINESBYPROPERTIES('1Md3_Ra_PE8vUoYO$f0oxJ',$,$,$,(#8101),#8123);
#8125=IFCPROPERTYSINGLEVALUE('Engine',$,IFCLABEL('Bonsai.DumbLayer2'),$);
#8126=IFCWALL('1R$bkWXab8dezPyfbHqecb',$,'Wall',$,$,#15649,#8132,$,$);
#8127=IFCMATERIALLAYERSETUSAGE(#7878,.AXIS2.,.POSITIVE.,0.,$);
#8128=IFCRELASSOCIATESMATERIAL('3HI6fZKdr15OCClGtVtKXX',$,$,$,(#8126),#8127);
#8132=IFCPRODUCTDEFINITIONSHAPE($,$,(#8588,#8585));
#8148=IFCPROPERTYSET('33Ba1svzr4nuh1vfe1CLri',$,'EPset_Parametric',$,(#8150));
#8149=IFCRELDEFINESBYPROPERTIES('3d4aIdkFXAXxTn3_RGpJce',$,$,$,(#8126),#8148);
#8150=IFCPROPERTYSINGLEVALUE('Engine',$,IFCLABEL('Bonsai.DumbLayer2'),$);
#8151=IFCWALL('2VrLDtMhXCqhieKDcy7f7Q',$,'Wall',$,$,#15654,#8157,$,$);
#8152=IFCMATERIALLAYERSETUSAGE(#7878,.AXIS2.,.POSITIVE.,0.,$);
#8153=IFCRELASSOCIATESMATERIAL('2JN6ETv2P1gQaORxGtJRYo',$,$,$,(#8151),#8152);
#8157=IFCPRODUCTDEFINITIONSHAPE($,$,(#8602,#8599));
#8173=IFCPROPERTYSET('01WqPpQyrF0xDURYgsbD77',$,'EPset_Parametric',$,(#8175));
#8174=IFCRELDEFINESBYPROPERTIES('22Jb8uCsr4WhRngqvpzGAY',$,$,$,(#8151),#8173);
#8175=IFCPROPERTYSINGLEVALUE('Engine',$,IFCLABEL('Bonsai.DumbLayer2'),$);
#8365=IFCRELCONNECTSPATHELEMENTS('0xsfEC3Mz15O5BFgc78YH5',$,$,$,$,#8001,#7976,(),(),.ATEND.,.ATSTART.);
#8397=IFCRELCONNECTSPATHELEMENTS('3tn_Uxztz2BQ0zsw7w4gCt',$,$,$,$,#8026,#8001,(),(),.ATEND.,.ATSTART.);
#8416=IFCCARTESIANPOINTLIST2D(((0.,0.),(0.10000004649123768,0.10000000000000001),(7.0500009890303046,0.10000000000000001),(7.150000981480515,0.)));
#8417=IFCINDEXEDPOLYCURVE(#8416,(IFCLINEINDEX((1,2,3,4,1))),$);
#8418=IFCARBITRARYCLOSEDPROFILEDEF(.AREA.,$,#8417);
#8419=IFCCARTESIANPOINT((0.,0.,0.));
#8420=IFCDIRECTION((0.,0.,1.));
#8421=IFCDIRECTION((1.,0.,0.));
#8422=IFCAXIS2PLACEMENT3D(#8419,#8420,#8421);
#8423=IFCDIRECTION((0.,0.,1.));
#8424=IFCEXTRUDEDAREASOLID(#8418,#8422,#8423,3.);
#8425=IFCSHAPEREPRESENTATION(#11,'Body','SweptSolid',(#8424));
#8426=IFCCARTESIANPOINTLIST2D(((0.,0.),(7.150000981480515,0.)));
#8427=IFCINDEXEDPOLYCURVE(#8426,$,$);
#8428=IFCSHAPEREPRESENTATION(#23,'Axis','Curve2D',(#8427));
#8493=IFCRELCONNECTSPATHELEMENTS('3MTvzeyE14iQbNhzQmo312',$,$,$,$,#8101,#8076,(),(),.ATEND.,.ATSTART.);
#8525=IFCRELCONNECTSPATHELEMENTS('1T0yL$aJf6ZOURnm3EvOC1',$,$,$,$,#8126,#8101,(),(),.ATEND.,.ATSTART.);
#8544=IFCCARTESIANPOINTLIST2D(((0.,0.),(-0.10000004013393446,0.10000000000000001),(0.79999997802688871,0.10000000000000001),(0.8999999943189585,0.)));
#8545=IFCINDEXEDPOLYCURVE(#8544,(IFCLINEINDEX((1,2,3,4,1))),$);
#8546=IFCARBITRARYCLOSEDPROFILEDEF(.AREA.,$,#8545);
#8547=IFCCARTESIANPOINT((0.,0.,0.));
#8548=IFCDIRECTION((0.,0.,1.));
#8549=IFCDIRECTION((1.,0.,0.));
#8550=IFCAXIS2PLACEMENT3D(#8547,#8548,#8549);
#8551=IFCDIRECTION((0.,0.,1.));
#8552=IFCEXTRUDEDAREASOLID(#8546,#8550,#8551,3.);
#8553=IFCSHAPEREPRESENTATION(#11,'Body','SweptSolid',(#8552));
#8554=IFCCARTESIANPOINTLIST2D(((0.,0.),(0.8999999943189585,0.)));
#8555=IFCINDEXEDPOLYCURVE(#8554,$,$);
#8556=IFCSHAPEREPRESENTATION(#23,'Axis','Curve2D',(#8555));
#8557=IFCRELCONNECTSPATHELEMENTS('1YM5KN6WfF6hGWEzHd27z_',$,$,$,$,#8151,#8126,(),(),.ATEND.,.ATSTART.);
#8576=IFCCARTESIANPOINTLIST2D(((0.,0.),(0.10000001629206984,0.10000000000000001),(2.2900000206639608,0.10000000000000001),(2.3900000131141708,0.)));
#8577=IFCINDEXEDPOLYCURVE(#8576,(IFCLINEINDEX((1,2,3,4,1))),$);
#8578=IFCARBITRARYCLOSEDPROFILEDEF(.AREA.,$,#8577);
#8579=IFCCARTESIANPOINT((0.,0.,0.));
#8580=IFCDIRECTION((0.,0.,1.));
#8581=IFCDIRECTION((1.,0.,0.));
#8582=IFCAXIS2PLACEMENT3D(#8579,#8580,#8581);
#8583=IFCDIRECTION((0.,0.,1.));
#8584=IFCEXTRUDEDAREASOLID(#8578,#8582,#8583,3.);
#8585=IFCSHAPEREPRESENTATION(#11,'Body','SweptSolid',(#8584));
#8586=IFCCARTESIANPOINTLIST2D(((0.,0.),(2.3900000131141708,0.)));
#8587=IFCINDEXEDPOLYCURVE(#8586,$,$);
#8588=IFCSHAPEREPRESENTATION(#23,'Axis','Curve2D',(#8587));
#8589=IFCRELCONNECTSPATHELEMENTS('0SP6zWo5T7IxAhB9iraDHG',$,$,$,$,#8151,#7925,(),(),.ATSTART.,.ATEND.);
#8590=IFCCARTESIANPOINTLIST2D(((0.,0.),(0.099999992450210157,0.10000000000000001),(9.5380782137391886,0.10000000000000001),(9.6380782125467004,0.)));
#8591=IFCINDEXEDPOLYCURVE(#8590,(IFCLINEINDEX((1,2,3,4,1))),$);
#8592=IFCARBITRARYCLOSEDPROFILEDEF(.AREA.,$,#8591);
#8593=IFCCARTESIANPOINT((0.,0.,0.));
#8594=IFCDIRECTION((0.,0.,1.));
#8595=IFCDIRECTION((1.,0.,0.));
#8596=IFCAXIS2PLACEMENT3D(#8593,#8594,#8595);
#8597=IFCDIRECTION((0.,0.,1.));
#8598=IFCEXTRUDEDAREASOLID(#8592,#8596,#8597,3.);
#8599=IFCSHAPEREPRESENTATION(#11,'Body','SweptSolid',(#8598));
#8600=IFCCARTESIANPOINTLIST2D(((0.,0.),(9.6380782125467004,0.)));
#8601=IFCINDEXEDPOLYCURVE(#8600,$,$);
#8602=IFCSHAPEREPRESENTATION(#23,'Axis','Curve2D',(#8601));
#8879=IFCWALL('3ueC6f4CzDCOe8Qa4lNJr7',$,'Wall',$,$,#15669,#8885,$,$);
#8880=IFCMATERIALLAYERSETUSAGE(#82,.AXIS2.,.POSITIVE.,0.,$);
#8881=IFCRELASSOCIATESMATERIAL('3vCj3KAojENOCRwEcpftvb',$,$,$,(#8879),#8880);
#8885=IFCPRODUCTDEFINITIONSHAPE($,$,(#8930,#8927));
#8901=IFCPROPERTYSET('1kDN_jXT15JP5PNszuVYYy',$,'EPset_Parametric',$,(#8903));
#8902=IFCRELDEFINESBYPROPERTIES('080AdpoxPBcvrxqJHCobrQ',$,$,$,(#8879),#8901);
#8903=IFCPROPERTYSINGLEVALUE('Engine',$,IFCLABEL('Bonsai.DumbLayer2'),$);
#8918=IFCCARTESIANPOINTLIST2D(((0.,0.),(7.5497901264043321E-09,0.10000000000000001),(3.4482171712546972,0.10000000000000001),(3.4482171712546972,0.)));
#8919=IFCINDEXEDPOLYCURVE(#8918,(IFCLINEINDEX((1,2,3,4,1))),$);
#8920=IFCARBITRARYCLOSEDPROFILEDEF(.AREA.,$,#8919);
#8921=IFCCARTESIANPOINT((0.,0.,0.));
#8922=IFCDIRECTION((0.,0.,1.));
#8923=IFCDIRECTION((1.,0.,0.));
#8924=IFCAXIS2PLACEMENT3D(#8921,#8922,#8923);
#8925=IFCDIRECTION((0.,0.,1.));
#8926=IFCEXTRUDEDAREASOLID(#8920,#8924,#8925,3.);
#8927=IFCSHAPEREPRESENTATION(#11,'Body','SweptSolid',(#8926));
#8928=IFCCARTESIANPOINTLIST2D(((0.,0.),(3.4482171712546972,0.)));
#8929=IFCINDEXEDPOLYCURVE(#8928,$,$);
#8930=IFCSHAPEREPRESENTATION(#23,'Axis','Curve2D',(#8929));
#8949=IFCWALL('0fuKbmAdv4HfrJ$bznakHc',$,'Wall',$,$,#15674,#8955,$,$);
#8950=IFCMATERIALLAYERSETUSAGE(#82,.AXIS2.,.POSITIVE.,0.,$);
#8951=IFCRELASSOCIATESMATERIAL('2bLC4ZjzrA0urB3T98zsv5',$,$,$,(#8949),#8950);
#8955=IFCPRODUCTDEFINITIONSHAPE($,$,(#8986,#8983));
#8971=IFCPROPERTYSET('0RduRc6AH4yO$bBkNKHwr2',$,'EPset_Parametric',$,(#8973));
#8972=IFCRELDEFINESBYPROPERTIES('1EjDx6xnT0XPJIrWo7YNvj',$,$,$,(#8949),#8971);
#8973=IFCPROPERTYSINGLEVALUE('Engine',$,IFCLABEL('Bonsai.DumbLayer2'),$);
#8974=IFCCARTESIANPOINTLIST2D(((0.,0.),(0.,0.10000000000000001),(3.763999493151978,0.10000000000000001),(3.763999493151978,0.)));
#8975=IFCINDEXEDPOLYCURVE(#8974,(IFCLINEINDEX((1,2,3,4,1))),$);
#8976=IFCARBITRARYCLOSEDPROFILEDEF(.AREA.,$,#8975);
#8977=IFCCARTESIANPOINT((0.,0.,0.));
#8978=IFCDIRECTION((0.,0.,1.));
#8979=IFCDIRECTION((1.,0.,0.));
#8980=IFCAXIS2PLACEMENT3D(#8977,#8978,#8979);
#8981=IFCDIRECTION((0.,0.,1.));
#8982=IFCEXTRUDEDAREASOLID(#8976,#8980,#8981,3.);
#8983=IFCSHAPEREPRESENTATION(#11,'Body','SweptSolid',(#8982));
#8984=IFCCARTESIANPOINTLIST2D(((0.,0.),(3.763999493151978,0.)));
#8985=IFCINDEXEDPOLYCURVE(#8984,$,$);
#8986=IFCSHAPEREPRESENTATION(#23,'Axis','Curve2D',(#8985));
#8987=IFCWALL('1kR$_WlXjCGuP4Zc8wqUsq',$,'Wall',$,$,#15679,#8993,$,$);
#8988=IFCMATERIALLAYERSETUSAGE(#82,.AXIS2.,.POSITIVE.,0.,$);
#8989=IFCRELASSOCIATESMATERIAL('0RqEMfYazEpRWdTrq00uA_',$,$,$,(#8987),#8988);
#8993=IFCPRODUCTDEFINITIONSHAPE($,$,(#9024,#9021));
#9009=IFCPROPERTYSET('33VXu39N50mhQTzPWiYWU0',$,'EPset_Parametric',$,(#9011));
#9010=IFCRELDEFINESBYPROPERTIES('3p3oOiSX1CORbONFwtKWfi',$,$,$,(#8987),#9009);
#9011=IFCPROPERTYSINGLEVALUE('Engine',$,IFCLABEL('Bonsai.DumbLayer2'),$);
#9012=IFCCARTESIANPOINTLIST2D(((0.,0.),(0.,0.10000000000000001),(3.7676954473616959,0.10000000000000001),(3.7676954473616959,0.)));
#9013=IFCINDEXEDPOLYCURVE(#9012,(IFCLINEINDEX((1,2,3,4,1))),$);
#9014=IFCARBITRARYCLOSEDPROFILEDEF(.AREA.,$,#9013);
#9015=IFCCARTESIANPOINT((0.,0.,0.));
#9016=IFCDIRECTION((0.,0.,1.));
#9017=IFCDIRECTION((1.,0.,0.));
#9018=IFCAXIS2PLACEMENT3D(#9015,#9016,#9017);
#9019=IFCDIRECTION((0.,0.,1.));
#9020=IFCEXTRUDEDAREASOLID(#9014,#9018,#9019,3.);
#9021=IFCSHAPEREPRESENTATION(#11,'Body','SweptSolid',(#9020));
#9022=IFCCARTESIANPOINTLIST2D(((0.,0.),(3.7676954473616959,0.)));
#9023=IFCINDEXEDPOLYCURVE(#9022,$,$);
#9024=IFCSHAPEREPRESENTATION(#23,'Axis','Curve2D',(#9023));
#9025=IFCSLAB('2S49FJd7vA$Q8XvZb3b0pk',$,'Slab',$,$,#15684,#9039,$,$);
#9026=IFCMATERIALLAYERSETUSAGE(#2011,.AXIS3.,.POSITIVE.,-0.10000000149011612,$);
#9027=IFCRELASSOCIATESMATERIAL('0EDBpMDNb7ueG5NhkJJe9V',$,$,$,(#9025),#9026);
#9033=IFCCARTESIANPOINTLIST2D(((0.,0.),(9.5367431640625E-07,9.6380786895751953),(-3.9639997482299805,9.6380786895751953),(-3.9639997482299805,8.6480779647827148),(-7.5121879577636719,8.6480789184570312),(-7.5121889114379883,-2.47955322265625E-05),(0.,0.)));
#9034=IFCINDEXEDPOLYCURVE(#9033,$,$);
#9035=IFCDIRECTION((0.,0.,1.));
#9036=IFCARBITRARYCLOSEDPROFILEDEF(.AREA.,$,#9034);
#9037=IFCEXTRUDEDAREASOLID(#9036,#9046,#9035,0.10000000000000001);
#9038=IFCSHAPEREPRESENTATION(#11,'Body','SweptSolid',(#9037));
#9039=IFCPRODUCTDEFINITIONSHAPE($,$,(#9038));
#9040=IFCPROPERTYSET('13t1S3qwn7XQgNrBnOubbY',$,'EPset_Parametric',$,(#9042));
#9041=IFCRELDEFINESBYPROPERTIES('0__2GtfXv1jhvp_yK1JDQ3',$,$,$,(#9025),#9040);
#9042=IFCPROPERTYSINGLEVALUE('Engine',$,IFCLABEL('Bonsai.DumbLayer3'),$);
#9043=IFCCARTESIANPOINT((-0.,-0.,-0.10000000149011612));
#9044=IFCDIRECTION((0.,0.,1.));
#9045=IFCDIRECTION((1.,0.,0.));
#9046=IFCAXIS2PLACEMENT3D(#9043,#9044,#9045);
#9047=IFCDOORTYPE('2sfL9rXcT9HvS79wTKDb5q',$,'CR-2F',$,$,(#9048),(#9050,#9058,#9136),$,$,.DOOR.,.SINGLE_SWING_LEFT.,$,$);
#9048=IFCPROPERTYSET('0LVE04k6bCK8HjLQDTC08l',$,'BBIM_Door',$,(#9049));
#9049=IFCPROPERTYSINGLEVALUE('Data',$,IFCTEXT('{"door_type": "SINGLE_SWING_LEFT", "overall_height": 2.0, "overall_width": 0.7623394727706909, "lining_properties": {"lining_depth": 0.05000000074505806, "lining_thickness": 0.05000000074505806, "lining_offset": 0.0, "lining_to_panel_offset_x": 0.02500000037252903, "lining_to_panel_offset_y": 0.02500000037252903, "transom_thickness": 0.0, "casing_thickness": 0.07500000298023224, "casing_depth": 0.0010000000474974513, "threshold_thickness": 0.02500000037252903, "threshold_depth": 0.10000000149011612, "threshold_offset": 0.0}, "panel_properties": {"panel_depth": 0.03500000014901161, "panel_width_ratio": 1.0}}'),$);
#9050=IFCREPRESENTATIONMAP(#9051,#9571);
#9051=IFCAXIS2PLACEMENT3D(#9052,#9053,#9054);
#9052=IFCCARTESIANPOINT((0.,0.,0.));
#9053=IFCDIRECTION((0.,0.,1.));
#9054=IFCDIRECTION((1.,0.,0.));
#9058=IFCREPRESENTATIONMAP(#9059,#9644);
#9059=IFCAXIS2PLACEMENT3D(#9060,#9061,#9062);
#9060=IFCCARTESIANPOINT((0.,0.,0.));
#9061=IFCDIRECTION((0.,0.,1.));
#9062=IFCDIRECTION((1.,0.,0.));
#9136=IFCREPRESENTATIONMAP(#9137,#9658);
#9137=IFCAXIS2PLACEMENT3D(#9138,#9139,#9140);
#9138=IFCCARTESIANPOINT((0.,0.,0.));
#9139=IFCDIRECTION((0.,0.,1.));
#9140=IFCDIRECTION((1.,0.,0.));
#9155=IFCDOOR('2ai2Bb$cv67R$xnbk$JpOG',$,'Door',$,$,#9683,#9164,$,2.,0.76233947277069092,$,.SINGLE_SWING_LEFT.,$);
#9156=IFCRELDEFINESBYTYPE('1wo6yMWI19DxgfK4cb8sR5',$,$,$,(#9155),#9047);
#9157=IFCCARTESIANPOINT((0.,0.,0.));
#9158=IFCDIRECTION((1.,0.,0.));
#9159=IFCDIRECTION((0.,1.,0.));
#9160=IFCDIRECTION((0.,0.,1.));
#9161=IFCCARTESIANTRANSFORMATIONOPERATOR3D(#9158,#9159,#9157,1.,#9160);
#9162=IFCMAPPEDITEM(#9050,#9161);
#9163=IFCSHAPEREPRESENTATION(#18,'Profile','MappedRepresentation',(#9162));
#9164=IFCPRODUCTDEFINITIONSHAPE($,$,(#9163,#9171,#9178));
#9165=IFCCARTESIANPOINT((0.,0.,0.));
#9166=IFCDIRECTION((1.,0.,0.));
#9167=IFCDIRECTION((0.,1.,0.));
#9168=IFCDIRECTION((0.,0.,1.));
#9169=IFCCARTESIANTRANSFORMATIONOPERATOR3D(#9166,#9167,#9165,1.,#9168);
#9170=IFCMAPPEDITEM(#9058,#9169);
#9171=IFCSHAPEREPRESENTATION(#11,'Body','MappedRepresentation',(#9170));
#9172=IFCCARTESIANPOINT((0.,0.,0.));
#9173=IFCDIRECTION((1.,0.,0.));
#9174=IFCDIRECTION((0.,1.,0.));
#9175=IFCDIRECTION((0.,0.,1.));
#9176=IFCCARTESIANTRANSFORMATIONOPERATOR3D(#9173,#9174,#9172,1.,#9175);
#9177=IFCMAPPEDITEM(#9136,#9176);
#9178=IFCSHAPEREPRESENTATION(#24,'Body','MappedRepresentation',(#9177));
#9179=IFCOPENINGELEMENT('3ti$i48ovFBwDW4byRTfRw',$,'Opening',$,$,#9678,#9207,$,.OPENING.);
#9195=IFCCARTESIANPOINT((0.,0.,0.));
#9196=IFCDIRECTION((1.,0.,0.));
#9197=IFCDIRECTION((0.,0.,1.));
#9198=IFCAXIS2PLACEMENT3D(#9195,#9197,#9196);
#9199=IFCREPRESENTATIONMAP(#9198,#9668);
#9200=IFCCARTESIANPOINT((0.,0.,0.));
#9201=IFCDIRECTION((1.,0.,0.));
#9202=IFCDIRECTION((0.,1.,0.));
#9203=IFCDIRECTION((0.,0.,1.));
#9204=IFCCARTESIANTRANSFORMATIONOPERATOR3D(#9201,#9202,#9200,1.,#9203);
#9205=IFCMAPPEDITEM(#9199,#9204);
#9206=IFCSHAPEREPRESENTATION(#11,'Body','MappedRepresentation',(#9205));
#9207=IFCPRODUCTDEFINITIONSHAPE($,$,(#9206));
#9208=IFCRELVOIDSELEMENT('2hx2A$dAL1wvOstjjAq08T',$,$,$,#8987,#9179);
#9214=IFCRELFILLSELEMENT('3sWMX8Ag90AunASSKa5eMV',$,$,$,#9179,#9155);
#9223=IFCCARTESIANPOINTLIST2D(((0.,0.),(0.,2.),(0.7898259162902832,2.),(0.7898259162902832,0.),(0.76482591591775417,0.),(0.76482591591775417,1.974999999627471),(0.02500000037252903,1.974999999627471),(0.02500000037252903,0.)));
#9224=IFCINDEXEDPOLYCURVE(#9223,(IFCLINEINDEX((1,2,3,4,5,6,7,8,1))),$);
#9225=IFCARBITRARYCLOSEDPROFILEDEF(.AREA.,$,#9224);
#9226=IFCCARTESIANPOINT((0.,0.02500000037252903,0.));
#9227=IFCDIRECTION((0.,-1.,0.));
#9228=IFCDIRECTION((1.,0.,0.));
#9229=IFCAXIS2PLACEMENT3D(#9226,#9227,#9228);
#9230=IFCDIRECTION((0.,0.,-1.));
#9231=IFCEXTRUDEDAREASOLID(#9225,#9229,#9230,0.02500000037252903);
#9232=IFCCARTESIANPOINTLIST2D(((0.,0.),(0.,2.),(0.7898259162902832,2.),(0.7898259162902832,0.),(0.73982591554522514,0.),(0.73982591554522514,1.9499999992549419),(0.05000000074505806,1.9499999992549419),(0.05000000074505806,0.)));
#9233=IFCINDEXEDPOLYCURVE(#9232,(IFCLINEINDEX((1,2,3,4,5,6,7,8,1))),$);
#9234=IFCARBITRARYCLOSEDPROFILEDEF(.AREA.,$,#9233);
#9235=IFCCARTESIANPOINT((0.,0.,0.));
#9236=IFCDIRECTION((0.,-1.,0.));
#9237=IFCDIRECTION((1.,0.,0.));
#9238=IFCAXIS2PLACEMENT3D(#9235,#9236,#9237);
#9239=IFCDIRECTION((0.,0.,-1.));
#9240=IFCEXTRUDEDAREASOLID(#9234,#9238,#9239,0.02500000037252903);
#9241=IFCCARTESIANPOINTLIST2D(((0.,0.),(0.68982591480016708,0.),(0.68982591480016708,0.10000000149011612),(0.,0.10000000149011612)));
#9242=IFCINDEXEDPOLYCURVE(#9241,(IFCLINEINDEX((1,2,3,4,1))),$);
#9243=IFCARBITRARYCLOSEDPROFILEDEF(.AREA.,$,#9242);
#9244=IFCCARTESIANPOINT((0.05000000074505806,0.,0.));
#9245=IFCDIRECTION((0.,0.,1.));
#9246=IFCDIRECTION((1.,0.,0.));
#9247=IFCAXIS2PLACEMENT3D(#9244,#9245,#9246);
#9248=IFCDIRECTION((0.,0.,1.));
#9249=IFCEXTRUDEDAREASOLID(#9243,#9247,#9248,0.02500000037252903);
#9250=IFCCARTESIANPOINTLIST2D(((0.,0.),(0.,2.0250000022351742),(0.83982592076063156,2.0250000022351742),(0.83982592076063156,0.),(0.76482591778039932,0.),(0.76482591778039932,1.9499999992549419),(0.075000002980232239,1.9499999992549419),(0.075000002980232239,0.)));
#9251=IFCINDEXEDPOLYCURVE(#9250,(IFCLINEINDEX((1,2,3,4,5,6,7,8,1))),$);
#9252=IFCARBITRARYCLOSEDPROFILEDEF(.AREA.,$,#9251);
#9253=IFCCARTESIANPOINT((-0.025000002235174179,-0.0010000000474974513,0.));
#9254=IFCDIRECTION((0.,-1.,0.));
#9255=IFCDIRECTION((1.,0.,0.));
#9256=IFCAXIS2PLACEMENT3D(#9253,#9254,#9255);
#9257=IFCDIRECTION((0.,0.,-1.));
#9258=IFCEXTRUDEDAREASOLID(#9252,#9256,#9257,0.0010000000474974513);
#9259=IFCCARTESIANPOINTLIST2D(((0.,0.),(0.,2.0250000022351742),(0.83982592076063156,2.0250000022351742),(0.83982592076063156,0.),(0.78982591815292835,0.),(0.78982591815292835,1.974999999627471),(0.050000002607703209,1.974999999627471),(0.050000002607703209,0.)));
#9260=IFCINDEXEDPOLYCURVE(#9259,(IFCLINEINDEX((1,2,3,4,5,6,7,8,1))),$);
#9261=IFCARBITRARYCLOSEDPROFILEDEF(.AREA.,$,#9260);
#9262=IFCCARTESIANPOINT((-0.025000002235174179,0.05000000074505806,0.));
#9263=IFCDIRECTION((0.,-1.,0.));
#9264=IFCDIRECTION((1.,0.,0.));
#9265=IFCAXIS2PLACEMENT3D(#9262,#9263,#9264);
#9266=IFCDIRECTION((0.,0.,-1.));
#9267=IFCEXTRUDEDAREASOLID(#9261,#9265,#9266,0.0010000000474974513);
#9268=IFCCARTESIANPOINTLIST2D(((0.,0.),(0.73982591554522514,0.),(0.73982591554522514,0.035000000149011612),(0.,0.035000000149011612)));
#9269=IFCINDEXEDPOLYCURVE(#9268,(IFCLINEINDEX((1,2,3,4,1))),$);
#9270=IFCARBITRARYCLOSEDPROFILEDEF(.AREA.,$,#9269);
#9271=IFCCARTESIANPOINT((0.02500000037252903,0.02500000037252903,0.02500000037252903));
#9272=IFCDIRECTION((0.,0.,1.));
#9273=IFCDIRECTION((1.,0.,0.));
#9274=IFCAXIS2PLACEMENT3D(#9271,#9272,#9273);
#9275=IFCDIRECTION((0.,0.,1.));
#9276=IFCEXTRUDEDAREASOLID(#9270,#9274,#9275,1.9499999992549419);
#9277=IFCCARTESIANPOINTLIST2D(((0.,0.),(0.,-0.040000000000000001),(-0.11999999999999988,-0.040000000000000001),(-0.11999999999999988,-0.02),(-0.020000000000000018,-0.02),(-0.020000000000000018,0.)));
#9278=IFCINDEXEDPOLYCURVE(#9277,(IFCLINEINDEX((1,2,3,4,5,6,1))),$);
#9279=IFCARBITRARYCLOSEDPROFILEDEF(.AREA.,$,#9278);
#9280=IFCCARTESIANPOINT((0.71482591591775413,0.02500000037252903,1.015000000372529));
#9281=IFCDIRECTION((0.,0.,1.));
#9282=IFCDIRECTION((1.,0.,0.));
#9283=IFCAXIS2PLACEMENT3D(#9280,#9281,#9282);
#9284=IFCDIRECTION((0.,0.,1.));
#9285=IFCEXTRUDEDAREASOLID(#9279,#9283,#9284,0.02);
#9286=IFCEXTRUDEDAREASOLID(#9287,#9290,#9294,0.02);
#9287=IFCARBITRARYCLOSEDPROFILEDEF(.AREA.,$,#9288);
#9288=IFCINDEXEDPOLYCURVE(#9289,(IFCLINEINDEX((1,2,3,4,5,6,1))),$);
#9289=IFCCARTESIANPOINTLIST2D(((0.,0.),(0.,0.040000000000000008),(-0.11999999999999988,0.040000000000000008),(-0.11999999999999988,0.020000000000000004),(-0.020000000000000018,0.020000000000000004),(-0.020000000000000018,0.)));
#9290=IFCAXIS2PLACEMENT3D(#9291,#9292,#9293);
#9291=IFCCARTESIANPOINT((0.71482591591775413,0.060000000521540642,1.015000000372529));
#9292=IFCDIRECTION((0.,0.,1.));
#9293=IFCDIRECTION((1.,0.,0.));
#9294=IFCDIRECTION((0.,0.,1.));
#9296=IFCSHAPEREPRESENTATION(#11,'Body','SweptSolid',(#9501,#9249,#9359,#9240,#9231,#9492,#9580,#9350,#9483,#9474,#9616,#9386,#9465,#9368,#9607,#9377,#9598,#9589,#9267,#9258));
#9297=IFCSHAPEASPECT((#9296),'Lining',$,.T.,#9164);
#9298=IFCSHAPEREPRESENTATION(#11,'Body','SweptSolid',(#9395,#9404,#9519,#9625,#9520,#9634,#9510,#9285,#9635,#9276,#9405,#9286));
#9299=IFCSHAPEASPECT((#9298),'Framing',$,.T.,#9164);
#9342=IFCCARTESIANPOINTLIST2D(((0.,0.),(0.,2.),(0.7898259162902832,2.),(0.7898259162902832,0.),(0.76482591591775417,0.),(0.76482591591775417,1.974999999627471),(0.02500000037252903,1.974999999627471),(0.02500000037252903,0.)));
#9343=IFCINDEXEDPOLYCURVE(#9342,(IFCLINEINDEX((1,2,3,4,5,6,7,8,1))),$);
#9344=IFCARBITRARYCLOSEDPROFILEDEF(.AREA.,$,#9343);
#9345=IFCCARTESIANPOINT((0.,0.02500000037252903,0.));
#9346=IFCDIRECTION((0.,-1.,0.));
#9347=IFCDIRECTION((1.,0.,0.));
#9348=IFCAXIS2PLACEMENT3D(#9345,#9346,#9347);
#9349=IFCDIRECTION((0.,0.,-1.));
#9350=IFCEXTRUDEDAREASOLID(#9344,#9348,#9349,0.02500000037252903);
#9351=IFCCARTESIANPOINTLIST2D(((0.,0.),(0.,2.),(0.7898259162902832,2.),(0.7898259162902832,0.),(0.73982591554522514,0.),(0.73982591554522514,1.9499999992549419),(0.05000000074505806,1.9499999992549419),(0.05000000074505806,0.)));
#9352=IFCINDEXEDPOLYCURVE(#9351,(IFCLINEINDEX((1,2,3,4,5,6,7,8,1))),$);
#9353=IFCARBITRARYCLOSEDPROFILEDEF(.AREA.,$,#9352);
#9354=IFCCARTESIANPOINT((0.,0.,0.));
#9355=IFCDIRECTION((0.,-1.,0.));
#9356=IFCDIRECTION((1.,0.,0.));
#9357=IFCAXIS2PLACEMENT3D(#9354,#9355,#9356);
#9358=IFCDIRECTION((0.,0.,-1.));
#9359=IFCEXTRUDEDAREASOLID(#9353,#9357,#9358,0.02500000037252903);
#9360=IFCCARTESIANPOINTLIST2D(((0.,0.),(0.68982591480016708,0.),(0.68982591480016708,0.10000000149011612),(0.,0.10000000149011612)));
#9361=IFCINDEXEDPOLYCURVE(#9360,(IFCLINEINDEX((1,2,3,4,1))),$);
#9362=IFCARBITRARYCLOSEDPROFILEDEF(.AREA.,$,#9361);
#9363=IFCCARTESIANPOINT((0.05000000074505806,0.,0.));
#9364=IFCDIRECTION((0.,0.,1.));
#9365=IFCDIRECTION((1.,0.,0.));
#9366=IFCAXIS2PLACEMENT3D(#9363,#9364,#9365);
#9367=IFCDIRECTION((0.,0.,1.));
#9368=IFCEXTRUDEDAREASOLID(#9362,#9366,#9367,0.02500000037252903);
#9369=IFCCARTESIANPOINTLIST2D(((0.,0.),(0.,2.0250000022351742),(0.83982592076063156,2.0250000022351742),(0.83982592076063156,0.),(0.76482591778039932,0.),(0.76482591778039932,1.9499999992549419),(0.075000002980232239,1.9499999992549419),(0.075000002980232239,0.)));
#9370=IFCINDEXEDPOLYCURVE(#9369,(IFCLINEINDEX((1,2,3,4,5,6,7,8,1))),$);
#9371=IFCARBITRARYCLOSEDPROFILEDEF(.AREA.,$,#9370);
#9372=IFCCARTESIANPOINT((-0.025000002235174179,-0.0010000000474974513,0.));
#9373=IFCDIRECTION((0.,-1.,0.));
#9374=IFCDIRECTION((1.,0.,0.));
#9375=IFCAXIS2PLACEMENT3D(#9372,#9373,#9374);
#9376=IFCDIRECTION((0.,0.,-1.));
#9377=IFCEXTRUDEDAREASOLID(#9371,#9375,#9376,0.0010000000474974513);
#9378=IFCCARTESIANPOINTLIST2D(((0.,0.),(0.,2.0250000022351742),(0.83982592076063156,2.0250000022351742),(0.83982592076063156,0.),(0.78982591815292835,0.),(0.78982591815292835,1.974999999627471),(0.050000002607703209,1.974999999627471),(0.050000002607703209,0.)));
#9379=IFCINDEXEDPOLYCURVE(#9378,(IFCLINEINDEX((1,2,3,4,5,6,7,8,1))),$);
#9380=IFCARBITRARYCLOSEDPROFILEDEF(.AREA.,$,#9379);
#9381=IFCCARTESIANPOINT((-0.025000002235174179,0.05000000074505806,0.));
#9382=IFCDIRECTION((0.,-1.,0.));
#9383=IFCDIRECTION((1.,0.,0.));
#9384=IFCAXIS2PLACEMENT3D(#9381,#9382,#9383);
#9385=IFCDIRECTION((0.,0.,-1.));
#9386=IFCEXTRUDEDAREASOLID(#9380,#9384,#9385,0.0010000000474974513);
#9387=IFCCARTESIANPOINTLIST2D(((0.,0.),(0.73982591554522514,0.),(0.73982591554522514,0.035000000149011612),(0.,0.035000000149011612)));
#9388=IFCINDEXEDPOLYCURVE(#9387,(IFCLINEINDEX((1,2,3,4,1))),$);
#9389=IFCARBITRARYCLOSEDPROFILEDEF(.AREA.,$,#9388);
#9390=IFCCARTESIANPOINT((0.02500000037252903,0.02500000037252903,0.02500000037252903));
#9391=IFCDIRECTION((0.,0.,1.));
#9392=IFCDIRECTION((1.,0.,0.));
#9393=IFCAXIS2PLACEMENT3D(#9390,#9391,#9392);
#9394=IFCDIRECTION((0.,0.,1.));
#9395=IFCEXTRUDEDAREASOLID(#9389,#9393,#9394,1.9499999992549419);
#9396=IFCCARTESIANPOINTLIST2D(((0.,0.),(0.,-0.040000000000000001),(-0.11999999999999988,-0.040000000000000001),(-0.11999999999999988,-0.02),(-0.020000000000000018,-0.02),(-0.020000000000000018,0.)));
#9397=IFCINDEXEDPOLYCURVE(#9396,(IFCLINEINDEX((1,2,3,4,5,6,1))),$);
#9398=IFCARBITRARYCLOSEDPROFILEDEF(.AREA.,$,#9397);
#9399=IFCCARTESIANPOINT((0.71482591591775413,0.02500000037252903,1.015000000372529));
#9400=IFCDIRECTION((0.,0.,1.));
#9401=IFCDIRECTION((1.,0.,0.));
#9402=IFCAXIS2PLACEMENT3D(#9399,#9400,#9401);
#9403=IFCDIRECTION((0.,0.,1.));
#9404=IFCEXTRUDEDAREASOLID(#9398,#9402,#9403,0.02);
#9405=IFCEXTRUDEDAREASOLID(#9406,#9409,#9413,0.02);
#9406=IFCARBITRARYCLOSEDPROFILEDEF(.AREA.,$,#9407);
#9407=IFCINDEXEDPOLYCURVE(#9408,(IFCLINEINDEX((1,2,3,4,5,6,1))),$);
#9408=IFCCARTESIANPOINTLIST2D(((0.,0.),(0.,0.040000000000000008),(-0.11999999999999988,0.040000000000000008),(-0.11999999999999988,0.020000000000000004),(-0.020000000000000018,0.020000000000000004),(-0.020000000000000018,0.)));
#9409=IFCAXIS2PLACEMENT3D(#9410,#9411,#9412);
#9410=IFCCARTESIANPOINT((0.71482591591775413,0.060000000521540642,1.015000000372529));
#9411=IFCDIRECTION((0.,0.,1.));
#9412=IFCDIRECTION((1.,0.,0.));
#9413=IFCDIRECTION((0.,0.,1.));
#9457=IFCCARTESIANPOINTLIST2D(((0.,0.),(0.,2.),(0.76233947277069092,2.),(0.76233947277069092,0.),(0.73733947239816189,0.),(0.73733947239816189,1.974999999627471),(0.02500000037252903,1.974999999627471),(0.02500000037252903,0.)));
#9458=IFCINDEXEDPOLYCURVE(#9457,(IFCLINEINDEX((1,2,3,4,5,6,7,8,1))),$);
#9459=IFCARBITRARYCLOSEDPROFILEDEF(.AREA.,$,#9458);
#9460=IFCCARTESIANPOINT((0.,0.02500000037252903,0.));
#9461=IFCDIRECTION((0.,-1.,0.));
#9462=IFCDIRECTION((1.,0.,0.));
#9463=IFCAXIS2PLACEMENT3D(#9460,#9461,#9462);
#9464=IFCDIRECTION((0.,0.,-1.));
#9465=IFCEXTRUDEDAREASOLID(#9459,#9463,#9464,0.02500000037252903);
#9466=IFCCARTESIANPOINTLIST2D(((0.,0.),(0.,2.),(0.76233947277069092,2.),(0.76233947277069092,0.),(0.71233947202563286,0.),(0.71233947202563286,1.9499999992549419),(0.05000000074505806,1.9499999992549419),(0.05000000074505806,0.)));
#9467=IFCINDEXEDPOLYCURVE(#9466,(IFCLINEINDEX((1,2,3,4,5,6,7,8,1))),$);
#9468=IFCARBITRARYCLOSEDPROFILEDEF(.AREA.,$,#9467);
#9469=IFCCARTESIANPOINT((0.,0.,0.));
#9470=IFCDIRECTION((0.,-1.,0.));
#9471=IFCDIRECTION((1.,0.,0.));
#9472=IFCAXIS2PLACEMENT3D(#9469,#9470,#9471);
#9473=IFCDIRECTION((0.,0.,-1.));
#9474=IFCEXTRUDEDAREASOLID(#9468,#9472,#9473,0.02500000037252903);
#9475=IFCCARTESIANPOINTLIST2D(((0.,0.),(0.6623394712805748,0.),(0.6623394712805748,0.10000000149011612),(0.,0.10000000149011612)));
#9476=IFCINDEXEDPOLYCURVE(#9475,(IFCLINEINDEX((1,2,3,4,1))),$);
#9477=IFCARBITRARYCLOSEDPROFILEDEF(.AREA.,$,#9476);
#9478=IFCCARTESIANPOINT((0.05000000074505806,0.,0.));
#9479=IFCDIRECTION((0.,0.,1.));
#9480=IFCDIRECTION((1.,0.,0.));
#9481=IFCAXIS2PLACEMENT3D(#9478,#9479,#9480);
#9482=IFCDIRECTION((0.,0.,1.));
#9483=IFCEXTRUDEDAREASOLID(#9477,#9481,#9482,0.02500000037252903);
#9484=IFCCARTESIANPOINTLIST2D(((0.,0.),(0.,2.0250000022351742),(0.81233947724103928,2.0250000022351742),(0.81233947724103928,0.),(0.73733947426080704,0.),(0.73733947426080704,1.9499999992549419),(0.075000002980232239,1.9499999992549419),(0.075000002980232239,0.)));
#9485=IFCINDEXEDPOLYCURVE(#9484,(IFCLINEINDEX((1,2,3,4,5,6,7,8,1))),$);
#9486=IFCARBITRARYCLOSEDPROFILEDEF(.AREA.,$,#9485);
#9487=IFCCARTESIANPOINT((-0.025000002235174179,-0.0010000000474974513,0.));
#9488=IFCDIRECTION((0.,-1.,0.));
#9489=IFCDIRECTION((1.,0.,0.));
#9490=IFCAXIS2PLACEMENT3D(#9487,#9488,#9489);
#9491=IFCDIRECTION((0.,0.,-1.));
#9492=IFCEXTRUDEDAREASOLID(#9486,#9490,#9491,0.0010000000474974513);
#9493=IFCCARTESIANPOINTLIST2D(((0.,0.),(0.,2.0250000022351742),(0.81233947724103928,2.0250000022351742),(0.81233947724103928,0.),(0.76233947463333607,0.),(0.76233947463333607,1.974999999627471),(0.050000002607703209,1.974999999627471),(0.050000002607703209,0.)));
#9494=IFCINDEXEDPOLYCURVE(#9493,(IFCLINEINDEX((1,2,3,4,5,6,7,8,1))),$);
#9495=IFCARBITRARYCLOSEDPROFILEDEF(.AREA.,$,#9494);
#9496=IFCCARTESIANPOINT((-0.025000002235174179,0.05000000074505806,0.));
#9497=IFCDIRECTION((0.,-1.,0.));
#9498=IFCDIRECTION((1.,0.,0.));
#9499=IFCAXIS2PLACEMENT3D(#9496,#9497,#9498);
#9500=IFCDIRECTION((0.,0.,-1.));
#9501=IFCEXTRUDEDAREASOLID(#9495,#9499,#9500,0.0010000000474974513);
#9502=IFCCARTESIANPOINTLIST2D(((0.,0.),(0.71233947202563286,0.),(0.71233947202563286,0.035000000149011612),(0.,0.035000000149011612)));
#9503=IFCINDEXEDPOLYCURVE(#9502,(IFCLINEINDEX((1,2,3,4,1))),$);
#9504=IFCARBITRARYCLOSEDPROFILEDEF(.AREA.,$,#9503);
#9505=IFCCARTESIANPOINT((0.02500000037252903,0.02500000037252903,0.02500000037252903));
#9506=IFCDIRECTION((0.,0.,1.));
#9507=IFCDIRECTION((1.,0.,0.));
#9508=IFCAXIS2PLACEMENT3D(#9505,#9506,#9507);
#9509=IFCDIRECTION((0.,0.,1.));
#9510=IFCEXTRUDEDAREASOLID(#9504,#9508,#9509,1.9499999992549419);
#9511=IFCCARTESIANPOINTLIST2D(((0.,0.),(0.,-0.040000000000000001),(0.12,-0.040000000000000001),(0.12,-0.02),(0.02,-0.02),(0.02,0.)));
#9512=IFCINDEXEDPOLYCURVE(#9511,(IFCLINEINDEX((1,2,3,4,5,6,1))),$);
#9513=IFCARBITRARYCLOSEDPROFILEDEF(.AREA.,$,#9512);
#9514=IFCCARTESIANPOINT((0.075000000372529033,0.02500000037252903,1.015000000372529));
#9515=IFCDIRECTION((0.,0.,1.));
#9516=IFCDIRECTION((1.,0.,0.));
#9517=IFCAXIS2PLACEMENT3D(#9514,#9515,#9516);
#9518=IFCDIRECTION((0.,0.,1.));
#9519=IFCEXTRUDEDAREASOLID(#9513,#9517,#9518,0.02);
#9520=IFCEXTRUDEDAREASOLID(#9521,#9524,#9528,0.02);
#9521=IFCARBITRARYCLOSEDPROFILEDEF(.AREA.,$,#9522);
#9522=IFCINDEXEDPOLYCURVE(#9523,(IFCLINEINDEX((1,2,3,4,5,6,1))),$);
#9523=IFCCARTESIANPOINTLIST2D(((0.,0.),(0.,0.040000000000000008),(0.11999999999999998,0.040000000000000008),(0.11999999999999998,0.020000000000000004),(0.020000000000000004,0.020000000000000004),(0.020000000000000004,0.)));
#9524=IFCAXIS2PLACEMENT3D(#9525,#9526,#9527);
#9525=IFCCARTESIANPOINT((0.075000000372529033,0.060000000521540642,1.015000000372529));
#9526=IFCDIRECTION((0.,0.,1.));
#9527=IFCDIRECTION((1.,0.,0.));
#9528=IFCDIRECTION((0.,0.,1.));
#9569=IFCCARTESIANPOINTLIST3D(((0.,0.,0.),(0.76233947277069092,0.,0.),(0.76233947277069092,0.,2.),(0.,0.,2.)));
#9570=IFCINDEXEDPOLYCURVE(#9569,(IFCLINEINDEX((1,2,3,4,1))),$);
#9571=IFCSHAPEREPRESENTATION(#18,'Profile','Curve3D',(#9570));
#9572=IFCCARTESIANPOINTLIST2D(((0.,0.),(0.,2.),(0.76233947277069092,2.),(0.76233947277069092,0.),(0.73733947239816189,0.),(0.73733947239816189,1.974999999627471),(0.02500000037252903,1.974999999627471),(0.02500000037252903,0.)));
#9573=IFCINDEXEDPOLYCURVE(#9572,(IFCLINEINDEX((1,2,3,4,5,6,7,8,1))),$);
#9574=IFCARBITRARYCLOSEDPROFILEDEF(.AREA.,$,#9573);
#9575=IFCCARTESIANPOINT((0.,0.02500000037252903,0.));
#9576=IFCDIRECTION((0.,-1.,0.));
#9577=IFCDIRECTION((1.,0.,0.));
#9578=IFCAXIS2PLACEMENT3D(#9575,#9576,#9577);
#9579=IFCDIRECTION((0.,0.,-1.));
#9580=IFCEXTRUDEDAREASOLID(#9574,#9578,#9579,0.02500000037252903);
#9581=IFCCARTESIANPOINTLIST2D(((0.,0.),(0.,2.),(0.76233947277069092,2.),(0.76233947277069092,0.),(0.71233947202563286,0.),(0.71233947202563286,1.9499999992549419),(0.05000000074505806,1.9499999992549419),(0.05000000074505806,0.)));
#9582=IFCINDEXEDPOLYCURVE(#9581,(IFCLINEINDEX((1,2,3,4,5,6,7,8,1))),$);
#9583=IFCARBITRARYCLOSEDPROFILEDEF(.AREA.,$,#9582);
#9584=IFCCARTESIANPOINT((0.,0.,0.));
#9585=IFCDIRECTION((0.,-1.,0.));
#9586=IFCDIRECTION((1.,0.,0.));
#9587=IFCAXIS2PLACEMENT3D(#9584,#9585,#9586);
#9588=IFCDIRECTION((0.,0.,-1.));
#9589=IFCEXTRUDEDAREASOLID(#9583,#9587,#9588,0.02500000037252903);
#9590=IFCCARTESIANPOINTLIST2D(((0.,0.),(0.6623394712805748,0.),(0.6623394712805748,0.10000000149011612),(0.,0.10000000149011612)));
#9591=IFCINDEXEDPOLYCURVE(#9590,(IFCLINEINDEX((1,2,3,4,1))),$);
#9592=IFCARBITRARYCLOSEDPROFILEDEF(.AREA.,$,#9591);
#9593=IFCCARTESIANPOINT((0.05000000074505806,0.,0.));
#9594=IFCDIRECTION((0.,0.,1.));
#9595=IFCDIRECTION((1.,0.,0.));
#9596=IFCAXIS2PLACEMENT3D(#9593,#9594,#9595);
#9597=IFCDIRECTION((0.,0.,1.));
#9598=IFCEXTRUDEDAREASOLID(#9592,#9596,#9597,0.02500000037252903);
#9599=IFCCARTESIANPOINTLIST2D(((0.,0.),(0.,2.0250000022351742),(0.81233947724103928,2.0250000022351742),(0.81233947724103928,0.),(0.73733947426080704,0.),(0.73733947426080704,1.9499999992549419),(0.075000002980232239,1.9499999992549419),(0.075000002980232239,0.)));
#9600=IFCINDEXEDPOLYCURVE(#9599,(IFCLINEINDEX((1,2,3,4,5,6,7,8,1))),$);
#9601=IFCARBITRARYCLOSEDPROFILEDEF(.AREA.,$,#9600);
#9602=IFCCARTESIANPOINT((-0.025000002235174179,-0.0010000000474974513,0.));
#9603=IFCDIRECTION((0.,-1.,0.));
#9604=IFCDIRECTION((1.,0.,0.));
#9605=IFCAXIS2PLACEMENT3D(#9602,#9603,#9604);
#9606=IFCDIRECTION((0.,0.,-1.));
#9607=IFCEXTRUDEDAREASOLID(#9601,#9605,#9606,0.0010000000474974513);
#9608=IFCCARTESIANPOINTLIST2D(((0.,0.),(0.,2.0250000022351742),(0.81233947724103928,2.0250000022351742),(0.81233947724103928,0.),(0.76233947463333607,0.),(0.76233947463333607,1.974999999627471),(0.050000002607703209,1.974999999627471),(0.050000002607703209,0.)));
#9609=IFCINDEXEDPOLYCURVE(#9608,(IFCLINEINDEX((1,2,3,4,5,6,7,8,1))),$);
#9610=IFCARBITRARYCLOSEDPROFILEDEF(.AREA.,$,#9609);
#9611=IFCCARTESIANPOINT((-0.025000002235174179,0.05000000074505806,0.));
#9612=IFCDIRECTION((0.,-1.,0.));
#9613=IFCDIRECTION((1.,0.,0.));
#9614=IFCAXIS2PLACEMENT3D(#9611,#9612,#9613);
#9615=IFCDIRECTION((0.,0.,-1.));
#9616=IFCEXTRUDEDAREASOLID(#9610,#9614,#9615,0.0010000000474974513);
#9617=IFCCARTESIANPOINTLIST2D(((0.,0.),(0.71233947202563286,0.),(0.71233947202563286,0.035000000149011612),(0.,0.035000000149011612)));
#9618=IFCINDEXEDPOLYCURVE(#9617,(IFCLINEINDEX((1,2,3,4,1))),$);
#9619=IFCARBITRARYCLOSEDPROFILEDEF(.AREA.,$,#9618);
#9620=IFCCARTESIANPOINT((0.02500000037252903,0.02500000037252903,0.02500000037252903));
#9621=IFCDIRECTION((0.,0.,1.));
#9622=IFCDIRECTION((1.,0.,0.));
#9623=IFCAXIS2PLACEMENT3D(#9620,#9621,#9622);
#9624=IFCDIRECTION((0.,0.,1.));
#9625=IFCEXTRUDEDAREASOLID(#9619,#9623,#9624,1.9499999992549419);
#9626=IFCCARTESIANPOINTLIST2D(((0.,0.),(0.,-0.040000000000000001),(-0.11999999999999988,-0.040000000000000001),(-0.11999999999999988,-0.02),(-0.020000000000000018,-0.02),(-0.020000000000000018,0.)));
#9627=IFCINDEXEDPOLYCURVE(#9626,(IFCLINEINDEX((1,2,3,4,5,6,1))),$);
#9628=IFCARBITRARYCLOSEDPROFILEDEF(.AREA.,$,#9627);
#9629=IFCCARTESIANPOINT((0.68733947239816184,0.02500000037252903,1.015000000372529));
#9630=IFCDIRECTION((0.,0.,1.));
#9631=IFCDIRECTION((1.,0.,0.));
#9632=IFCAXIS2PLACEMENT3D(#9629,#9630,#9631);
#9633=IFCDIRECTION((0.,0.,1.));
#9634=IFCEXTRUDEDAREASOLID(#9628,#9632,#9633,0.02);
#9635=IFCEXTRUDEDAREASOLID(#9636,#9639,#9643,0.02);
#9636=IFCARBITRARYCLOSEDPROFILEDEF(.AREA.,$,#9637);
#9637=IFCINDEXEDPOLYCURVE(#9638,(IFCLINEINDEX((1,2,3,4,5,6,1))),$);
#9638=IFCCARTESIANPOINTLIST2D(((0.,0.),(0.,0.040000000000000008),(-0.11999999999999988,0.040000000000000008),(-0.11999999999999988,0.020000000000000004),(-0.020000000000000018,0.020000000000000004),(-0.020000000000000018,0.)));
#9639=IFCAXIS2PLACEMENT3D(#9640,#9641,#9642);
#9640=IFCCARTESIANPOINT((0.68733947239816184,0.060000000521540642,1.015000000372529));
#9641=IFCDIRECTION((0.,0.,1.));
#9642=IFCDIRECTION((1.,0.,0.));
#9643=IFCDIRECTION((0.,0.,1.));
#9644=IFCSHAPEREPRESENTATION(#11,'Body','SweptSolid',(#9580,#9589,#9625,#9634,#9635,#9598,#9607,#9616));
#9645=IFCCARTESIANPOINTLIST2D(((0.,0.),(0.,0.05000000074505806),(0.02500000037252903,0.05000000074505806),(0.02500000037252903,0.02500000037252903),(0.05000000074505806,0.02500000037252903),(0.05000000074505806,0.)));
#9646=IFCINDEXEDPOLYCURVE(#9645,(IFCLINEINDEX((1,2,3,4,5,6,1))),$);
#9647=IFCINDEXEDPOLYCURVE(#9648,(IFCLINEINDEX((1,2,3,4,5,6,1))),$);
#9648=IFCCARTESIANPOINTLIST2D(((0.76233947277069092,0.),(0.76233947277069092,0.05000000074505806),(0.73733947239816189,0.05000000074505806),(0.73733947239816189,0.02500000037252903),(0.71233947202563286,0.02500000037252903),(0.71233947202563286,0.)));
#9649=IFCDIRECTION((1.,0.));
#9650=IFCCARTESIANPOINT((0.060000000521540642,0.05000000074505806));
#9651=IFCAXIS2PLACEMENT2D(#9650,#9649);
#9652=IFCELLIPSE(#9651,0.67733947187662125,0.71233947202563286);
#9653=IFCCARTESIANPOINT((0.73733947239816189,0.05000000074505806));
#9654=IFCCARTESIANPOINT((0.060000000521540642,0.76233947277069092));
#9655=IFCTRIMMEDCURVE(#9652,(#9653),(#9654),.T.,.CARTESIAN.);
#9656=IFCCARTESIANPOINTLIST2D(((0.02500000037252903,0.05000000074505806),(0.060000000521540642,0.05000000074505806),(0.060000000521540642,0.76233947277069092),(0.02500000037252903,0.76233947277069092)));
#9657=IFCINDEXEDPOLYCURVE(#9656,(IFCLINEINDEX((1,2,3,4,1))),$);
#9658=IFCSHAPEREPRESENTATION(#24,'Body','Curve2D',(#9646,#9647,#9655,#9657));
#9659=IFCCARTESIANPOINTLIST2D(((0.,0.),(0.76233947277069092,0.),(0.76233947277069092,2.),(0.,2.)));
#9660=IFCINDEXEDPOLYCURVE(#9659,(IFCLINEINDEX((1,2,3,4,1))),$);
#9661=IFCARBITRARYCLOSEDPROFILEDEF(.AREA.,$,#9660);
#9662=IFCCARTESIANPOINT((0.,-0.60000002384185791,0.));
#9663=IFCDIRECTION((0.,-1.,0.));
#9664=IFCDIRECTION((1.,0.,0.));
#9665=IFCAXIS2PLACEMENT3D(#9662,#9663,#9664);
#9666=IFCDIRECTION((0.,0.,-1.));
#9667=IFCEXTRUDEDAREASOLID(#9661,#9665,#9666,1.2);
#9668=IFCSHAPEREPRESENTATION(#11,'Body','SweptSolid',(#9667));
#9674=IFCCARTESIANPOINT((3.5096956642466313,0.099999851520414573,0.));
#9675=IFCDIRECTION((0.,0.,1.));
#9676=IFCDIRECTION((-0.99999999999992417,3.8941438162963358E-07,0.));
#9677=IFCAXIS2PLACEMENT3D(#9674,#9675,#9676);
#9678=IFCLOCALPLACEMENT(#15679,#9677);
#9679=IFCCARTESIANPOINT((2.2204460492503131E-16,0.,0.));
#9680=IFCDIRECTION((0.,0.,1.));
#9681=IFCDIRECTION((0.99999999999999989,5.2939559203393771E-23,0.));
#9682=IFCAXIS2PLACEMENT3D(#9679,#9680,#9681);
#9683=IFCLOCALPLACEMENT(#9678,#9682);
#9831=IFCDOORTYPE('0iZd9Zd$HDxw$l_FOyfscY',$,'BR1-2F',$,$,(#9832),(#9834,#9842,#9911),$,$,.DOOR.,.SINGLE_SWING_LEFT.,$,$);
#9832=IFCPROPERTYSET('19Wi4UTS9EGQ3ZJxV5$i5j',$,'BBIM_Door',$,(#9833));
#9833=IFCPROPERTYSINGLEVALUE('Data',$,IFCTEXT('{"door_type": "DOUBLE_SWING_LEFT", "overall_height": 2.0, "overall_width": 0.8822101354598999, "lining_properties": {"lining_depth": 0.05000000074505806, "lining_thickness": 0.05000000074505806, "lining_offset": 0.0, "lining_to_panel_offset_x": 0.02500000037252903, "lining_to_panel_offset_y": 0.02500000037252903, "transom_thickness": 0.0, "casing_thickness": 0.07500000298023224, "casing_depth": 0.0010000000474974513, "threshold_thickness": 0.02500000037252903, "threshold_depth": 0.10000000149011612, "threshold_offset": 0.0}, "panel_properties": {"panel_depth": 0.03500000014901161, "panel_width_ratio": 1.0}}'),$);
#9834=IFCREPRESENTATIONMAP(#9835,#10111);
#9835=IFCAXIS2PLACEMENT3D(#9836,#9837,#9838);
#9836=IFCCARTESIANPOINT((0.,0.,0.));
#9837=IFCDIRECTION((0.,0.,1.));
#9838=IFCDIRECTION((1.,0.,0.));
#9842=IFCREPRESENTATIONMAP(#9843,#10175);
#9843=IFCAXIS2PLACEMENT3D(#9844,#9845,#9846);
#9844=IFCCARTESIANPOINT((0.,0.,0.));
#9845=IFCDIRECTION((0.,0.,1.));
#9846=IFCDIRECTION((1.,0.,0.));
#9911=IFCREPRESENTATIONMAP(#9912,#10191);
#9912=IFCAXIS2PLACEMENT3D(#9913,#9914,#9915);
#9913=IFCCARTESIANPOINT((0.,0.,0.));
#9914=IFCDIRECTION((0.,0.,1.));
#9915=IFCDIRECTION((1.,0.,0.));
#9932=IFCDOOR('2TPX3z$g95LfKQ7noPjfmk',$,'Door',$,$,#10236,#9941,$,2.,0.8822101354598999,$,.DOUBLE_SWING_LEFT.,$);
#9933=IFCRELDEFINESBYTYPE('0shzI9gWn67fKFftu65myp',$,$,$,(#9932),#9831);
#9934=IFCCARTESIANPOINT((0.,0.,0.));
#9935=IFCDIRECTION((1.,0.,0.));
#9936=IFCDIRECTION((0.,1.,0.));
#9937=IFCDIRECTION((0.,0.,1.));
#9938=IFCCARTESIANTRANSFORMATIONOPERATOR3D(#9935,#9936,#9934,1.,#9937);
#9939=IFCMAPPEDITEM(#9834,#9938);
#9940=IFCSHAPEREPRESENTATION(#18,'Profile','MappedRepresentation',(#9939));
#9941=IFCPRODUCTDEFINITIONSHAPE($,$,(#9940,#9948,#9955));
#9942=IFCCARTESIANPOINT((0.,0.,0.));
#9943=IFCDIRECTION((1.,0.,0.));
#9944=IFCDIRECTION((0.,1.,0.));
#9945=IFCDIRECTION((0.,0.,1.));
#9946=IFCCARTESIANTRANSFORMATIONOPERATOR3D(#9943,#9944,#9942,1.,#9945);
#9947=IFCMAPPEDITEM(#9842,#9946);
#9948=IFCSHAPEREPRESENTATION(#11,'Body','MappedRepresentation',(#9947));
#9949=IFCCARTESIANPOINT((0.,0.,0.));
#9950=IFCDIRECTION((1.,0.,0.));
#9951=IFCDIRECTION((0.,1.,0.));
#9952=IFCDIRECTION((0.,0.,1.));
#9953=IFCCARTESIANTRANSFORMATIONOPERATOR3D(#9950,#9951,#9949,1.,#9952);
#9954=IFCMAPPEDITEM(#9911,#9953);
#9955=IFCSHAPEREPRESENTATION(#24,'Body','MappedRepresentation',(#9954));
#10000=IFCCARTESIANPOINTLIST2D(((0.,0.),(0.,2.),(0.92653572559356689,2.),(0.92653572559356689,0.),(0.90153572522103786,0.),(0.90153572522103786,1.974999999627471),(0.02500000037252903,1.974999999627471),(0.02500000037252903,0.)));
#10001=IFCINDEXEDPOLYCURVE(#10000,(IFCLINEINDEX((1,2,3,4,5,6,7,8,1))),$);
#10002=IFCARBITRARYCLOSEDPROFILEDEF(.AREA.,$,#10001);
#10003=IFCCARTESIANPOINT((0.,0.,0.));
#10004=IFCDIRECTION((0.,-1.,0.));
#10005=IFCDIRECTION((1.,0.,0.));
#10006=IFCAXIS2PLACEMENT3D(#10003,#10004,#10005);
#10007=IFCDIRECTION((0.,0.,-1.));
#10008=IFCEXTRUDEDAREASOLID(#10002,#10006,#10007,0.05000000074505806);
#10009=IFCCARTESIANPOINTLIST2D(((0.,0.),(0.87653572484850883,0.),(0.87653572484850883,0.10000000149011612),(0.,0.10000000149011612)));
#10010=IFCINDEXEDPOLYCURVE(#10009,(IFCLINEINDEX((1,2,3,4,1))),$);
#10011=IFCARBITRARYCLOSEDPROFILEDEF(.AREA.,$,#10010);
#10012=IFCCARTESIANPOINT((0.02500000037252903,0.,0.));
#10013=IFCDIRECTION((0.,0.,1.));
#10014=IFCDIRECTION((1.,0.,0.));
#10015=IFCAXIS2PLACEMENT3D(#10012,#10013,#10014);
#10016=IFCDIRECTION((0.,0.,1.));
#10017=IFCEXTRUDEDAREASOLID(#10011,#10015,#10016,0.02500000037252903);
#10018=IFCCARTESIANPOINTLIST2D(((0.,0.),(0.,2.0250000022351742),(0.97653573006391525,2.0250000022351742),(0.97653573006391525,0.),(0.92653572745621204,0.),(0.92653572745621204,1.974999999627471),(0.050000002607703209,1.974999999627471),(0.050000002607703209,0.)));
#10019=IFCINDEXEDPOLYCURVE(#10018,(IFCLINEINDEX((1,2,3,4,5,6,7,8,1))),$);
#10020=IFCARBITRARYCLOSEDPROFILEDEF(.AREA.,$,#10019);
#10021=IFCCARTESIANPOINT((-0.025000002235174179,-0.0010000000474974513,0.));
#10022=IFCDIRECTION((0.,-1.,0.));
#10023=IFCDIRECTION((1.,0.,0.));
#10024=IFCAXIS2PLACEMENT3D(#10021,#10022,#10023);
#10025=IFCDIRECTION((0.,0.,-1.));
#10026=IFCEXTRUDEDAREASOLID(#10020,#10024,#10025,0.0010000000474974513);
#10027=IFCCARTESIANPOINTLIST2D(((0.,0.),(0.,2.0250000022351742),(0.97653573006391525,2.0250000022351742),(0.97653573006391525,0.),(0.92653572745621204,0.),(0.92653572745621204,1.974999999627471),(0.050000002607703209,1.974999999627471),(0.050000002607703209,0.)));
#10028=IFCINDEXEDPOLYCURVE(#10027,(IFCLINEINDEX((1,2,3,4,5,6,7,8,1))),$);
#10029=IFCARBITRARYCLOSEDPROFILEDEF(.AREA.,$,#10028);
#10030=IFCCARTESIANPOINT((-0.025000002235174179,0.05000000074505806,0.));
#10031=IFCDIRECTION((0.,-1.,0.));
#10032=IFCDIRECTION((1.,0.,0.));
#10033=IFCAXIS2PLACEMENT3D(#10030,#10031,#10032);
#10034=IFCDIRECTION((0.,0.,-1.));
#10035=IFCEXTRUDEDAREASOLID(#10029,#10033,#10034,0.0010000000474974513);
#10036=IFCCARTESIANPOINTLIST2D(((0.,0.),(0.87653572484850883,0.),(0.87653572484850883,0.035000000149011612),(0.,0.035000000149011612)));
#10037=IFCINDEXEDPOLYCURVE(#10036,(IFCLINEINDEX((1,2,3,4,1))),$);
#10038=IFCARBITRARYCLOSEDPROFILEDEF(.AREA.,$,#10037);
#10039=IFCCARTESIANPOINT((0.02500000037252903,0.02500000037252903,0.02500000037252903));
#10040=IFCDIRECTION((0.,0.,1.));
#10041=IFCDIRECTION((1.,0.,0.));
#10042=IFCAXIS2PLACEMENT3D(#10039,#10040,#10041);
#10043=IFCDIRECTION((0.,0.,1.));
#10044=IFCEXTRUDEDAREASOLID(#10038,#10042,#10043,1.9499999992549419);
#10045=IFCCARTESIANPOINTLIST2D(((0.,0.),(0.,-0.040000000000000001),(0.12,-0.040000000000000001),(0.12,-0.02),(0.02,-0.02),(0.02,0.)));
#10046=IFCINDEXEDPOLYCURVE(#10045,(IFCLINEINDEX((1,2,3,4,5,6,1))),$);
#10047=IFCARBITRARYCLOSEDPROFILEDEF(.AREA.,$,#10046);
#10048=IFCCARTESIANPOINT((0.075000000372529033,0.02500000037252903,1.015000000372529));
#10049=IFCDIRECTION((0.,0.,1.));
#10050=IFCDIRECTION((1.,0.,0.));
#10051=IFCAXIS2PLACEMENT3D(#10048,#10049,#10050);
#10052=IFCDIRECTION((0.,0.,1.));
#10053=IFCEXTRUDEDAREASOLID(#10047,#10051,#10052,0.02);
#10054=IFCEXTRUDEDAREASOLID(#10055,#10058,#10062,0.02);
#10055=IFCARBITRARYCLOSEDPROFILEDEF(.AREA.,$,#10056);
#10056=IFCINDEXEDPOLYCURVE(#10057,(IFCLINEINDEX((1,2,3,4,5,6,1))),$);
#10057=IFCCARTESIANPOINTLIST2D(((0.,0.),(0.,0.040000000000000008),(0.11999999999999998,0.040000000000000008),(0.11999999999999998,0.020000000000000004),(0.020000000000000004,0.020000000000000004),(0.020000000000000004,0.)));
#10058=IFCAXIS2PLACEMENT3D(#10059,#10060,#10061);
#10059=IFCCARTESIANPOINT((0.075000000372529033,0.060000000521540642,1.015000000372529));
#10060=IFCDIRECTION((0.,0.,1.));
#10061=IFCDIRECTION((1.,0.,0.));
#10062=IFCDIRECTION((0.,0.,1.));
#10064=IFCSHAPEREPRESENTATION(#11,'Body','SweptSolid',(#10120,#10017,#10147,#10138,#10008,#10129,#10035,#10026));
#10065=IFCSHAPEASPECT((#10064),'Lining',$,.T.,#9941);
#10066=IFCSHAPEREPRESENTATION(#11,'Body','SweptSolid',(#10044,#10165,#10166,#10053,#10156,#10054));
#10067=IFCSHAPEASPECT((#10066),'Framing',$,.T.,#9941);
#10109=IFCCARTESIANPOINTLIST3D(((0.,0.,0.),(0.8822101354598999,0.,0.),(0.8822101354598999,0.,2.),(0.,0.,2.)));
#10110=IFCINDEXEDPOLYCURVE(#10109,(IFCLINEINDEX((1,2,3,4,1))),$);
#10111=IFCSHAPEREPRESENTATION(#18,'Profile','Curve3D',(#10110));
#10112=IFCCARTESIANPOINTLIST2D(((0.,0.),(0.,2.),(0.8822101354598999,2.),(0.8822101354598999,0.),(0.85721013508737087,0.),(0.85721013508737087,1.974999999627471),(0.02500000037252903,1.974999999627471),(0.02500000037252903,0.)));
#10113=IFCINDEXEDPOLYCURVE(#10112,(IFCLINEINDEX((1,2,3,4,5,6,7,8,1))),$);
#10114=IFCARBITRARYCLOSEDPROFILEDEF(.AREA.,$,#10113);
#10115=IFCCARTESIANPOINT((0.,0.,0.));
#10116=IFCDIRECTION((0.,-1.,0.));
#10117=IFCDIRECTION((1.,0.,0.));
#10118=IFCAXIS2PLACEMENT3D(#10115,#10116,#10117);
#10119=IFCDIRECTION((0.,0.,-1.));
#10120=IFCEXTRUDEDAREASOLID(#10114,#10118,#10119,0.05000000074505806);
#10121=IFCCARTESIANPOINTLIST2D(((0.,0.),(0.83221013471484184,0.),(0.83221013471484184,0.10000000149011612),(0.,0.10000000149011612)));
#10122=IFCINDEXEDPOLYCURVE(#10121,(IFCLINEINDEX((1,2,3,4,1))),$);
#10123=IFCARBITRARYCLOSEDPROFILEDEF(.AREA.,$,#10122);
#10124=IFCCARTESIANPOINT((0.02500000037252903,0.,0.));
#10125=IFCDIRECTION((0.,0.,1.));
#10126=IFCDIRECTION((1.,0.,0.));
#10127=IFCAXIS2PLACEMENT3D(#10124,#10125,#10126);
#10128=IFCDIRECTION((0.,0.,1.));
#10129=IFCEXTRUDEDAREASOLID(#10123,#10127,#10128,0.02500000037252903);
#10130=IFCCARTESIANPOINTLIST2D(((0.,0.),(0.,2.0250000022351742),(0.93221013993024826,2.0250000022351742),(0.93221013993024826,0.),(0.88221013732254505,0.),(0.88221013732254505,1.974999999627471),(0.050000002607703209,1.974999999627471),(0.050000002607703209,0.)));
#10131=IFCINDEXEDPOLYCURVE(#10130,(IFCLINEINDEX((1,2,3,4,5,6,7,8,1))),$);
#10132=IFCARBITRARYCLOSEDPROFILEDEF(.AREA.,$,#10131);
#10133=IFCCARTESIANPOINT((-0.025000002235174179,-0.0010000000474974513,0.));
#10134=IFCDIRECTION((0.,-1.,0.));
#10135=IFCDIRECTION((1.,0.,0.));
#10136=IFCAXIS2PLACEMENT3D(#10133,#10134,#10135);
#10137=IFCDIRECTION((0.,0.,-1.));
#10138=IFCEXTRUDEDAREASOLID(#10132,#10136,#10137,0.0010000000474974513);
#10139=IFCCARTESIANPOINTLIST2D(((0.,0.),(0.,2.0250000022351742),(0.93221013993024826,2.0250000022351742),(0.93221013993024826,0.),(0.88221013732254505,0.),(0.88221013732254505,1.974999999627471),(0.050000002607703209,1.974999999627471),(0.050000002607703209,0.)));
#10140=IFCINDEXEDPOLYCURVE(#10139,(IFCLINEINDEX((1,2,3,4,5,6,7,8,1))),$);
#10141=IFCARBITRARYCLOSEDPROFILEDEF(.AREA.,$,#10140);
#10142=IFCCARTESIANPOINT((-0.025000002235174179,0.05000000074505806,0.));
#10143=IFCDIRECTION((0.,-1.,0.));
#10144=IFCDIRECTION((1.,0.,0.));
#10145=IFCAXIS2PLACEMENT3D(#10142,#10143,#10144);
#10146=IFCDIRECTION((0.,0.,-1.));
#10147=IFCEXTRUDEDAREASOLID(#10141,#10145,#10146,0.0010000000474974513);
#10148=IFCCARTESIANPOINTLIST2D(((0.,0.),(0.83221013471484184,0.),(0.83221013471484184,0.035000000149011612),(0.,0.035000000149011612)));
#10149=IFCINDEXEDPOLYCURVE(#10148,(IFCLINEINDEX((1,2,3,4,1))),$);
#10150=IFCARBITRARYCLOSEDPROFILEDEF(.AREA.,$,#10149);
#10151=IFCCARTESIANPOINT((0.02500000037252903,0.02500000037252903,0.02500000037252903));
#10152=IFCDIRECTION((0.,0.,1.));
#10153=IFCDIRECTION((1.,0.,0.));
#10154=IFCAXIS2PLACEMENT3D(#10151,#10152,#10153);
#10155=IFCDIRECTION((0.,0.,1.));
#10156=IFCEXTRUDEDAREASOLID(#10150,#10154,#10155,1.9499999992549419);
#10157=IFCCARTESIANPOINTLIST2D(((0.,0.),(0.,-0.040000000000000001),(-0.11999999999999988,-0.040000000000000001),(-0.11999999999999988,-0.02),(-0.020000000000000018,-0.02),(-0.020000000000000018,0.)));
#10158=IFCINDEXEDPOLYCURVE(#10157,(IFCLINEINDEX((1,2,3,4,5,6,1))),$);
#10159=IFCARBITRARYCLOSEDPROFILEDEF(.AREA.,$,#10158);
#10160=IFCCARTESIANPOINT((0.80721013508737083,0.02500000037252903,1.015000000372529));
#10161=IFCDIRECTION((0.,0.,1.));
#10162=IFCDIRECTION((1.,0.,0.));
#10163=IFCAXIS2PLACEMENT3D(#10160,#10161,#10162);
#10164=IFCDIRECTION((0.,0.,1.));
#10165=IFCEXTRUDEDAREASOLID(#10159,#10163,#10164,0.02);
#10166=IFCEXTRUDEDAREASOLID(#10167,#10170,#10174,0.02);
#10167=IFCARBITRARYCLOSEDPROFILEDEF(.AREA.,$,#10168);
#10168=IFCINDEXEDPOLYCURVE(#10169,(IFCLINEINDEX((1,2,3,4,5,6,1))),$);
#10169=IFCCARTESIANPOINTLIST2D(((0.,0.),(0.,0.040000000000000008),(-0.11999999999999988,0.040000000000000008),(-0.11999999999999988,0.020000000000000004),(-0.020000000000000018,0.020000000000000004),(-0.020000000000000018,0.)));
#10170=IFCAXIS2PLACEMENT3D(#10171,#10172,#10173);
#10171=IFCCARTESIANPOINT((0.80721013508737083,0.060000000521540642,1.015000000372529));
#10172=IFCDIRECTION((0.,0.,1.));
#10173=IFCDIRECTION((1.,0.,0.));
#10174=IFCDIRECTION((0.,0.,1.));
#10175=IFCSHAPEREPRESENTATION(#11,'Body','SweptSolid',(#10120,#10156,#10165,#10166,#10129,#10138,#10147));
#10176=IFCCARTESIANPOINTLIST2D(((0.,0.),(0.02500000037252903,0.),(0.02500000037252903,0.05000000074505806),(0.,0.05000000074505806)));
#10177=IFCINDEXEDPOLYCURVE(#10176,(IFCLINEINDEX((1,2,3,4,1))),$);
#10178=IFCINDEXEDPOLYCURVE(#10179,(IFCLINEINDEX((1,2,3,4,1))),$);
#10179=IFCCARTESIANPOINTLIST2D(((0.8822101354598999,0.),(0.85721013508737087,0.),(0.85721013508737087,0.05000000074505806),(0.8822101354598999,0.05000000074505806)));
#10180=IFCCARTESIANPOINTLIST2D(((0.02500000037252903,0.05000000074505806),(0.02500000037252903,-0.78221013396978378),(0.060000000521540642,-0.78221013396978378)));
#10181=IFCINDEXEDPOLYCURVE(#10180,$,$);
#10182=IFCDIRECTION((1.,0.));
#10183=IFCCARTESIANPOINT((0.060000000521540642,0.05000000074505806));
#10184=IFCAXIS2PLACEMENT2D(#10183,#10182);
#10185=IFCELLIPSE(#10184,0.79721013456583023,0.83221013471484184);
#10186=IFCCARTESIANPOINT((0.060000000521540642,-0.78221013396978378));
#10187=IFCCARTESIANPOINT((0.060000000521540642,0.8822101354598999));
#10188=IFCTRIMMEDCURVE(#10185,(#10186),(#10187),.T.,.CARTESIAN.);
#10189=IFCCARTESIANPOINTLIST2D(((0.02500000037252903,0.05000000074505806),(0.060000000521540642,0.05000000074505806),(0.060000000521540642,0.8822101354598999),(0.02500000037252903,0.8822101354598999)));
#10190=IFCINDEXEDPOLYCURVE(#10189,(IFCLINEINDEX((1,2,3,4,1))),$);
#10191=IFCSHAPEREPRESENTATION(#24,'Body','Curve2D',(#10177,#10178,#10181,#10188,#10190));
#10232=IFCCARTESIANPOINT((0.,5.5511151231257827E-17,0.));
#10233=IFCDIRECTION((0.,0.,1.));
#10234=IFCDIRECTION((0.99999999999999978,2.6469779601696886E-23,0.));
#10235=IFCAXIS2PLACEMENT3D(#10232,#10233,#10234);
#10236=IFCLOCALPLACEMENT(#13610,#10235);
#10322=IFCDOORTYPE('07me8ejxTFYe26gzbhDJWS',$,'MR-1-2F',$,$,(#10323),(#10325,#10333,#10402),$,$,.DOOR.,.SINGLE_SWING_LEFT.,$,$);
#10323=IFCPROPERTYSET('1dIBgrIez7lOrTV40z$FdH',$,'BBIM_Door',$,(#10324));
#10324=IFCPROPERTYSINGLEVALUE('Data',$,IFCTEXT('{"door_type": "SINGLE_SWING_RIGHT", "overall_height": 2.0, "overall_width": 0.8725175857543945, "lining_properties": {"lining_depth": 0.05000000074505806, "lining_thickness": 0.05000000074505806, "lining_offset": 0.0, "lining_to_panel_offset_x": 0.02500000037252903, "lining_to_panel_offset_y": 0.02500000037252903, "transom_thickness": 0.0, "casing_thickness": 0.07500000298023224, "casing_depth": 0.0010000000474974513, "threshold_thickness": 0.02500000037252903, "threshold_depth": 0.10000000149011612, "threshold_offset": 0.0}, "panel_properties": {"panel_depth": 0.03500000014901161, "panel_width_ratio": 1.0}}'),$);
#10325=IFCREPRESENTATIONMAP(#10326,#12204);
#10326=IFCAXIS2PLACEMENT3D(#10327,#10328,#10329);
#10327=IFCCARTESIANPOINT((0.,0.,0.));
#10328=IFCDIRECTION((0.,0.,1.));
#10329=IFCDIRECTION((1.,0.,0.));
#10333=IFCREPRESENTATIONMAP(#10334,#12277);
#10334=IFCAXIS2PLACEMENT3D(#10335,#10336,#10337);
#10335=IFCCARTESIANPOINT((0.,0.,0.));
#10336=IFCDIRECTION((0.,0.,1.));
#10337=IFCDIRECTION((1.,0.,0.));
#10402=IFCREPRESENTATIONMAP(#10403,#12291);
#10403=IFCAXIS2PLACEMENT3D(#10404,#10405,#10406);
#10404=IFCCARTESIANPOINT((0.,0.,0.));
#10405=IFCDIRECTION((0.,0.,1.));
#10406=IFCDIRECTION((1.,0.,0.));
#10423=IFCDOOR('1uuP$uxQ59pgclqgsKMkSw',$,'Door',$,$,#12317,#10432,$,2.,0.87251758575439453,$,.SINGLE_SWING_RIGHT.,$);
#10424=IFCRELDEFINESBYTYPE('0aX6zXE513EuRTdkd84_cd',$,$,$,(#10423),#10322);
#10425=IFCCARTESIANPOINT((0.,0.,0.));
#10426=IFCDIRECTION((1.,0.,0.));
#10427=IFCDIRECTION((0.,1.,0.));
#10428=IFCDIRECTION((0.,0.,1.));
#10429=IFCCARTESIANTRANSFORMATIONOPERATOR3D(#10426,#10427,#10425,1.,#10428);
#10430=IFCMAPPEDITEM(#10325,#10429);
#10431=IFCSHAPEREPRESENTATION(#18,'Profile','MappedRepresentation',(#10430));
#10432=IFCPRODUCTDEFINITIONSHAPE($,$,(#10431,#10439,#10446));
#10433=IFCCARTESIANPOINT((0.,0.,0.));
#10434=IFCDIRECTION((1.,0.,0.));
#10435=IFCDIRECTION((0.,1.,0.));
#10436=IFCDIRECTION((0.,0.,1.));
#10437=IFCCARTESIANTRANSFORMATIONOPERATOR3D(#10434,#10435,#10433,1.,#10436);
#10438=IFCMAPPEDITEM(#10333,#10437);
#10439=IFCSHAPEREPRESENTATION(#11,'Body','MappedRepresentation',(#10438));
#10440=IFCCARTESIANPOINT((0.,0.,0.));
#10441=IFCDIRECTION((1.,0.,0.));
#10442=IFCDIRECTION((0.,1.,0.));
#10443=IFCDIRECTION((0.,0.,1.));
#10444=IFCCARTESIANTRANSFORMATIONOPERATOR3D(#10441,#10442,#10440,1.,#10443);
#10445=IFCMAPPEDITEM(#10402,#10444);
#10446=IFCSHAPEREPRESENTATION(#24,'Body','MappedRepresentation',(#10445));
#10491=IFCCARTESIANPOINTLIST2D(((0.,0.),(0.,2.),(0.87251758575439453,2.),(0.87251758575439453,0.),(0.8475175853818655,0.),(0.8475175853818655,1.974999999627471),(0.02500000037252903,1.974999999627471),(0.02500000037252903,0.)));
#10492=IFCINDEXEDPOLYCURVE(#10491,(IFCLINEINDEX((1,2,3,4,5,6,7,8,1))),$);
#10493=IFCARBITRARYCLOSEDPROFILEDEF(.AREA.,$,#10492);
#10494=IFCCARTESIANPOINT((0.,0.,0.));
#10495=IFCDIRECTION((0.,-1.,0.));
#10496=IFCDIRECTION((1.,0.,0.));
#10497=IFCAXIS2PLACEMENT3D(#10494,#10495,#10496);
#10498=IFCDIRECTION((0.,0.,-1.));
#10499=IFCEXTRUDEDAREASOLID(#10493,#10497,#10498,0.05000000074505806);
#10500=IFCCARTESIANPOINTLIST2D(((0.,0.),(0.82251758500933647,0.),(0.82251758500933647,0.10000000149011612),(0.,0.10000000149011612)));
#10501=IFCINDEXEDPOLYCURVE(#10500,(IFCLINEINDEX((1,2,3,4,1))),$);
#10502=IFCARBITRARYCLOSEDPROFILEDEF(.AREA.,$,#10501);
#10503=IFCCARTESIANPOINT((0.02500000037252903,0.,0.));
#10504=IFCDIRECTION((0.,0.,1.));
#10505=IFCDIRECTION((1.,0.,0.));
#10506=IFCAXIS2PLACEMENT3D(#10503,#10504,#10505);
#10507=IFCDIRECTION((0.,0.,1.));
#10508=IFCEXTRUDEDAREASOLID(#10502,#10506,#10507,0.02500000037252903);
#10509=IFCCARTESIANPOINTLIST2D(((0.,0.),(0.,2.0250000022351742),(0.92251759022474289,2.0250000022351742),(0.92251759022474289,0.),(0.87251758761703968,0.),(0.87251758761703968,1.974999999627471),(0.050000002607703209,1.974999999627471),(0.050000002607703209,0.)));
#10510=IFCINDEXEDPOLYCURVE(#10509,(IFCLINEINDEX((1,2,3,4,5,6,7,8,1))),$);
#10511=IFCARBITRARYCLOSEDPROFILEDEF(.AREA.,$,#10510);
#10512=IFCCARTESIANPOINT((-0.025000002235174179,-0.0010000000474974513,0.));
#10513=IFCDIRECTION((0.,-1.,0.));
#10514=IFCDIRECTION((1.,0.,0.));
#10515=IFCAXIS2PLACEMENT3D(#10512,#10513,#10514);
#10516=IFCDIRECTION((0.,0.,-1.));
#10517=IFCEXTRUDEDAREASOLID(#10511,#10515,#10516,0.0010000000474974513);
#10518=IFCCARTESIANPOINTLIST2D(((0.,0.),(0.,2.0250000022351742),(0.92251759022474289,2.0250000022351742),(0.92251759022474289,0.),(0.87251758761703968,0.),(0.87251758761703968,1.974999999627471),(0.050000002607703209,1.974999999627471),(0.050000002607703209,0.)));
#10519=IFCINDEXEDPOLYCURVE(#10518,(IFCLINEINDEX((1,2,3,4,5,6,7,8,1))),$);
#10520=IFCARBITRARYCLOSEDPROFILEDEF(.AREA.,$,#10519);
#10521=IFCCARTESIANPOINT((-0.025000002235174179,0.05000000074505806,0.));
#10522=IFCDIRECTION((0.,-1.,0.));
#10523=IFCDIRECTION((1.,0.,0.));
#10524=IFCAXIS2PLACEMENT3D(#10521,#10522,#10523);
#10525=IFCDIRECTION((0.,0.,-1.));
#10526=IFCEXTRUDEDAREASOLID(#10520,#10524,#10525,0.0010000000474974513);
#10527=IFCCARTESIANPOINTLIST2D(((0.,0.),(0.82251758500933647,0.),(0.82251758500933647,0.035000000149011612),(0.,0.035000000149011612)));
#10528=IFCINDEXEDPOLYCURVE(#10527,(IFCLINEINDEX((1,2,3,4,1))),$);
#10529=IFCARBITRARYCLOSEDPROFILEDEF(.AREA.,$,#10528);
#10530=IFCCARTESIANPOINT((0.02500000037252903,0.02500000037252903,0.02500000037252903));
#10531=IFCDIRECTION((0.,0.,1.));
#10532=IFCDIRECTION((1.,0.,0.));
#10533=IFCAXIS2PLACEMENT3D(#10530,#10531,#10532);
#10534=IFCDIRECTION((0.,0.,1.));
#10535=IFCEXTRUDEDAREASOLID(#10529,#10533,#10534,1.9499999992549419);
#10536=IFCCARTESIANPOINTLIST2D(((0.,0.),(0.,-0.040000000000000001),(0.12,-0.040000000000000001),(0.12,-0.02),(0.02,-0.02),(0.02,0.)));
#10537=IFCINDEXEDPOLYCURVE(#10536,(IFCLINEINDEX((1,2,3,4,5,6,1))),$);
#10538=IFCARBITRARYCLOSEDPROFILEDEF(.AREA.,$,#10537);
#10539=IFCCARTESIANPOINT((0.075000000372529033,0.02500000037252903,1.015000000372529));
#10540=IFCDIRECTION((0.,0.,1.));
#10541=IFCDIRECTION((1.,0.,0.));
#10542=IFCAXIS2PLACEMENT3D(#10539,#10540,#10541);
#10543=IFCDIRECTION((0.,0.,1.));
#10544=IFCEXTRUDEDAREASOLID(#10538,#10542,#10543,0.02);
#10545=IFCEXTRUDEDAREASOLID(#10546,#10549,#10553,0.02);
#10546=IFCARBITRARYCLOSEDPROFILEDEF(.AREA.,$,#10547);
#10547=IFCINDEXEDPOLYCURVE(#10548,(IFCLINEINDEX((1,2,3,4,5,6,1))),$);
#10548=IFCCARTESIANPOINTLIST2D(((0.,0.),(0.,0.040000000000000008),(0.11999999999999998,0.040000000000000008),(0.11999999999999998,0.020000000000000004),(0.020000000000000004,0.020000000000000004),(0.020000000000000004,0.)));
#10549=IFCAXIS2PLACEMENT3D(#10550,#10551,#10552);
#10550=IFCCARTESIANPOINT((0.075000000372529033,0.060000000521540642,1.015000000372529));
#10551=IFCDIRECTION((0.,0.,1.));
#10552=IFCDIRECTION((1.,0.,0.));
#10553=IFCDIRECTION((0.,0.,1.));
#10555=IFCSHAPEREPRESENTATION(#11,'Body','SweptSolid',(#10722,#12213,#10713,#10526,#10740,#10517,#10508,#12240,#12249,#12231,#10499,#10731,#12222));
#10556=IFCSHAPEASPECT((#10555),'Lining',$,.T.,#10432);
#10557=IFCSHAPEREPRESENTATION(#11,'Body','SweptSolid',(#10545,#10749,#10535,#10777,#12267,#12258,#10768,#10759,#12268,#10758,#10544,#10786));
#10558=IFCSHAPEASPECT((#10557),'Framing',$,.T.,#10432);
#10600=IFCDOORTYPE('0jjWdehMX8JQm$U9df4fPu',$,'Balcony-2F',$,$,(#10601),(#10603,#10611,#10680,#10692),$,$,.DOOR.,.SINGLE_SWING_LEFT.,$,$);
#10601=IFCPROPERTYSET('2c38Sn_650QO64AO9ZXifa',$,'BBIM_Door',$,(#10602));
#10602=IFCPROPERTYSINGLEVALUE('Data',$,IFCTEXT('{"door_type": "DOUBLE_DOOR_SLIDING", "overall_height": 2.0, "overall_width": 2.0295908451080322, "lining_properties": {"lining_depth": 0.05000000074505806, "lining_thickness": 0.038369450718164444, "lining_offset": 0.0, "transom_thickness": 0.0, "casing_thickness": 0.07500000298023224, "casing_depth": 0.0010000000474974513, "threshold_thickness": 0.02500000037252903, "threshold_depth": 0.10000000149011612, "threshold_offset": 0.0}, "panel_properties": {"panel_depth": 0.03500000014901161, "panel_width_ratio": 1.0}}'),$);
#10603=IFCREPRESENTATIONMAP(#10604,#11371);
#10604=IFCAXIS2PLACEMENT3D(#10605,#10606,#10607);
#10605=IFCCARTESIANPOINT((0.,0.,0.));
#10606=IFCDIRECTION((0.,0.,1.));
#10607=IFCDIRECTION((1.,0.,0.));
#10611=IFCREPRESENTATIONMAP(#10612,#11462);
#10612=IFCAXIS2PLACEMENT3D(#10613,#10614,#10615);
#10613=IFCCARTESIANPOINT((0.,0.,0.));
#10614=IFCDIRECTION((0.,0.,1.));
#10615=IFCDIRECTION((1.,0.,0.));
#10680=IFCREPRESENTATIONMAP(#10681,#11471);
#10681=IFCAXIS2PLACEMENT3D(#10682,#10683,#10684);
#10682=IFCCARTESIANPOINT((0.,0.,0.));
#10683=IFCDIRECTION((0.,0.,1.));
#10684=IFCDIRECTION((1.,0.,0.));
#10692=IFCREPRESENTATIONMAP(#10693,#11476);
#10693=IFCAXIS2PLACEMENT3D(#10694,#10695,#10696);
#10694=IFCCARTESIANPOINT((0.,0.,0.));
#10695=IFCDIRECTION((0.,0.,1.));
#10696=IFCDIRECTION((1.,0.,0.));
#10705=IFCCARTESIANPOINTLIST2D(((0.,0.),(0.,2.),(0.87251758575439453,2.),(0.87251758575439453,0.),(0.82251758500933647,0.),(0.82251758500933647,1.9499999992549419),(0.05000000074505806,1.9499999992549419),(0.05000000074505806,0.)));
#10706=IFCINDEXEDPOLYCURVE(#10705,(IFCLINEINDEX((1,2,3,4,5,6,7,8,1))),$);
#10707=IFCARBITRARYCLOSEDPROFILEDEF(.AREA.,$,#10706);
#10708=IFCCARTESIANPOINT((0.,0.,0.));
#10709=IFCDIRECTION((0.,-1.,0.));
#10710=IFCDIRECTION((1.,0.,0.));
#10711=IFCAXIS2PLACEMENT3D(#10708,#10709,#10710);
#10712=IFCDIRECTION((0.,0.,-1.));
#10713=IFCEXTRUDEDAREASOLID(#10707,#10711,#10712,0.05000000074505806);
#10714=IFCCARTESIANPOINTLIST2D(((0.,0.),(0.77251758426427841,0.),(0.77251758426427841,0.10000000149011612),(0.,0.10000000149011612)));
#10715=IFCINDEXEDPOLYCURVE(#10714,(IFCLINEINDEX((1,2,3,4,1))),$);
#10716=IFCARBITRARYCLOSEDPROFILEDEF(.AREA.,$,#10715);
#10717=IFCCARTESIANPOINT((0.05000000074505806,0.,0.));
#10718=IFCDIRECTION((0.,0.,1.));
#10719=IFCDIRECTION((1.,0.,0.));
#10720=IFCAXIS2PLACEMENT3D(#10717,#10718,#10719);
#10721=IFCDIRECTION((0.,0.,1.));
#10722=IFCEXTRUDEDAREASOLID(#10716,#10720,#10721,0.02500000037252903);
#10723=IFCCARTESIANPOINTLIST2D(((0.,0.),(0.,2.0250000022351742),(0.92251759022474289,2.0250000022351742),(0.92251759022474289,0.),(0.84751758724451065,0.),(0.84751758724451065,1.9499999992549419),(0.075000002980232239,1.9499999992549419),(0.075000002980232239,0.)));
#10724=IFCINDEXEDPOLYCURVE(#10723,(IFCLINEINDEX((1,2,3,4,5,6,7,8,1))),$);
#10725=IFCARBITRARYCLOSEDPROFILEDEF(.AREA.,$,#10724);
#10726=IFCCARTESIANPOINT((-0.025000002235174179,-0.0010000000474974513,0.));
#10727=IFCDIRECTION((0.,-1.,0.));
#10728=IFCDIRECTION((1.,0.,0.));
#10729=IFCAXIS2PLACEMENT3D(#10726,#10727,#10728);
#10730=IFCDIRECTION((0.,0.,-1.));
#10731=IFCEXTRUDEDAREASOLID(#10725,#10729,#10730,0.0010000000474974513);
#10732=IFCCARTESIANPOINTLIST2D(((0.,0.),(0.,2.0250000022351742),(0.92251759022474289,2.0250000022351742),(0.92251759022474289,0.),(0.84751758724451065,0.),(0.84751758724451065,1.9499999992549419),(0.075000002980232239,1.9499999992549419),(0.075000002980232239,0.)));
#10733=IFCINDEXEDPOLYCURVE(#10732,(IFCLINEINDEX((1,2,3,4,5,6,7,8,1))),$);
#10734=IFCARBITRARYCLOSEDPROFILEDEF(.AREA.,$,#10733);
#10735=IFCCARTESIANPOINT((-0.025000002235174179,0.05000000074505806,0.));
#10736=IFCDIRECTION((0.,-1.,0.));
#10737=IFCDIRECTION((1.,0.,0.));
#10738=IFCAXIS2PLACEMENT3D(#10735,#10736,#10737);
#10739=IFCDIRECTION((0.,0.,-1.));
#10740=IFCEXTRUDEDAREASOLID(#10734,#10738,#10739,0.0010000000474974513);
#10741=IFCCARTESIANPOINTLIST2D(((0.,0.),(0.38525879213213921,0.),(0.38525879213213921,0.035000000149011612),(0.,0.035000000149011612)));
#10742=IFCINDEXEDPOLYCURVE(#10741,(IFCLINEINDEX((1,2,3,4,1))),$);
#10743=IFCARBITRARYCLOSEDPROFILEDEF(.AREA.,$,#10742);
#10744=IFCCARTESIANPOINT((0.05000000074505806,-0.035000000149011612,0.02500000037252903));
#10745=IFCDIRECTION((0.,0.,1.));
#10746=IFCDIRECTION((1.,0.,0.));
#10747=IFCAXIS2PLACEMENT3D(#10744,#10745,#10746);
#10748=IFCDIRECTION((0.,0.,1.));
#10749=IFCEXTRUDEDAREASOLID(#10743,#10747,#10748,1.9249999988824129);
#10750=IFCCARTESIANPOINTLIST2D(((0.,0.),(0.,-0.040000000000000008),(-0.12,-0.040000000000000008),(-0.12,-0.020000000000000004),(-0.020000000000000018,-0.020000000000000004),(-0.020000000000000018,0.)));
#10751=IFCINDEXEDPOLYCURVE(#10750,(IFCLINEINDEX((1,2,3,4,5,6,1))),$);
#10752=IFCARBITRARYCLOSEDPROFILEDEF(.AREA.,$,#10751);
#10753=IFCCARTESIANPOINT((0.38525879287719728,-0.035000000149011612,1.015000000372529));
#10754=IFCDIRECTION((0.,0.,1.));
#10755=IFCDIRECTION((1.,0.,0.));
#10756=IFCAXIS2PLACEMENT3D(#10753,#10754,#10755);
#10757=IFCDIRECTION((0.,0.,1.));
#10758=IFCEXTRUDEDAREASOLID(#10752,#10756,#10757,0.02);
#10759=IFCEXTRUDEDAREASOLID(#10760,#10763,#10767,0.02);
#10760=IFCARBITRARYCLOSEDPROFILEDEF(.AREA.,$,#10761);
#10761=IFCINDEXEDPOLYCURVE(#10762,(IFCLINEINDEX((1,2,3,4,5,6,1))),$);
#10762=IFCCARTESIANPOINTLIST2D(((0.,0.),(0.,0.040000000000000008),(-0.12,0.040000000000000008),(-0.12,0.020000000000000004),(-0.020000000000000018,0.020000000000000004),(-0.020000000000000018,0.)));
#10763=IFCAXIS2PLACEMENT3D(#10764,#10765,#10766);
#10764=IFCCARTESIANPOINT((0.38525879287719728,0.,1.015000000372529));
#10765=IFCDIRECTION((0.,0.,1.));
#10766=IFCDIRECTION((1.,0.,0.));
#10767=IFCDIRECTION((0.,0.,1.));
#10768=IFCEXTRUDEDAREASOLID(#10769,#10772,#10776,1.9249999988824129);
#10769=IFCARBITRARYCLOSEDPROFILEDEF(.AREA.,$,#10770);
#10770=IFCINDEXEDPOLYCURVE(#10771,(IFCLINEINDEX((1,2,3,4,1))),$);
#10771=IFCCARTESIANPOINTLIST2D(((0.,0.),(-0.38525879213213921,0.),(-0.38525879213213921,0.035000000149011612),(0.,0.035000000149011612)));
#10772=IFCAXIS2PLACEMENT3D(#10773,#10774,#10775);
#10773=IFCCARTESIANPOINT((0.82251758500933647,-0.035000000149011612,0.02500000037252903));
#10774=IFCDIRECTION((0.,0.,1.));
#10775=IFCDIRECTION((1.,0.,0.));
#10776=IFCDIRECTION((0.,0.,1.));
#10777=IFCEXTRUDEDAREASOLID(#10778,#10781,#10785,0.02);
#10778=IFCARBITRARYCLOSEDPROFILEDEF(.AREA.,$,#10779);
#10779=IFCINDEXEDPOLYCURVE(#10780,(IFCLINEINDEX((1,2,3,4,5,6,1))),$);
#10780=IFCCARTESIANPOINTLIST2D(((0.,0.),(0.,-0.040000000000000008),(0.12000000000000005,-0.040000000000000008),(0.12000000000000005,-0.020000000000000004),(0.019999999999999962,-0.020000000000000004),(0.019999999999999962,0.)));
#10781=IFCAXIS2PLACEMENT3D(#10782,#10783,#10784);
#10782=IFCCARTESIANPOINT((0.48725879287719726,-0.035000000149011612,1.015000000372529));
#10783=IFCDIRECTION((0.,0.,1.));
#10784=IFCDIRECTION((1.,0.,0.));
#10785=IFCDIRECTION((0.,0.,1.));
#10786=IFCEXTRUDEDAREASOLID(#10787,#10790,#10794,0.02);
#10787=IFCARBITRARYCLOSEDPROFILEDEF(.AREA.,$,#10788);
#10788=IFCINDEXEDPOLYCURVE(#10789,(IFCLINEINDEX((1,2,3,4,5,6,1))),$);
#10789=IFCCARTESIANPOINTLIST2D(((0.,0.),(0.,0.040000000000000008),(0.12000000000000005,0.040000000000000008),(0.12000000000000005,0.020000000000000004),(0.019999999999999962,0.020000000000000004),(0.019999999999999962,0.)));
#10790=IFCAXIS2PLACEMENT3D(#10791,#10792,#10793);
#10791=IFCCARTESIANPOINT((0.48725879287719726,0.,1.015000000372529));
#10792=IFCDIRECTION((0.,0.,1.));
#10793=IFCDIRECTION((1.,0.,0.));
#10794=IFCDIRECTION((0.,0.,1.));
#11160=IFCDOOR('0t7ZfI0KL4$9OCySAcSb8L',$,'Door',$,$,#11501,#11169,$,2.,2.0295908451080322,$,.DOUBLE_DOOR_SLIDING.,$);
#11161=IFCRELDEFINESBYTYPE('1In_h5kPbDxPIy7JPJH3Fo',$,$,$,(#11160),#10600);
#11162=IFCCARTESIANPOINT((0.,0.,0.));
#11163=IFCDIRECTION((1.,0.,0.));
#11164=IFCDIRECTION((0.,1.,0.));
#11165=IFCDIRECTION((0.,0.,1.));
#11166=IFCCARTESIANTRANSFORMATIONOPERATOR3D(#11163,#11164,#11162,1.,#11165);
#11167=IFCMAPPEDITEM(#10603,#11166);
#11168=IFCSHAPEREPRESENTATION(#18,'Profile','MappedRepresentation',(#11167));
#11169=IFCPRODUCTDEFINITIONSHAPE($,$,(#11168,#11176,#11183,#11190));
#11170=IFCCARTESIANPOINT((0.,0.,0.));
#11171=IFCDIRECTION((1.,0.,0.));
#11172=IFCDIRECTION((0.,1.,0.));
#11173=IFCDIRECTION((0.,0.,1.));
#11174=IFCCARTESIANTRANSFORMATIONOPERATOR3D(#11171,#11172,#11170,1.,#11173);
#11175=IFCMAPPEDITEM(#10611,#11174);
#11176=IFCSHAPEREPRESENTATION(#11,'Body','MappedRepresentation',(#11175));
#11177=IFCCARTESIANPOINT((0.,0.,0.));
#11178=IFCDIRECTION((1.,0.,0.));
#11179=IFCDIRECTION((0.,1.,0.));
#11180=IFCDIRECTION((0.,0.,1.));
#11181=IFCCARTESIANTRANSFORMATIONOPERATOR3D(#11178,#11179,#11177,1.,#11180);
#11182=IFCMAPPEDITEM(#10680,#11181);
#11183=IFCSHAPEREPRESENTATION(#24,'Body','MappedRepresentation',(#11182));
#11184=IFCCARTESIANPOINT((0.,0.,0.));
#11185=IFCDIRECTION((1.,0.,0.));
#11186=IFCDIRECTION((0.,1.,0.));
#11187=IFCDIRECTION((0.,0.,1.));
#11188=IFCCARTESIANTRANSFORMATIONOPERATOR3D(#11185,#11186,#11184,1.,#11187);
#11189=IFCMAPPEDITEM(#10692,#11188);
#11190=IFCSHAPEREPRESENTATION(#25,'Annotation','MappedRepresentation',(#11189));
#11191=IFCOPENINGELEMENT('03cXuGsJH27BfJiQJ_f80f',$,'Opening',$,$,#11496,#11219,$,.OPENING.);
#11207=IFCCARTESIANPOINT((0.,0.,0.));
#11208=IFCDIRECTION((1.,0.,0.));
#11209=IFCDIRECTION((0.,0.,1.));
#11210=IFCAXIS2PLACEMENT3D(#11207,#11209,#11208);
#11211=IFCREPRESENTATIONMAP(#11210,#11486);
#11212=IFCCARTESIANPOINT((0.,0.,0.));
#11213=IFCDIRECTION((1.,0.,0.));
#11214=IFCDIRECTION((0.,1.,0.));
#11215=IFCDIRECTION((0.,0.,1.));
#11216=IFCCARTESIANTRANSFORMATIONOPERATOR3D(#11213,#11214,#11212,1.,#11215);
#11217=IFCMAPPEDITEM(#11211,#11216);
#11218=IFCSHAPEREPRESENTATION(#11,'Body','MappedRepresentation',(#11217));
#11219=IFCPRODUCTDEFINITIONSHAPE($,$,(#11218));
#11220=IFCRELVOIDSELEMENT('0NISl8d$9A$x7GkQM20Gzq',$,$,$,#8026,#11191);
#11226=IFCRELFILLSELEMENT('3V84hC9R9EHPEq_cl_tXfx',$,$,$,#11191,#11160);
#11235=IFCCARTESIANPOINTLIST2D(((0.,0.),(0.,2.),(1.4655077457427979,2.),(1.4655077457427979,0.),(1.4155077449977398,0.),(1.4155077449977398,1.9499999992549419),(0.05000000074505806,1.9499999992549419),(0.05000000074505806,0.)));
#11236=IFCINDEXEDPOLYCURVE(#11235,(IFCLINEINDEX((1,2,3,4,5,6,7,8,1))),$);
#11237=IFCARBITRARYCLOSEDPROFILEDEF(.AREA.,$,#11236);
#11238=IFCCARTESIANPOINT((0.,0.,0.));
#11239=IFCDIRECTION((0.,-1.,0.));
#11240=IFCDIRECTION((1.,0.,0.));
#11241=IFCAXIS2PLACEMENT3D(#11238,#11239,#11240);
#11242=IFCDIRECTION((0.,0.,-1.));
#11243=IFCEXTRUDEDAREASOLID(#11237,#11241,#11242,0.05000000074505806);
#11244=IFCCARTESIANPOINTLIST2D(((0.,0.),(1.3655077442526817,0.),(1.3655077442526817,0.10000000149011612),(0.,0.10000000149011612)));
#11245=IFCINDEXEDPOLYCURVE(#11244,(IFCLINEINDEX((1,2,3,4,1))),$);
#11246=IFCARBITRARYCLOSEDPROFILEDEF(.AREA.,$,#11245);
#11247=IFCCARTESIANPOINT((0.05000000074505806,0.,0.));
#11248=IFCDIRECTION((0.,0.,1.));
#11249=IFCDIRECTION((1.,0.,0.));
#11250=IFCAXIS2PLACEMENT3D(#11247,#11248,#11249);
#11251=IFCDIRECTION((0.,0.,1.));
#11252=IFCEXTRUDEDAREASOLID(#11246,#11250,#11251,0.02500000037252903);
#11253=IFCCARTESIANPOINTLIST2D(((0.,0.),(0.,2.0250000022351742),(1.5155077502131462,2.0250000022351742),(1.5155077502131462,0.),(1.440507747232914,0.),(1.440507747232914,1.9499999992549419),(0.075000002980232239,1.9499999992549419),(0.075000002980232239,0.)));
#11254=IFCINDEXEDPOLYCURVE(#11253,(IFCLINEINDEX((1,2,3,4,5,6,7,8,1))),$);
#11255=IFCARBITRARYCLOSEDPROFILEDEF(.AREA.,$,#11254);
#11256=IFCCARTESIANPOINT((-0.025000002235174179,-0.0010000000474974513,0.));
#11257=IFCDIRECTION((0.,-1.,0.));
#11258=IFCDIRECTION((1.,0.,0.));
#11259=IFCAXIS2PLACEMENT3D(#11256,#11257,#11258);
#11260=IFCDIRECTION((0.,0.,-1.));
#11261=IFCEXTRUDEDAREASOLID(#11255,#11259,#11260,0.0010000000474974513);
#11262=IFCCARTESIANPOINTLIST2D(((0.,0.),(0.,2.0250000022351742),(1.5155077502131462,2.0250000022351742),(1.5155077502131462,0.),(1.440507747232914,0.),(1.440507747232914,1.9499999992549419),(0.075000002980232239,1.9499999992549419),(0.075000002980232239,0.)));
#11263=IFCINDEXEDPOLYCURVE(#11262,(IFCLINEINDEX((1,2,3,4,5,6,7,8,1))),$);
#11264=IFCARBITRARYCLOSEDPROFILEDEF(.AREA.,$,#11263);
#11265=IFCCARTESIANPOINT((-0.025000002235174179,0.05000000074505806,0.));
#11266=IFCDIRECTION((0.,-1.,0.));
#11267=IFCDIRECTION((1.,0.,0.));
#11268=IFCAXIS2PLACEMENT3D(#11265,#11266,#11267);
#11269=IFCDIRECTION((0.,0.,-1.));
#11270=IFCEXTRUDEDAREASOLID(#11264,#11268,#11269,0.0010000000474974513);
#11271=IFCCARTESIANPOINTLIST2D(((0.,0.),(0.68175387212634087,0.),(0.68175387212634087,0.035000000149011612),(0.,0.035000000149011612)));
#11272=IFCINDEXEDPOLYCURVE(#11271,(IFCLINEINDEX((1,2,3,4,1))),$);
#11273=IFCARBITRARYCLOSEDPROFILEDEF(.AREA.,$,#11272);
#11274=IFCCARTESIANPOINT((0.05000000074505806,-0.035000000149011612,0.02500000037252903));
#11275=IFCDIRECTION((0.,0.,1.));
#11276=IFCDIRECTION((1.,0.,0.));
#11277=IFCAXIS2PLACEMENT3D(#11274,#11275,#11276);
#11278=IFCDIRECTION((0.,0.,1.));
#11279=IFCEXTRUDEDAREASOLID(#11273,#11277,#11278,1.9249999988824129);
#11280=IFCCARTESIANPOINTLIST2D(((0.,0.),(0.,-0.040000000000000008),(-0.12000000000000011,-0.040000000000000008),(-0.12000000000000011,-0.020000000000000004),(-0.020000000000000018,-0.020000000000000004),(-0.020000000000000018,0.)));
#11281=IFCINDEXEDPOLYCURVE(#11280,(IFCLINEINDEX((1,2,3,4,5,6,1))),$);
#11282=IFCARBITRARYCLOSEDPROFILEDEF(.AREA.,$,#11281);
#11283=IFCCARTESIANPOINT((0.68175387287139899,-0.035000000149011612,1.015000000372529));
#11284=IFCDIRECTION((0.,0.,1.));
#11285=IFCDIRECTION((1.,0.,0.));
#11286=IFCAXIS2PLACEMENT3D(#11283,#11284,#11285);
#11287=IFCDIRECTION((0.,0.,1.));
#11288=IFCEXTRUDEDAREASOLID(#11282,#11286,#11287,0.02);
#11289=IFCEXTRUDEDAREASOLID(#11290,#11293,#11297,0.02);
#11290=IFCARBITRARYCLOSEDPROFILEDEF(.AREA.,$,#11291);
#11291=IFCINDEXEDPOLYCURVE(#11292,(IFCLINEINDEX((1,2,3,4,5,6,1))),$);
#11292=IFCCARTESIANPOINTLIST2D(((0.,0.),(0.,0.040000000000000008),(-0.12000000000000011,0.040000000000000008),(-0.12000000000000011,0.020000000000000004),(-0.020000000000000018,0.020000000000000004),(-0.020000000000000018,0.)));
#11293=IFCAXIS2PLACEMENT3D(#11294,#11295,#11296);
#11294=IFCCARTESIANPOINT((0.68175387287139899,0.,1.015000000372529));
#11295=IFCDIRECTION((0.,0.,1.));
#11296=IFCDIRECTION((1.,0.,0.));
#11297=IFCDIRECTION((0.,0.,1.));
#11298=IFCEXTRUDEDAREASOLID(#11299,#11302,#11306,1.9249999988824129);
#11299=IFCARBITRARYCLOSEDPROFILEDEF(.AREA.,$,#11300);
#11300=IFCINDEXEDPOLYCURVE(#11301,(IFCLINEINDEX((1,2,3,4,1))),$);
#11301=IFCCARTESIANPOINTLIST2D(((0.,0.),(-0.68175387212634087,0.),(-0.68175387212634087,0.035000000149011612),(0.,0.035000000149011612)));
#11302=IFCAXIS2PLACEMENT3D(#11303,#11304,#11305);
#11303=IFCCARTESIANPOINT((1.4155077449977398,-0.035000000149011612,0.02500000037252903));
#11304=IFCDIRECTION((0.,0.,1.));
#11305=IFCDIRECTION((1.,0.,0.));
#11306=IFCDIRECTION((0.,0.,1.));
#11307=IFCEXTRUDEDAREASOLID(#11308,#11311,#11315,0.02);
#11308=IFCARBITRARYCLOSEDPROFILEDEF(.AREA.,$,#11309);
#11309=IFCINDEXEDPOLYCURVE(#11310,(IFCLINEINDEX((1,2,3,4,5,6,1))),$);
#11310=IFCCARTESIANPOINTLIST2D(((0.,0.),(0.,-0.040000000000000008),(0.12000000000000011,-0.040000000000000008),(0.12000000000000011,-0.020000000000000004),(0.020000000000000018,-0.020000000000000004),(0.020000000000000018,0.)));
#11311=IFCAXIS2PLACEMENT3D(#11312,#11313,#11314);
#11312=IFCCARTESIANPOINT((0.78375387287139886,-0.035000000149011612,1.015000000372529));
#11313=IFCDIRECTION((0.,0.,1.));
#11314=IFCDIRECTION((1.,0.,0.));
#11315=IFCDIRECTION((0.,0.,1.));
#11316=IFCEXTRUDEDAREASOLID(#11317,#11320,#11324,0.02);
#11317=IFCARBITRARYCLOSEDPROFILEDEF(.AREA.,$,#11318);
#11318=IFCINDEXEDPOLYCURVE(#11319,(IFCLINEINDEX((1,2,3,4,5,6,1))),$);
#11319=IFCCARTESIANPOINTLIST2D(((0.,0.),(0.,0.040000000000000008),(0.12000000000000011,0.040000000000000008),(0.12000000000000011,0.020000000000000004),(0.020000000000000018,0.020000000000000004),(0.020000000000000018,0.)));
#11320=IFCAXIS2PLACEMENT3D(#11321,#11322,#11323);
#11321=IFCCARTESIANPOINT((0.78375387287139886,0.,1.015000000372529));
#11322=IFCDIRECTION((0.,0.,1.));
#11323=IFCDIRECTION((1.,0.,0.));
#11324=IFCDIRECTION((0.,0.,1.));
#11326=IFCSHAPEREPRESENTATION(#11,'Body','SweptSolid',(#11270,#11243,#11407,#11261,#11398,#11389,#11380,#11252));
#11327=IFCSHAPEASPECT((#11326),'Lining',$,.T.,#11169);
#11328=IFCSHAPEREPRESENTATION(#11,'Body','SweptSolid',(#11444,#11298,#11435,#11289,#11453,#11288,#11316,#11425,#11279,#11426,#11307,#11416));
#11329=IFCSHAPEASPECT((#11328),'Framing',$,.T.,#11169);
#11369=IFCCARTESIANPOINTLIST3D(((0.,0.,0.),(2.0295908451080322,0.,0.),(2.0295908451080322,0.,2.),(0.,0.,2.)));
#11370=IFCINDEXEDPOLYCURVE(#11369,(IFCLINEINDEX((1,2,3,4,1))),$);
#11371=IFCSHAPEREPRESENTATION(#18,'Profile','Curve3D',(#11370));
#11372=IFCCARTESIANPOINTLIST2D(((0.,0.),(0.,2.),(2.0295908451080322,2.),(2.0295908451080322,0.),(1.9912213943898678,0.),(1.9912213943898678,1.9616305492818356),(0.038369450718164444,1.9616305492818356),(0.038369450718164444,0.)));
#11373=IFCINDEXEDPOLYCURVE(#11372,(IFCLINEINDEX((1,2,3,4,5,6,7,8,1))),$);
#11374=IFCARBITRARYCLOSEDPROFILEDEF(.AREA.,$,#11373);
#11375=IFCCARTESIANPOINT((0.,0.,0.));
#11376=IFCDIRECTION((0.,-1.,0.));
#11377=IFCDIRECTION((1.,0.,0.));
#11378=IFCAXIS2PLACEMENT3D(#11375,#11376,#11377);
#11379=IFCDIRECTION((0.,0.,-1.));
#11380=IFCEXTRUDEDAREASOLID(#11374,#11378,#11379,0.05000000074505806);
#11381=IFCCARTESIANPOINTLIST2D(((0.,0.),(1.9528519436717033,0.),(1.9528519436717033,0.10000000149011612),(0.,0.10000000149011612)));
#11382=IFCINDEXEDPOLYCURVE(#11381,(IFCLINEINDEX((1,2,3,4,1))),$);
#11383=IFCARBITRARYCLOSEDPROFILEDEF(.AREA.,$,#11382);
#11384=IFCCARTESIANPOINT((0.038369450718164444,0.,0.));
#11385=IFCDIRECTION((0.,0.,1.));
#11386=IFCDIRECTION((1.,0.,0.));
#11387=IFCAXIS2PLACEMENT3D(#11384,#11385,#11386);
#11388=IFCDIRECTION((0.,0.,1.));
#11389=IFCEXTRUDEDAREASOLID(#11383,#11387,#11388,0.02500000037252903);
#11390=IFCCARTESIANPOINTLIST2D(((0.,0.),(0.,2.0366305522620678),(2.1028519496321678,2.0366305522620678),(2.1028519496321678,0.),(2.0278519466519356,0.),(2.0278519466519356,1.9616305492818356),(0.075000002980232239,1.9616305492818356),(0.075000002980232239,0.)));
#11391=IFCINDEXEDPOLYCURVE(#11390,(IFCLINEINDEX((1,2,3,4,5,6,7,8,1))),$);
#11392=IFCARBITRARYCLOSEDPROFILEDEF(.AREA.,$,#11391);
#11393=IFCCARTESIANPOINT((-0.036630552262067795,-0.0010000000474974513,0.));
#11394=IFCDIRECTION((0.,-1.,0.));
#11395=IFCDIRECTION((1.,0.,0.));
#11396=IFCAXIS2PLACEMENT3D(#11393,#11394,#11395);
#11397=IFCDIRECTION((0.,0.,-1.));
#11398=IFCEXTRUDEDAREASOLID(#11392,#11396,#11397,0.0010000000474974513);
#11399=IFCCARTESIANPOINTLIST2D(((0.,0.),(0.,2.0366305522620678),(2.1028519496321678,2.0366305522620678),(2.1028519496321678,0.),(2.0278519466519356,0.),(2.0278519466519356,1.9616305492818356),(0.075000002980232239,1.9616305492818356),(0.075000002980232239,0.)));
#11400=IFCINDEXEDPOLYCURVE(#11399,(IFCLINEINDEX((1,2,3,4,5,6,7,8,1))),$);
#11401=IFCARBITRARYCLOSEDPROFILEDEF(.AREA.,$,#11400);
#11402=IFCCARTESIANPOINT((-0.036630552262067795,0.05000000074505806,0.));
#11403=IFCDIRECTION((0.,-1.,0.));
#11404=IFCDIRECTION((1.,0.,0.));
#11405=IFCAXIS2PLACEMENT3D(#11402,#11403,#11404);
#11406=IFCDIRECTION((0.,0.,-1.));
#11407=IFCEXTRUDEDAREASOLID(#11401,#11405,#11406,0.0010000000474974513);
#11408=IFCCARTESIANPOINTLIST2D(((0.,0.),(0.97542597183585167,0.),(0.97542597183585167,0.035000000149011612),(0.,0.035000000149011612)));
#11409=IFCINDEXEDPOLYCURVE(#11408,(IFCLINEINDEX((1,2,3,4,1))),$);
#11410=IFCARBITRARYCLOSEDPROFILEDEF(.AREA.,$,#11409);
#11411=IFCCARTESIANPOINT((0.038369450718164444,-0.035000000149011612,0.02500000037252903));
#11412=IFCDIRECTION((0.,0.,1.));
#11413=IFCDIRECTION((1.,0.,0.));
#11414=IFCAXIS2PLACEMENT3D(#11411,#11412,#11413);
#11415=IFCDIRECTION((0.,0.,1.));
#11416=IFCEXTRUDEDAREASOLID(#11410,#11414,#11415,1.9366305489093065);
#11417=IFCCARTESIANPOINTLIST2D(((0.,0.),(0.,-0.040000000000000008),(-0.11999999999999988,-0.040000000000000008),(-0.11999999999999988,-0.020000000000000004),(-0.020000000000000018,-0.020000000000000004),(-0.020000000000000018,0.)));
#11418=IFCINDEXEDPOLYCURVE(#11417,(IFCLINEINDEX((1,2,3,4,5,6,1))),$);
#11419=IFCARBITRARYCLOSEDPROFILEDEF(.AREA.,$,#11418);
#11420=IFCCARTESIANPOINT((0.96379542255401618,-0.035000000149011612,1.015000000372529));
#11421=IFCDIRECTION((0.,0.,1.));
#11422=IFCDIRECTION((1.,0.,0.));
#11423=IFCAXIS2PLACEMENT3D(#11420,#11421,#11422);
#11424=IFCDIRECTION((0.,0.,1.));
#11425=IFCEXTRUDEDAREASOLID(#11419,#11423,#11424,0.02);
#11426=IFCEXTRUDEDAREASOLID(#11427,#11430,#11434,0.02);
#11427=IFCARBITRARYCLOSEDPROFILEDEF(.AREA.,$,#11428);
#11428=IFCINDEXEDPOLYCURVE(#11429,(IFCLINEINDEX((1,2,3,4,5,6,1))),$);
#11429=IFCCARTESIANPOINTLIST2D(((0.,0.),(0.,0.040000000000000008),(-0.11999999999999988,0.040000000000000008),(-0.11999999999999988,0.020000000000000004),(-0.020000000000000018,0.020000000000000004),(-0.020000000000000018,0.)));
#11430=IFCAXIS2PLACEMENT3D(#11431,#11432,#11433);
#11431=IFCCARTESIANPOINT((0.96379542255401618,0.,1.015000000372529));
#11432=IFCDIRECTION((0.,0.,1.));
#11433=IFCDIRECTION((1.,0.,0.));
#11434=IFCDIRECTION((0.,0.,1.));
#11435=IFCEXTRUDEDAREASOLID(#11436,#11439,#11443,1.9366305489093065);
#11436=IFCARBITRARYCLOSEDPROFILEDEF(.AREA.,$,#11437);
#11437=IFCINDEXEDPOLYCURVE(#11438,(IFCLINEINDEX((1,2,3,4,1))),$);
#11438=IFCCARTESIANPOINTLIST2D(((0.,0.),(-0.97542597183585178,0.),(-0.97542597183585178,0.035000000149011612),(0.,0.035000000149011612)));
#11439=IFCAXIS2PLACEMENT3D(#11440,#11441,#11442);
#11440=IFCCARTESIANPOINT((1.9912213943898678,-0.035000000149011612,0.02500000037252903));
#11441=IFCDIRECTION((0.,0.,1.));
#11442=IFCDIRECTION((1.,0.,0.));
#11443=IFCDIRECTION((0.,0.,1.));
#11444=IFCEXTRUDEDAREASOLID(#11445,#11448,#11452,0.02);
#11445=IFCARBITRARYCLOSEDPROFILEDEF(.AREA.,$,#11446);
#11446=IFCINDEXEDPOLYCURVE(#11447,(IFCLINEINDEX((1,2,3,4,5,6,1))),$);
#11447=IFCCARTESIANPOINTLIST2D(((0.,0.),(0.,-0.040000000000000008),(0.11999999999999988,-0.040000000000000008),(0.11999999999999988,-0.020000000000000004),(0.020000000000000018,-0.020000000000000004),(0.020000000000000018,0.)));
#11448=IFCAXIS2PLACEMENT3D(#11449,#11450,#11451);
#11449=IFCCARTESIANPOINT((1.065795422554016,-0.035000000149011612,1.015000000372529));
#11450=IFCDIRECTION((0.,0.,1.));
#11451=IFCDIRECTION((1.,0.,0.));
#11452=IFCDIRECTION((0.,0.,1.));
#11453=IFCEXTRUDEDAREASOLID(#11454,#11457,#11461,0.02);
#11454=IFCARBITRARYCLOSEDPROFILEDEF(.AREA.,$,#11455);
#11455=IFCINDEXEDPOLYCURVE(#11456,(IFCLINEINDEX((1,2,3,4,5,6,1))),$);
#11456=IFCCARTESIANPOINTLIST2D(((0.,0.),(0.,0.040000000000000008),(0.11999999999999988,0.040000000000000008),(0.11999999999999988,0.020000000000000004),(0.020000000000000018,0.020000000000000004),(0.020000000000000018,0.)));
#11457=IFCAXIS2PLACEMENT3D(#11458,#11459,#11460);
#11458=IFCCARTESIANPOINT((1.065795422554016,0.,1.015000000372529));
#11459=IFCDIRECTION((0.,0.,1.));
#11460=IFCDIRECTION((1.,0.,0.));
#11461=IFCDIRECTION((0.,0.,1.));
#11462=IFCSHAPEREPRESENTATION(#11,'Body','SweptSolid',(#11380,#11416,#11425,#11426,#11435,#11444,#11453,#11389,#11398,#11407));
#11463=IFCCARTESIANPOINTLIST2D(((0.,0.),(0.038369450718164444,0.),(0.038369450718164444,0.05000000074505806),(0.,0.05000000074505806)));
#11464=IFCINDEXEDPOLYCURVE(#11463,(IFCLINEINDEX((1,2,3,4,1))),$);
#11465=IFCINDEXEDPOLYCURVE(#11466,(IFCLINEINDEX((1,2,3,4,1))),$);
#11466=IFCCARTESIANPOINTLIST2D(((2.0295908451080322,0.),(1.9912213943898678,0.),(1.9912213943898678,0.05000000074505806),(2.0295908451080322,0.05000000074505806)));
#11467=IFCCARTESIANPOINTLIST2D(((-0.44984353519976139,-0.035000000149011612),(0.52658243663609028,-0.035000000149011612),(0.52658243663609028,0.),(-0.44984353519976139,0.)));
#11468=IFCINDEXEDPOLYCURVE(#11467,(IFCLINEINDEX((1,2,3,4,1))),$);
#11469=IFCINDEXEDPOLYCURVE(#11470,(IFCLINEINDEX((1,2,3,4,1))),$);
#11470=IFCCARTESIANPOINTLIST2D(((2.4794343803077936,-0.035000000149011612),(1.5030084084719419,-0.035000000149011612),(1.5030084084719419,0.),(2.4794343803077936,0.)));
#11471=IFCSHAPEREPRESENTATION(#24,'Body','Curve2D',(#11464,#11465,#11468,#11469));
#11472=IFCCARTESIANPOINTLIST2D(((0.72186763100326057,-0.081587428267465345),(1.3077232141047717,-0.081587428267465345)));
#11473=IFCINDEXEDPOLYCURVE(#11472,$,$);
#11474=IFCCARTESIANPOINTLIST2D(((0.75186763100326059,-0.050529142855162856),(0.72186763100326057,-0.081587428267465345),(0.75186763100326059,-0.11264571367976783)));
#11475=IFCINDEXEDPOLYCURVE(#11474,$,$);
#11476=IFCSHAPEREPRESENTATION(#25,'Annotation','Curve2D',(#11473,#11475));
#11477=IFCCARTESIANPOINTLIST2D(((0.,0.),(2.0295908451080322,0.),(2.0295908451080322,2.),(0.,2.)));
#11478=IFCINDEXEDPOLYCURVE(#11477,(IFCLINEINDEX((1,2,3,4,1))),$);
#11479=IFCARBITRARYCLOSEDPROFILEDEF(.AREA.,$,#11478);
#11480=IFCCARTESIANPOINT((0.,-0.60000002384185791,0.));
#11481=IFCDIRECTION((0.,-1.,0.));
#11482=IFCDIRECTION((1.,0.,0.));
#11483=IFCAXIS2PLACEMENT3D(#11480,#11481,#11482);
#11484=IFCDIRECTION((0.,0.,-1.));
#11485=IFCEXTRUDEDAREASOLID(#11479,#11483,#11484,1.2);
#11486=IFCSHAPEREPRESENTATION(#11,'Body','SweptSolid',(#11485));
#11492=IFCCARTESIANPOINT((1.3677497472459681,0.075000524520874023,0.));
#11493=IFCDIRECTION((0.,0.,1.));
#11494=IFCDIRECTION((0.99999999999997158,-2.3841857910155572E-07,0.));
#11495=IFCAXIS2PLACEMENT3D(#11492,#11493,#11494);
#11496=IFCLOCALPLACEMENT(#15639,#11495);
#11497=IFCCARTESIANPOINT((-2.2204460492503131E-16,0.,0.));
#11498=IFCDIRECTION((0.,0.,1.));
#11499=IFCDIRECTION((1.,2.6469779601696886E-23,0.));
#11500=IFCAXIS2PLACEMENT3D(#11497,#11498,#11499);
#11501=IFCLOCALPLACEMENT(#11496,#11500);
#11502=IFCDOORTYPE('3WzzoY1GP0J8TDHvDjJLtZ',$,'BR2-2F',$,$,(#11503),(#11505,#11513,#11582),$,$,.DOOR.,.SINGLE_SWING_LEFT.,$,$);
#11503=IFCPROPERTYSET('2wX_liz852bwUEjRh8h9G6',$,'BBIM_Door',$,(#11504));
#11504=IFCPROPERTYSINGLEVALUE('Data',$,IFCTEXT('{"door_type": "DOUBLE_SWING_LEFT", "overall_height": 2.0, "overall_width": 0.8965222835540771, "lining_properties": {"lining_depth": 0.05000000074505806, "lining_thickness": 0.05000000074505806, "lining_offset": 0.0, "lining_to_panel_offset_x": 0.02500000037252903, "lining_to_panel_offset_y": 0.02500000037252903, "transom_thickness": 0.0, "casing_thickness": 0.07500000298023224, "casing_depth": 0.0010000000474974513, "threshold_thickness": 0.02500000037252903, "threshold_depth": 0.10000000149011612, "threshold_offset": 0.0}, "panel_properties": {"panel_depth": 0.03500000014901161, "panel_width_ratio": 1.0}}'),$);
#11505=IFCREPRESENTATIONMAP(#11506,#12081);
#11506=IFCAXIS2PLACEMENT3D(#11507,#11508,#11509);
#11507=IFCCARTESIANPOINT((0.,0.,0.));
#11508=IFCDIRECTION((0.,0.,1.));
#11509=IFCDIRECTION((1.,0.,0.));
#11513=IFCREPRESENTATIONMAP(#11514,#12145);
#11514=IFCAXIS2PLACEMENT3D(#11515,#11516,#11517);
#11515=IFCCARTESIANPOINT((0.,0.,0.));
#11516=IFCDIRECTION((0.,0.,1.));
#11517=IFCDIRECTION((1.,0.,0.));
#11582=IFCREPRESENTATIONMAP(#11583,#12161);
#11583=IFCAXIS2PLACEMENT3D(#11584,#11585,#11586);
#11584=IFCCARTESIANPOINT((0.,0.,0.));
#11585=IFCDIRECTION((0.,0.,1.));
#11586=IFCDIRECTION((1.,0.,0.));
#11603=IFCDOOR('1FkXcaIUb8_RPm$lWii2vT',$,'Door',$,$,#12201,#11612,$,2.,0.89652228355407715,$,.DOUBLE_SWING_LEFT.,$);
#11604=IFCRELDEFINESBYTYPE('35cy168G1B_AoSb2EuKT2G',$,$,$,(#11780,#11603),#11502);
#11605=IFCCARTESIANPOINT((0.,0.,0.));
#11606=IFCDIRECTION((1.,0.,0.));
#11607=IFCDIRECTION((0.,1.,0.));
#11608=IFCDIRECTION((0.,0.,1.));
#11609=IFCCARTESIANTRANSFORMATIONOPERATOR3D(#11606,#11607,#11605,1.,#11608);
#11610=IFCMAPPEDITEM(#11505,#11609);
#11611=IFCSHAPEREPRESENTATION(#18,'Profile','MappedRepresentation',(#11610));
#11612=IFCPRODUCTDEFINITIONSHAPE($,$,(#11611,#11619,#11626));
#11613=IFCCARTESIANPOINT((0.,0.,0.));
#11614=IFCDIRECTION((1.,0.,0.));
#11615=IFCDIRECTION((0.,1.,0.));
#11616=IFCDIRECTION((0.,0.,1.));
#11617=IFCCARTESIANTRANSFORMATIONOPERATOR3D(#11614,#11615,#11613,1.,#11616);
#11618=IFCMAPPEDITEM(#11513,#11617);
#11619=IFCSHAPEREPRESENTATION(#11,'Body','MappedRepresentation',(#11618));
#11620=IFCCARTESIANPOINT((0.,0.,0.));
#11621=IFCDIRECTION((1.,0.,0.));
#11622=IFCDIRECTION((0.,1.,0.));
#11623=IFCDIRECTION((0.,0.,1.));
#11624=IFCCARTESIANTRANSFORMATIONOPERATOR3D(#11621,#11622,#11620,1.,#11623);
#11625=IFCMAPPEDITEM(#11582,#11624);
#11626=IFCSHAPEREPRESENTATION(#24,'Body','MappedRepresentation',(#11625));
#11627=IFCOPENINGELEMENT('3gZXY_3XrA4hwMeO$f7qdE',$,'Opening',$,$,#13768,#11655,$,.OPENING.);
#11643=IFCCARTESIANPOINT((0.,0.,0.));
#11644=IFCDIRECTION((1.,0.,0.));
#11645=IFCDIRECTION((0.,0.,1.));
#11646=IFCAXIS2PLACEMENT3D(#11643,#11645,#11644);
#11647=IFCREPRESENTATIONMAP(#11646,#12171);
#11648=IFCCARTESIANPOINT((0.,0.,0.));
#11649=IFCDIRECTION((1.,0.,0.));
#11650=IFCDIRECTION((0.,1.,0.));
#11651=IFCDIRECTION((0.,0.,1.));
#11652=IFCCARTESIANTRANSFORMATIONOPERATOR3D(#11649,#11650,#11648,1.,#11651);
#11653=IFCMAPPEDITEM(#11647,#11652);
#11654=IFCSHAPEREPRESENTATION(#11,'Body','MappedRepresentation',(#11653));
#11655=IFCPRODUCTDEFINITIONSHAPE($,$,(#11654));
#11656=IFCRELVOIDSELEMENT('1HaOOFTy9EWfrG3yvp$2Ij',$,$,$,#8076,#11627);
#11662=IFCRELFILLSELEMENT('0VInDWaL56ZBYCzClWjCvn',$,$,$,#11627,#11603);
#11671=IFCCARTESIANPOINTLIST2D(((0.,0.),(0.,2.),(0.89652228355407715,2.),(0.89652228355407715,0.),(0.87152228318154812,0.),(0.87152228318154812,1.974999999627471),(0.02500000037252903,1.974999999627471),(0.02500000037252903,0.)));
#11672=IFCINDEXEDPOLYCURVE(#11671,(IFCLINEINDEX((1,2,3,4,5,6,7,8,1))),$);
#11673=IFCARBITRARYCLOSEDPROFILEDEF(.AREA.,$,#11672);
#11674=IFCCARTESIANPOINT((0.,0.,0.));
#11675=IFCDIRECTION((0.,-1.,0.));
#11676=IFCDIRECTION((1.,0.,0.));
#11677=IFCAXIS2PLACEMENT3D(#11674,#11675,#11676);
#11678=IFCDIRECTION((0.,0.,-1.));
#11679=IFCEXTRUDEDAREASOLID(#11673,#11677,#11678,0.05000000074505806);
#11680=IFCCARTESIANPOINTLIST2D(((0.,0.),(0.84652228280901909,0.),(0.84652228280901909,0.10000000149011612),(0.,0.10000000149011612)));
#11681=IFCINDEXEDPOLYCURVE(#11680,(IFCLINEINDEX((1,2,3,4,1))),$);
#11682=IFCARBITRARYCLOSEDPROFILEDEF(.AREA.,$,#11681);
#11683=IFCCARTESIANPOINT((0.02500000037252903,0.,0.));
#11684=IFCDIRECTION((0.,0.,1.));
#11685=IFCDIRECTION((1.,0.,0.));
#11686=IFCAXIS2PLACEMENT3D(#11683,#11684,#11685);
#11687=IFCDIRECTION((0.,0.,1.));
#11688=IFCEXTRUDEDAREASOLID(#11682,#11686,#11687,0.02500000037252903);
#11689=IFCCARTESIANPOINTLIST2D(((0.,0.),(0.,2.0250000022351742),(0.94652228802442551,2.0250000022351742),(0.94652228802442551,0.),(0.8965222854167223,0.),(0.8965222854167223,1.974999999627471),(0.050000002607703209,1.974999999627471),(0.050000002607703209,0.)));
#11690=IFCINDEXEDPOLYCURVE(#11689,(IFCLINEINDEX((1,2,3,4,5,6,7,8,1))),$);
#11691=IFCARBITRARYCLOSEDPROFILEDEF(.AREA.,$,#11690);
#11692=IFCCARTESIANPOINT((-0.025000002235174179,-0.0010000000474974513,0.));
#11693=IFCDIRECTION((0.,-1.,0.));
#11694=IFCDIRECTION((1.,0.,0.));
#11695=IFCAXIS2PLACEMENT3D(#11692,#11693,#11694);
#11696=IFCDIRECTION((0.,0.,-1.));
#11697=IFCEXTRUDEDAREASOLID(#11691,#11695,#11696,0.0010000000474974513);
#11698=IFCCARTESIANPOINTLIST2D(((0.,0.),(0.,2.0250000022351742),(0.94652228802442551,2.0250000022351742),(0.94652228802442551,0.),(0.8965222854167223,0.),(0.8965222854167223,1.974999999627471),(0.050000002607703209,1.974999999627471),(0.050000002607703209,0.)));
#11699=IFCINDEXEDPOLYCURVE(#11698,(IFCLINEINDEX((1,2,3,4,5,6,7,8,1))),$);
#11700=IFCARBITRARYCLOSEDPROFILEDEF(.AREA.,$,#11699);
#11701=IFCCARTESIANPOINT((-0.025000002235174179,0.05000000074505806,0.));
#11702=IFCDIRECTION((0.,-1.,0.));
#11703=IFCDIRECTION((1.,0.,0.));
#11704=IFCAXIS2PLACEMENT3D(#11701,#11702,#11703);
#11705=IFCDIRECTION((0.,0.,-1.));
#11706=IFCEXTRUDEDAREASOLID(#11700,#11704,#11705,0.0010000000474974513);
#11707=IFCCARTESIANPOINTLIST2D(((0.,0.),(0.84652228280901909,0.),(0.84652228280901909,0.035000000149011612),(0.,0.035000000149011612)));
#11708=IFCINDEXEDPOLYCURVE(#11707,(IFCLINEINDEX((1,2,3,4,1))),$);
#11709=IFCARBITRARYCLOSEDPROFILEDEF(.AREA.,$,#11708);
#11710=IFCCARTESIANPOINT((0.02500000037252903,0.02500000037252903,0.02500000037252903));
#11711=IFCDIRECTION((0.,0.,1.));
#11712=IFCDIRECTION((1.,0.,0.));
#11713=IFCAXIS2PLACEMENT3D(#11710,#11711,#11712);
#11714=IFCDIRECTION((0.,0.,1.));
#11715=IFCEXTRUDEDAREASOLID(#11709,#11713,#11714,1.9499999992549419);
#11716=IFCCARTESIANPOINTLIST2D(((0.,0.),(0.,-0.040000000000000001),(-0.11999999999999988,-0.040000000000000001),(-0.11999999999999988,-0.02),(-0.020000000000000018,-0.02),(-0.020000000000000018,0.)));
#11717=IFCINDEXEDPOLYCURVE(#11716,(IFCLINEINDEX((1,2,3,4,5,6,1))),$);
#11718=IFCARBITRARYCLOSEDPROFILEDEF(.AREA.,$,#11717);
#11719=IFCCARTESIANPOINT((0.82152228318154807,0.02500000037252903,1.015000000372529));
#11720=IFCDIRECTION((0.,0.,1.));
#11721=IFCDIRECTION((1.,0.,0.));
#11722=IFCAXIS2PLACEMENT3D(#11719,#11720,#11721);
#11723=IFCDIRECTION((0.,0.,1.));
#11724=IFCEXTRUDEDAREASOLID(#11718,#11722,#11723,0.02);
#11725=IFCEXTRUDEDAREASOLID(#11726,#11729,#11733,0.02);
#11726=IFCARBITRARYCLOSEDPROFILEDEF(.AREA.,$,#11727);
#11727=IFCINDEXEDPOLYCURVE(#11728,(IFCLINEINDEX((1,2,3,4,5,6,1))),$);
#11728=IFCCARTESIANPOINTLIST2D(((0.,0.),(0.,0.040000000000000008),(-0.11999999999999988,0.040000000000000008),(-0.11999999999999988,0.020000000000000004),(-0.020000000000000018,0.020000000000000004),(-0.020000000000000018,0.)));
#11729=IFCAXIS2PLACEMENT3D(#11730,#11731,#11732);
#11730=IFCCARTESIANPOINT((0.82152228318154807,0.060000000521540642,1.015000000372529));
#11731=IFCDIRECTION((0.,0.,1.));
#11732=IFCDIRECTION((1.,0.,0.));
#11733=IFCDIRECTION((0.,0.,1.));
#11735=IFCSHAPEREPRESENTATION(#11,'Body','SweptSolid',(#12117,#11697,#12099,#12108,#11688,#12090,#11679,#11706));
#11736=IFCSHAPEASPECT((#11735),'Lining',$,.T.,#11612);
#11737=IFCSHAPEREPRESENTATION(#11,'Body','SweptSolid',(#11724,#12136,#12126,#11725,#11715,#12135));
#11738=IFCSHAPEASPECT((#11737),'Framing',$,.T.,#11612);
#11780=IFCDOOR('0O2MWZR7XCngC8bDMg8Xnf',$,'Door',$,$,#12186,#11788,$,2.,0.89652228355407715,$,.DOUBLE_SWING_RIGHT.,$);
#11781=IFCCARTESIANPOINT((0.,0.,0.));
#11782=IFCDIRECTION((1.,0.,0.));
#11783=IFCDIRECTION((0.,1.,0.));
#11784=IFCDIRECTION((0.,0.,1.));
#11785=IFCCARTESIANTRANSFORMATIONOPERATOR3D(#11782,#11783,#11781,1.,#11784);
#11786=IFCMAPPEDITEM(#11505,#11785);
#11787=IFCSHAPEREPRESENTATION(#18,'Profile','MappedRepresentation',(#11786));
#11788=IFCPRODUCTDEFINITIONSHAPE($,$,(#11787,#11795,#11802));
#11789=IFCCARTESIANPOINT((0.,0.,0.));
#11790=IFCDIRECTION((1.,0.,0.));
#11791=IFCDIRECTION((0.,1.,0.));
#11792=IFCDIRECTION((0.,0.,1.));
#11793=IFCCARTESIANTRANSFORMATIONOPERATOR3D(#11790,#11791,#11789,1.,#11792);
#11794=IFCMAPPEDITEM(#11513,#11793);
#11795=IFCSHAPEREPRESENTATION(#11,'Body','MappedRepresentation',(#11794));
#11796=IFCCARTESIANPOINT((0.,0.,0.));
#11797=IFCDIRECTION((1.,0.,0.));
#11798=IFCDIRECTION((0.,1.,0.));
#11799=IFCDIRECTION((0.,0.,1.));
#11800=IFCCARTESIANTRANSFORMATIONOPERATOR3D(#11797,#11798,#11796,1.,#11799);
#11801=IFCMAPPEDITEM(#11582,#11800);
#11802=IFCSHAPEREPRESENTATION(#24,'Body','MappedRepresentation',(#11801));
#11803=IFCOPENINGELEMENT('1KAeYUGoL7YexqqvVJ8p5e',$,'Opening',$,$,#12181,#11816,$,.OPENING.);
#11809=IFCCARTESIANPOINT((0.,0.,0.));
#11810=IFCDIRECTION((1.,0.,0.));
#11811=IFCDIRECTION((0.,1.,0.));
#11812=IFCDIRECTION((0.,0.,1.));
#11813=IFCCARTESIANTRANSFORMATIONOPERATOR3D(#11810,#11811,#11809,1.,#11812);
#11814=IFCMAPPEDITEM(#11647,#11813);
#11815=IFCSHAPEREPRESENTATION(#11,'Body','MappedRepresentation',(#11814));
#11816=IFCPRODUCTDEFINITIONSHAPE($,$,(#11815));
#11817=IFCRELVOIDSELEMENT('13Yo4KBgX7_9_$Upk80rhg',$,$,$,#8949,#11803);
#11823=IFCRELFILLSELEMENT('0do0o4Oqr52xN2l0T$wsrU',$,$,$,#11803,#11780);
#11832=IFCCARTESIANPOINTLIST2D(((0.,0.),(0.,2.),(0.89652228355407715,2.),(0.89652228355407715,0.),(0.87152228318154812,0.),(0.87152228318154812,1.974999999627471),(0.02500000037252903,1.974999999627471),(0.02500000037252903,0.)));
#11833=IFCINDEXEDPOLYCURVE(#11832,(IFCLINEINDEX((1,2,3,4,5,6,7,8,1))),$);
#11834=IFCARBITRARYCLOSEDPROFILEDEF(.AREA.,$,#11833);
#11835=IFCCARTESIANPOINT((0.,0.,0.));
#11836=IFCDIRECTION((0.,-1.,0.));
#11837=IFCDIRECTION((1.,0.,0.));
#11838=IFCAXIS2PLACEMENT3D(#11835,#11836,#11837);
#11839=IFCDIRECTION((0.,0.,-1.));
#11840=IFCEXTRUDEDAREASOLID(#11834,#11838,#11839,0.05000000074505806);
#11841=IFCCARTESIANPOINTLIST2D(((0.,0.),(0.84652228280901909,0.),(0.84652228280901909,0.10000000149011612),(0.,0.10000000149011612)));
#11842=IFCINDEXEDPOLYCURVE(#11841,(IFCLINEINDEX((1,2,3,4,1))),$);
#11843=IFCARBITRARYCLOSEDPROFILEDEF(.AREA.,$,#11842);
#11844=IFCCARTESIANPOINT((0.02500000037252903,0.,0.));
#11845=IFCDIRECTION((0.,0.,1.));
#11846=IFCDIRECTION((1.,0.,0.));
#11847=IFCAXIS2PLACEMENT3D(#11844,#11845,#11846);
#11848=IFCDIRECTION((0.,0.,1.));
#11849=IFCEXTRUDEDAREASOLID(#11843,#11847,#11848,0.02500000037252903);
#11850=IFCCARTESIANPOINTLIST2D(((0.,0.),(0.,2.0250000022351742),(0.94652228802442551,2.0250000022351742),(0.94652228802442551,0.),(0.8965222854167223,0.),(0.8965222854167223,1.974999999627471),(0.050000002607703209,1.974999999627471),(0.050000002607703209,0.)));
#11851=IFCINDEXEDPOLYCURVE(#11850,(IFCLINEINDEX((1,2,3,4,5,6,7,8,1))),$);
#11852=IFCARBITRARYCLOSEDPROFILEDEF(.AREA.,$,#11851);
#11853=IFCCARTESIANPOINT((-0.025000002235174179,-0.0010000000474974513,0.));
#11854=IFCDIRECTION((0.,-1.,0.));
#11855=IFCDIRECTION((1.,0.,0.));
#11856=IFCAXIS2PLACEMENT3D(#11853,#11854,#11855);
#11857=IFCDIRECTION((0.,0.,-1.));
#11858=IFCEXTRUDEDAREASOLID(#11852,#11856,#11857,0.0010000000474974513);
#11859=IFCCARTESIANPOINTLIST2D(((0.,0.),(0.,2.0250000022351742),(0.94652228802442551,2.0250000022351742),(0.94652228802442551,0.),(0.8965222854167223,0.),(0.8965222854167223,1.974999999627471),(0.050000002607703209,1.974999999627471),(0.050000002607703209,0.)));
#11860=IFCINDEXEDPOLYCURVE(#11859,(IFCLINEINDEX((1,2,3,4,5,6,7,8,1))),$);
#11861=IFCARBITRARYCLOSEDPROFILEDEF(.AREA.,$,#11860);
#11862=IFCCARTESIANPOINT((-0.025000002235174179,0.05000000074505806,0.));
#11863=IFCDIRECTION((0.,-1.,0.));
#11864=IFCDIRECTION((1.,0.,0.));
#11865=IFCAXIS2PLACEMENT3D(#11862,#11863,#11864);
#11866=IFCDIRECTION((0.,0.,-1.));
#11867=IFCEXTRUDEDAREASOLID(#11861,#11865,#11866,0.0010000000474974513);
#11868=IFCCARTESIANPOINTLIST2D(((0.,0.),(0.84652228280901909,0.),(0.84652228280901909,0.035000000149011612),(0.,0.035000000149011612)));
#11869=IFCINDEXEDPOLYCURVE(#11868,(IFCLINEINDEX((1,2,3,4,1))),$);
#11870=IFCARBITRARYCLOSEDPROFILEDEF(.AREA.,$,#11869);
#11871=IFCCARTESIANPOINT((0.02500000037252903,0.02500000037252903,0.02500000037252903));
#11872=IFCDIRECTION((0.,0.,1.));
#11873=IFCDIRECTION((1.,0.,0.));
#11874=IFCAXIS2PLACEMENT3D(#11871,#11872,#11873);
#11875=IFCDIRECTION((0.,0.,1.));
#11876=IFCEXTRUDEDAREASOLID(#11870,#11874,#11875,1.9499999992549419);
#11877=IFCCARTESIANPOINTLIST2D(((0.,0.),(0.,-0.040000000000000001),(0.12,-0.040000000000000001),(0.12,-0.02),(0.02,-0.02),(0.02,0.)));
#11878=IFCINDEXEDPOLYCURVE(#11877,(IFCLINEINDEX((1,2,3,4,5,6,1))),$);
#11879=IFCARBITRARYCLOSEDPROFILEDEF(.AREA.,$,#11878);
#11880=IFCCARTESIANPOINT((0.075000000372529033,0.02500000037252903,1.015000000372529));
#11881=IFCDIRECTION((0.,0.,1.));
#11882=IFCDIRECTION((1.,0.,0.));
#11883=IFCAXIS2PLACEMENT3D(#11880,#11881,#11882);
#11884=IFCDIRECTION((0.,0.,1.));
#11885=IFCEXTRUDEDAREASOLID(#11879,#11883,#11884,0.02);
#11886=IFCEXTRUDEDAREASOLID(#11887,#11890,#11894,0.02);
#11887=IFCARBITRARYCLOSEDPROFILEDEF(.AREA.,$,#11888);
#11888=IFCINDEXEDPOLYCURVE(#11889,(IFCLINEINDEX((1,2,3,4,5,6,1))),$);
#11889=IFCCARTESIANPOINTLIST2D(((0.,0.),(0.,0.040000000000000008),(0.11999999999999998,0.040000000000000008),(0.11999999999999998,0.020000000000000004),(0.020000000000000004,0.020000000000000004),(0.020000000000000004,0.)));
#11890=IFCAXIS2PLACEMENT3D(#11891,#11892,#11893);
#11891=IFCCARTESIANPOINT((0.075000000372529033,0.060000000521540642,1.015000000372529));
#11892=IFCDIRECTION((0.,0.,1.));
#11893=IFCDIRECTION((1.,0.,0.));
#11894=IFCDIRECTION((0.,0.,1.));
#11896=IFCSHAPEREPRESENTATION(#11,'Body','SweptSolid',(#11840,#11867,#11976,#11858,#11967,#11994,#11849,#11985));
#11897=IFCSHAPEASPECT((#11896),'Lining',$,.T.,#11788);
#11898=IFCSHAPEREPRESENTATION(#11,'Body','SweptSolid',(#12003,#11885,#11886,#12012,#11876,#12013));
#11899=IFCSHAPEASPECT((#11898),'Framing',$,.T.,#11788);
#11959=IFCCARTESIANPOINTLIST2D(((0.,0.),(0.,2.),(0.89652228355407715,2.),(0.89652228355407715,0.),(0.87152228318154812,0.),(0.87152228318154812,1.974999999627471),(0.02500000037252903,1.974999999627471),(0.02500000037252903,0.)));
#11960=IFCINDEXEDPOLYCURVE(#11959,(IFCLINEINDEX((1,2,3,4,5,6,7,8,1))),$);
#11961=IFCARBITRARYCLOSEDPROFILEDEF(.AREA.,$,#11960);
#11962=IFCCARTESIANPOINT((0.,0.,0.));
#11963=IFCDIRECTION((0.,-1.,0.));
#11964=IFCDIRECTION((1.,0.,0.));
#11965=IFCAXIS2PLACEMENT3D(#11962,#11963,#11964);
#11966=IFCDIRECTION((0.,0.,-1.));
#11967=IFCEXTRUDEDAREASOLID(#11961,#11965,#11966,0.05000000074505806);
#11968=IFCCARTESIANPOINTLIST2D(((0.,0.),(0.84652228280901909,0.),(0.84652228280901909,0.10000000149011612),(0.,0.10000000149011612)));
#11969=IFCINDEXEDPOLYCURVE(#11968,(IFCLINEINDEX((1,2,3,4,1))),$);
#11970=IFCARBITRARYCLOSEDPROFILEDEF(.AREA.,$,#11969);
#11971=IFCCARTESIANPOINT((0.02500000037252903,0.,0.));
#11972=IFCDIRECTION((0.,0.,1.));
#11973=IFCDIRECTION((1.,0.,0.));
#11974=IFCAXIS2PLACEMENT3D(#11971,#11972,#11973);
#11975=IFCDIRECTION((0.,0.,1.));
#11976=IFCEXTRUDEDAREASOLID(#11970,#11974,#11975,0.02500000037252903);
#11977=IFCCARTESIANPOINTLIST2D(((0.,0.),(0.,2.0250000022351742),(0.94652228802442551,2.0250000022351742),(0.94652228802442551,0.),(0.8965222854167223,0.),(0.8965222854167223,1.974999999627471),(0.050000002607703209,1.974999999627471),(0.050000002607703209,0.)));
#11978=IFCINDEXEDPOLYCURVE(#11977,(IFCLINEINDEX((1,2,3,4,5,6,7,8,1))),$);
#11979=IFCARBITRARYCLOSEDPROFILEDEF(.AREA.,$,#11978);
#11980=IFCCARTESIANPOINT((-0.025000002235174179,-0.0010000000474974513,0.));
#11981=IFCDIRECTION((0.,-1.,0.));
#11982=IFCDIRECTION((1.,0.,0.));
#11983=IFCAXIS2PLACEMENT3D(#11980,#11981,#11982);
#11984=IFCDIRECTION((0.,0.,-1.));
#11985=IFCEXTRUDEDAREASOLID(#11979,#11983,#11984,0.0010000000474974513);
#11986=IFCCARTESIANPOINTLIST2D(((0.,0.),(0.,2.0250000022351742),(0.94652228802442551,2.0250000022351742),(0.94652228802442551,0.),(0.8965222854167223,0.),(0.8965222854167223,1.974999999627471),(0.050000002607703209,1.974999999627471),(0.050000002607703209,0.)));
#11987=IFCINDEXEDPOLYCURVE(#11986,(IFCLINEINDEX((1,2,3,4,5,6,7,8,1))),$);
#11988=IFCARBITRARYCLOSEDPROFILEDEF(.AREA.,$,#11987);
#11989=IFCCARTESIANPOINT((-0.025000002235174179,0.05000000074505806,0.));
#11990=IFCDIRECTION((0.,-1.,0.));
#11991=IFCDIRECTION((1.,0.,0.));
#11992=IFCAXIS2PLACEMENT3D(#11989,#11990,#11991);
#11993=IFCDIRECTION((0.,0.,-1.));
#11994=IFCEXTRUDEDAREASOLID(#11988,#11992,#11993,0.0010000000474974513);
#11995=IFCCARTESIANPOINTLIST2D(((0.,0.),(0.84652228280901909,0.),(0.84652228280901909,0.035000000149011612),(0.,0.035000000149011612)));
#11996=IFCINDEXEDPOLYCURVE(#11995,(IFCLINEINDEX((1,2,3,4,1))),$);
#11997=IFCARBITRARYCLOSEDPROFILEDEF(.AREA.,$,#11996);
#11998=IFCCARTESIANPOINT((0.02500000037252903,0.02500000037252903,0.02500000037252903));
#11999=IFCDIRECTION((0.,0.,1.));
#12000=IFCDIRECTION((1.,0.,0.));
#12001=IFCAXIS2PLACEMENT3D(#11998,#11999,#12000);
#12002=IFCDIRECTION((0.,0.,1.));
#12003=IFCEXTRUDEDAREASOLID(#11997,#12001,#12002,1.9499999992549419);
#12004=IFCCARTESIANPOINTLIST2D(((0.,0.),(0.,-0.040000000000000001),(0.12,-0.040000000000000001),(0.12,-0.02),(0.02,-0.02),(0.02,0.)));
#12005=IFCINDEXEDPOLYCURVE(#12004,(IFCLINEINDEX((1,2,3,4,5,6,1))),$);
#12006=IFCARBITRARYCLOSEDPROFILEDEF(.AREA.,$,#12005);
#12007=IFCCARTESIANPOINT((0.075000000372529033,0.02500000037252903,1.015000000372529));
#12008=IFCDIRECTION((0.,0.,1.));
#12009=IFCDIRECTION((1.,0.,0.));
#12010=IFCAXIS2PLACEMENT3D(#12007,#12008,#12009);
#12011=IFCDIRECTION((0.,0.,1.));
#12012=IFCEXTRUDEDAREASOLID(#12006,#12010,#12011,0.02);
#12013=IFCEXTRUDEDAREASOLID(#12014,#12017,#12021,0.02);
#12014=IFCARBITRARYCLOSEDPROFILEDEF(.AREA.,$,#12015);
#12015=IFCINDEXEDPOLYCURVE(#12016,(IFCLINEINDEX((1,2,3,4,5,6,1))),$);
#12016=IFCCARTESIANPOINTLIST2D(((0.,0.),(0.,0.040000000000000008),(0.11999999999999998,0.040000000000000008),(0.11999999999999998,0.020000000000000004),(0.020000000000000004,0.020000000000000004),(0.020000000000000004,0.)));
#12017=IFCAXIS2PLACEMENT3D(#12018,#12019,#12020);
#12018=IFCCARTESIANPOINT((0.075000000372529033,0.060000000521540642,1.015000000372529));
#12019=IFCDIRECTION((0.,0.,1.));
#12020=IFCDIRECTION((1.,0.,0.));
#12021=IFCDIRECTION((0.,0.,1.));
#12079=IFCCARTESIANPOINTLIST3D(((0.,0.,0.),(0.89652228355407715,0.,0.),(0.89652228355407715,0.,2.),(0.,0.,2.)));
#12080=IFCINDEXEDPOLYCURVE(#12079,(IFCLINEINDEX((1,2,3,4,1))),$);
#12081=IFCSHAPEREPRESENTATION(#18,'Profile','Curve3D',(#12080));
#12082=IFCCARTESIANPOINTLIST2D(((0.,0.),(0.,2.),(0.89652228355407715,2.),(0.89652228355407715,0.),(0.87152228318154812,0.),(0.87152228318154812,1.974999999627471),(0.02500000037252903,1.974999999627471),(0.02500000037252903,0.)));
#12083=IFCINDEXEDPOLYCURVE(#12082,(IFCLINEINDEX((1,2,3,4,5,6,7,8,1))),$);
#12084=IFCARBITRARYCLOSEDPROFILEDEF(.AREA.,$,#12083);
#12085=IFCCARTESIANPOINT((0.,0.,0.));
#12086=IFCDIRECTION((0.,-1.,0.));
#12087=IFCDIRECTION((1.,0.,0.));
#12088=IFCAXIS2PLACEMENT3D(#12085,#12086,#12087);
#12089=IFCDIRECTION((0.,0.,-1.));
#12090=IFCEXTRUDEDAREASOLID(#12084,#12088,#12089,0.05000000074505806);
#12091=IFCCARTESIANPOINTLIST2D(((0.,0.),(0.84652228280901909,0.),(0.84652228280901909,0.10000000149011612),(0.,0.10000000149011612)));
#12092=IFCINDEXEDPOLYCURVE(#12091,(IFCLINEINDEX((1,2,3,4,1))),$);
#12093=IFCARBITRARYCLOSEDPROFILEDEF(.AREA.,$,#12092);
#12094=IFCCARTESIANPOINT((0.02500000037252903,0.,0.));
#12095=IFCDIRECTION((0.,0.,1.));
#12096=IFCDIRECTION((1.,0.,0.));
#12097=IFCAXIS2PLACEMENT3D(#12094,#12095,#12096);
#12098=IFCDIRECTION((0.,0.,1.));
#12099=IFCEXTRUDEDAREASOLID(#12093,#12097,#12098,0.02500000037252903);
#12100=IFCCARTESIANPOINTLIST2D(((0.,0.),(0.,2.0250000022351742),(0.94652228802442551,2.0250000022351742),(0.94652228802442551,0.),(0.8965222854167223,0.),(0.8965222854167223,1.974999999627471),(0.050000002607703209,1.974999999627471),(0.050000002607703209,0.)));
#12101=IFCINDEXEDPOLYCURVE(#12100,(IFCLINEINDEX((1,2,3,4,5,6,7,8,1))),$);
#12102=IFCARBITRARYCLOSEDPROFILEDEF(.AREA.,$,#12101);
#12103=IFCCARTESIANPOINT((-0.025000002235174179,-0.0010000000474974513,0.));
#12104=IFCDIRECTION((0.,-1.,0.));
#12105=IFCDIRECTION((1.,0.,0.));
#12106=IFCAXIS2PLACEMENT3D(#12103,#12104,#12105);
#12107=IFCDIRECTION((0.,0.,-1.));
#12108=IFCEXTRUDEDAREASOLID(#12102,#12106,#12107,0.0010000000474974513);
#12109=IFCCARTESIANPOINTLIST2D(((0.,0.),(0.,2.0250000022351742),(0.94652228802442551,2.0250000022351742),(0.94652228802442551,0.),(0.8965222854167223,0.),(0.8965222854167223,1.974999999627471),(0.050000002607703209,1.974999999627471),(0.050000002607703209,0.)));
#12110=IFCINDEXEDPOLYCURVE(#12109,(IFCLINEINDEX((1,2,3,4,5,6,7,8,1))),$);
#12111=IFCARBITRARYCLOSEDPROFILEDEF(.AREA.,$,#12110);
#12112=IFCCARTESIANPOINT((-0.025000002235174179,0.05000000074505806,0.));
#12113=IFCDIRECTION((0.,-1.,0.));
#12114=IFCDIRECTION((1.,0.,0.));
#12115=IFCAXIS2PLACEMENT3D(#12112,#12113,#12114);
#12116=IFCDIRECTION((0.,0.,-1.));
#12117=IFCEXTRUDEDAREASOLID(#12111,#12115,#12116,0.0010000000474974513);
#12118=IFCCARTESIANPOINTLIST2D(((0.,0.),(0.84652228280901909,0.),(0.84652228280901909,0.035000000149011612),(0.,0.035000000149011612)));
#12119=IFCINDEXEDPOLYCURVE(#12118,(IFCLINEINDEX((1,2,3,4,1))),$);
#12120=IFCARBITRARYCLOSEDPROFILEDEF(.AREA.,$,#12119);
#12121=IFCCARTESIANPOINT((0.02500000037252903,0.02500000037252903,0.02500000037252903));
#12122=IFCDIRECTION((0.,0.,1.));
#12123=IFCDIRECTION((1.,0.,0.));
#12124=IFCAXIS2PLACEMENT3D(#12121,#12122,#12123);
#12125=IFCDIRECTION((0.,0.,1.));
#12126=IFCEXTRUDEDAREASOLID(#12120,#12124,#12125,1.9499999992549419);
#12127=IFCCARTESIANPOINTLIST2D(((0.,0.),(0.,-0.040000000000000001),(-0.11999999999999988,-0.040000000000000001),(-0.11999999999999988,-0.02),(-0.020000000000000018,-0.02),(-0.020000000000000018,0.)));
#12128=IFCINDEXEDPOLYCURVE(#12127,(IFCLINEINDEX((1,2,3,4,5,6,1))),$);
#12129=IFCARBITRARYCLOSEDPROFILEDEF(.AREA.,$,#12128);
#12130=IFCCARTESIANPOINT((0.82152228318154807,0.02500000037252903,1.015000000372529));
#12131=IFCDIRECTION((0.,0.,1.));
#12132=IFCDIRECTION((1.,0.,0.));
#12133=IFCAXIS2PLACEMENT3D(#12130,#12131,#12132);
#12134=IFCDIRECTION((0.,0.,1.));
#12135=IFCEXTRUDEDAREASOLID(#12129,#12133,#12134,0.02);
#12136=IFCEXTRUDEDAREASOLID(#12137,#12140,#12144,0.02);
#12137=IFCARBITRARYCLOSEDPROFILEDEF(.AREA.,$,#12138);
#12138=IFCINDEXEDPOLYCURVE(#12139,(IFCLINEINDEX((1,2,3,4,5,6,1))),$);
#12139=IFCCARTESIANPOINTLIST2D(((0.,0.),(0.,0.040000000000000008),(-0.11999999999999988,0.040000000000000008),(-0.11999999999999988,0.020000000000000004),(-0.020000000000000018,0.020000000000000004),(-0.020000000000000018,0.)));
#12140=IFCAXIS2PLACEMENT3D(#12141,#12142,#12143);
#12141=IFCCARTESIANPOINT((0.82152228318154807,0.060000000521540642,1.015000000372529));
#12142=IFCDIRECTION((0.,0.,1.));
#12143=IFCDIRECTION((1.,0.,0.));
#12144=IFCDIRECTION((0.,0.,1.));
#12145=IFCSHAPEREPRESENTATION(#11,'Body','SweptSolid',(#12090,#12126,#12135,#12136,#12099,#12108,#12117));
#12146=IFCCARTESIANPOINTLIST2D(((0.,0.),(0.02500000037252903,0.),(0.02500000037252903,0.05000000074505806),(0.,0.05000000074505806)));
#12147=IFCINDEXEDPOLYCURVE(#12146,(IFCLINEINDEX((1,2,3,4,1))),$);
#12148=IFCINDEXEDPOLYCURVE(#12149,(IFCLINEINDEX((1,2,3,4,1))),$);
#12149=IFCCARTESIANPOINTLIST2D(((0.89652228355407715,0.),(0.87152228318154812,0.),(0.87152228318154812,0.05000000074505806),(0.89652228355407715,0.05000000074505806)));
#12150=IFCCARTESIANPOINTLIST2D(((0.02500000037252903,0.05000000074505806),(0.02500000037252903,-0.79652228206396103),(0.060000000521540642,-0.79652228206396103)));
#12151=IFCINDEXEDPOLYCURVE(#12150,$,$);
#12152=IFCDIRECTION((1.,0.));
#12153=IFCCARTESIANPOINT((0.060000000521540642,0.05000000074505806));
#12154=IFCAXIS2PLACEMENT2D(#12153,#12152);
#12155=IFCELLIPSE(#12154,0.81152228266000748,0.84652228280901909);
#12156=IFCCARTESIANPOINT((0.060000000521540642,-0.79652228206396103));
#12157=IFCCARTESIANPOINT((0.060000000521540642,0.89652228355407715));
#12158=IFCTRIMMEDCURVE(#12155,(#12156),(#12157),.T.,.CARTESIAN.);
#12159=IFCCARTESIANPOINTLIST2D(((0.02500000037252903,0.05000000074505806),(0.060000000521540642,0.05000000074505806),(0.060000000521540642,0.89652228355407715),(0.02500000037252903,0.89652228355407715)));
#12160=IFCINDEXEDPOLYCURVE(#12159,(IFCLINEINDEX((1,2,3,4,1))),$);
#12161=IFCSHAPEREPRESENTATION(#24,'Body','Curve2D',(#12147,#12148,#12151,#12158,#12160));
#12162=IFCCARTESIANPOINTLIST2D(((0.,0.),(0.89652228355407715,0.),(0.89652228355407715,2.),(0.,2.)));
#12163=IFCINDEXEDPOLYCURVE(#12162,(IFCLINEINDEX((1,2,3,4,1))),$);
#12164=IFCARBITRARYCLOSEDPROFILEDEF(.AREA.,$,#12163);
#12165=IFCCARTESIANPOINT((0.,-0.60000002384185791,0.));
#12166=IFCDIRECTION((0.,-1.,0.));
#12167=IFCDIRECTION((1.,0.,0.));
#12168=IFCAXIS2PLACEMENT3D(#12165,#12166,#12167);
#12169=IFCDIRECTION((0.,0.,-1.));
#12170=IFCEXTRUDEDAREASOLID(#12164,#12168,#12169,1.2);
#12171=IFCSHAPEREPRESENTATION(#11,'Body','SweptSolid',(#12170));
#12177=IFCCARTESIANPOINT((2.7406172775030262,0.01500013811730555,0.));
#12178=IFCDIRECTION((0.,0.,1.));
#12179=IFCDIRECTION((0.999999999999998,-6.3573025954609792E-08,0.));
#12180=IFCAXIS2PLACEMENT3D(#12177,#12178,#12179);
#12181=IFCLOCALPLACEMENT(#15674,#12180);
#12182=IFCCARTESIANPOINT((4.4408920985006262E-16,0.,0.));
#12183=IFCDIRECTION((0.,0.,1.));
#12184=IFCDIRECTION((1.,-2.6469779601696886E-23,0.));
#12185=IFCAXIS2PLACEMENT3D(#12182,#12183,#12184);
#12186=IFCLOCALPLACEMENT(#12181,#12185);
#12197=IFCCARTESIANPOINT((0.,0.,0.));
#12198=IFCDIRECTION((0.,0.,1.));
#12199=IFCDIRECTION((1.,0.,0.));
#12200=IFCAXIS2PLACEMENT3D(#12197,#12198,#12199);
#12201=IFCLOCALPLACEMENT(#13768,#12200);
#12202=IFCCARTESIANPOINTLIST3D(((0.,0.,0.),(0.87251758575439453,0.,0.),(0.87251758575439453,0.,2.),(0.,0.,2.)));
#12203=IFCINDEXEDPOLYCURVE(#12202,(IFCLINEINDEX((1,2,3,4,1))),$);
#12204=IFCSHAPEREPRESENTATION(#18,'Profile','Curve3D',(#12203));
#12205=IFCCARTESIANPOINTLIST2D(((0.,0.),(0.,2.),(0.87251758575439453,2.),(0.87251758575439453,0.),(0.8475175853818655,0.),(0.8475175853818655,1.974999999627471),(0.02500000037252903,1.974999999627471),(0.02500000037252903,0.)));
#12206=IFCINDEXEDPOLYCURVE(#12205,(IFCLINEINDEX((1,2,3,4,5,6,7,8,1))),$);
#12207=IFCARBITRARYCLOSEDPROFILEDEF(.AREA.,$,#12206);
#12208=IFCCARTESIANPOINT((0.,0.02500000037252903,0.));
#12209=IFCDIRECTION((0.,-1.,0.));
#12210=IFCDIRECTION((1.,0.,0.));
#12211=IFCAXIS2PLACEMENT3D(#12208,#12209,#12210);
#12212=IFCDIRECTION((0.,0.,-1.));
#12213=IFCEXTRUDEDAREASOLID(#12207,#12211,#12212,0.02500000037252903);
#12214=IFCCARTESIANPOINTLIST2D(((0.,0.),(0.,2.),(0.87251758575439453,2.),(0.87251758575439453,0.),(0.82251758500933647,0.),(0.82251758500933647,1.9499999992549419),(0.05000000074505806,1.9499999992549419),(0.05000000074505806,0.)));
#12215=IFCINDEXEDPOLYCURVE(#12214,(IFCLINEINDEX((1,2,3,4,5,6,7,8,1))),$);
#12216=IFCARBITRARYCLOSEDPROFILEDEF(.AREA.,$,#12215);
#12217=IFCCARTESIANPOINT((0.,0.,0.));
#12218=IFCDIRECTION((0.,-1.,0.));
#12219=IFCDIRECTION((1.,0.,0.));
#12220=IFCAXIS2PLACEMENT3D(#12217,#12218,#12219);
#12221=IFCDIRECTION((0.,0.,-1.));
#12222=IFCEXTRUDEDAREASOLID(#12216,#12220,#12221,0.02500000037252903);
#12223=IFCCARTESIANPOINTLIST2D(((0.,0.),(0.77251758426427841,0.),(0.77251758426427841,0.10000000149011612),(0.,0.10000000149011612)));
#12224=IFCINDEXEDPOLYCURVE(#12223,(IFCLINEINDEX((1,2,3,4,1))),$);
#12225=IFCARBITRARYCLOSEDPROFILEDEF(.AREA.,$,#12224);
#12226=IFCCARTESIANPOINT((0.05000000074505806,0.,0.));
#12227=IFCDIRECTION((0.,0.,1.));
#12228=IFCDIRECTION((1.,0.,0.));
#12229=IFCAXIS2PLACEMENT3D(#12226,#12227,#12228);
#12230=IFCDIRECTION((0.,0.,1.));
#12231=IFCEXTRUDEDAREASOLID(#12225,#12229,#12230,0.02500000037252903);
#12232=IFCCARTESIANPOINTLIST2D(((0.,0.),(0.,2.0250000022351742),(0.92251759022474289,2.0250000022351742),(0.92251759022474289,0.),(0.84751758724451065,0.),(0.84751758724451065,1.9499999992549419),(0.075000002980232239,1.9499999992549419),(0.075000002980232239,0.)));
#12233=IFCINDEXEDPOLYCURVE(#12232,(IFCLINEINDEX((1,2,3,4,5,6,7,8,1))),$);
#12234=IFCARBITRARYCLOSEDPROFILEDEF(.AREA.,$,#12233);
#12235=IFCCARTESIANPOINT((-0.025000002235174179,-0.0010000000474974513,0.));
#12236=IFCDIRECTION((0.,-1.,0.));
#12237=IFCDIRECTION((1.,0.,0.));
#12238=IFCAXIS2PLACEMENT3D(#12235,#12236,#12237);
#12239=IFCDIRECTION((0.,0.,-1.));
#12240=IFCEXTRUDEDAREASOLID(#12234,#12238,#12239,0.0010000000474974513);
#12241=IFCCARTESIANPOINTLIST2D(((0.,0.),(0.,2.0250000022351742),(0.92251759022474289,2.0250000022351742),(0.92251759022474289,0.),(0.87251758761703968,0.),(0.87251758761703968,1.974999999627471),(0.050000002607703209,1.974999999627471),(0.050000002607703209,0.)));
#12242=IFCINDEXEDPOLYCURVE(#12241,(IFCLINEINDEX((1,2,3,4,5,6,7,8,1))),$);
#12243=IFCARBITRARYCLOSEDPROFILEDEF(.AREA.,$,#12242);
#12244=IFCCARTESIANPOINT((-0.025000002235174179,0.05000000074505806,0.));
#12245=IFCDIRECTION((0.,-1.,0.));
#12246=IFCDIRECTION((1.,0.,0.));
#12247=IFCAXIS2PLACEMENT3D(#12244,#12245,#12246);
#12248=IFCDIRECTION((0.,0.,-1.));
#12249=IFCEXTRUDEDAREASOLID(#12243,#12247,#12248,0.0010000000474974513);
#12250=IFCCARTESIANPOINTLIST2D(((0.,0.),(0.82251758500933647,0.),(0.82251758500933647,0.035000000149011612),(0.,0.035000000149011612)));
#12251=IFCINDEXEDPOLYCURVE(#12250,(IFCLINEINDEX((1,2,3,4,1))),$);
#12252=IFCARBITRARYCLOSEDPROFILEDEF(.AREA.,$,#12251);
#12253=IFCCARTESIANPOINT((0.02500000037252903,0.02500000037252903,0.02500000037252903));
#12254=IFCDIRECTION((0.,0.,1.));
#12255=IFCDIRECTION((1.,0.,0.));
#12256=IFCAXIS2PLACEMENT3D(#12253,#12254,#12255);
#12257=IFCDIRECTION((0.,0.,1.));
#12258=IFCEXTRUDEDAREASOLID(#12252,#12256,#12257,1.9499999992549419);
#12259=IFCCARTESIANPOINTLIST2D(((0.,0.),(0.,-0.040000000000000001),(0.12,-0.040000000000000001),(0.12,-0.02),(0.02,-0.02),(0.02,0.)));
#12260=IFCINDEXEDPOLYCURVE(#12259,(IFCLINEINDEX((1,2,3,4,5,6,1))),$);
#12261=IFCARBITRARYCLOSEDPROFILEDEF(.AREA.,$,#12260);
#12262=IFCCARTESIANPOINT((0.075000000372529033,0.02500000037252903,1.015000000372529));
#12263=IFCDIRECTION((0.,0.,1.));
#12264=IFCDIRECTION((1.,0.,0.));
#12265=IFCAXIS2PLACEMENT3D(#12262,#12263,#12264);
#12266=IFCDIRECTION((0.,0.,1.));
#12267=IFCEXTRUDEDAREASOLID(#12261,#12265,#12266,0.02);
#12268=IFCEXTRUDEDAREASOLID(#12269,#12272,#12276,0.02);
#12269=IFCARBITRARYCLOSEDPROFILEDEF(.AREA.,$,#12270);
#12270=IFCINDEXEDPOLYCURVE(#12271,(IFCLINEINDEX((1,2,3,4,5,6,1))),$);
#12271=IFCCARTESIANPOINTLIST2D(((0.,0.),(0.,0.040000000000000008),(0.11999999999999998,0.040000000000000008),(0.11999999999999998,0.020000000000000004),(0.020000000000000004,0.020000000000000004),(0.020000000000000004,0.)));
#12272=IFCAXIS2PLACEMENT3D(#12273,#12274,#12275);
#12273=IFCCARTESIANPOINT((0.075000000372529033,0.060000000521540642,1.015000000372529));
#12274=IFCDIRECTION((0.,0.,1.));
#12275=IFCDIRECTION((1.,0.,0.));
#12276=IFCDIRECTION((0.,0.,1.));
#12277=IFCSHAPEREPRESENTATION(#11,'Body','SweptSolid',(#12213,#12222,#12258,#12267,#12268,#12231,#12240,#12249));
#12278=IFCCARTESIANPOINTLIST2D(((0.,0.),(0.,0.05000000074505806),(0.02500000037252903,0.05000000074505806),(0.02500000037252903,0.02500000037252903),(0.05000000074505806,0.02500000037252903),(0.05000000074505806,0.)));
#12279=IFCINDEXEDPOLYCURVE(#12278,(IFCLINEINDEX((1,2,3,4,5,6,1))),$);
#12280=IFCINDEXEDPOLYCURVE(#12281,(IFCLINEINDEX((1,2,3,4,5,6,1))),$);
#12281=IFCCARTESIANPOINTLIST2D(((0.87251758575439453,0.),(0.87251758575439453,0.05000000074505806),(0.8475175853818655,0.05000000074505806),(0.8475175853818655,0.02500000037252903),(0.82251758500933647,0.02500000037252903),(0.82251758500933647,0.)));
#12282=IFCDIRECTION((1.,0.));
#12283=IFCCARTESIANPOINT((0.81251758523285389,0.05000000074505806));
#12284=IFCAXIS2PLACEMENT2D(#12283,#12282);
#12285=IFCELLIPSE(#12284,0.78751758486032486,0.82251758500933647);
#12286=IFCCARTESIANPOINT((0.81251758523285389,0.87251758575439453));
#12287=IFCCARTESIANPOINT((0.02500000037252903,0.05000000074505806));
#12288=IFCTRIMMEDCURVE(#12285,(#12286),(#12287),.T.,.CARTESIAN.);
#12289=IFCCARTESIANPOINTLIST2D(((0.8475175853818655,0.05000000074505806),(0.81251758523285389,0.05000000074505806),(0.81251758523285389,0.87251758575439453),(0.8475175853818655,0.87251758575439453)));
#12290=IFCINDEXEDPOLYCURVE(#12289,(IFCLINEINDEX((1,2,3,4,1))),$);
#12291=IFCSHAPEREPRESENTATION(#24,'Body','Curve2D',(#12279,#12280,#12288,#12290));
#12313=IFCCARTESIANPOINT((-8.8817841970012523E-16,0.,0.));
#12314=IFCDIRECTION((0.,0.,1.));
#12315=IFCDIRECTION((0.99999999999999978,2.6469779601696886E-23,0.));
#12316=IFCAXIS2PLACEMENT3D(#12313,#12314,#12315);
#12317=IFCLOCALPLACEMENT(#13615,#12316);
#12318=IFCWINDOWTYPE('1ALiFFYLb13fRLs2ynYY4H',$,'BR1-1-2F',$,$,(#12319),(#12321,#12329,#12377),$,$,.WINDOW.,.SINGLE_PANEL.,$,$);
#12319=IFCPROPERTYSET('0bMsqN5gfFp8L$WS89CDLr',$,'BBIM_Window',$,(#12320));
#12320=IFCPROPERTYSINGLEVALUE('Data',$,IFCTEXT('{"window_type": "SINGLE_PANEL", "overall_height": 0.8999999761581421, "overall_width": 0.8384383916854858, "lining_properties": {"lining_depth": 0.05000000074505806, "lining_thickness": 0.05000000074505806, "lining_offset": 0.05000000074505806, "lining_to_panel_offset_x": 0.02500000037252903, "lining_to_panel_offset_y": 0.02500000037252903}, "panel_properties": {"frame_depth": [0.03500000014901161, 0.03500000014901161, 0.03500000014901161], "frame_thickness": [0.03500000014901161, 0.03500000014901161, 0.03500000014901161]}}'),$);
#12321=IFCREPRESENTATIONMAP(#12322,#12326);
#12322=IFCAXIS2PLACEMENT3D(#12323,#12324,#12325);
#12323=IFCCARTESIANPOINT((0.,0.,0.));
#12324=IFCDIRECTION((0.,0.,1.));
#12325=IFCDIRECTION((1.,0.,0.));
#12326=IFCSHAPEREPRESENTATION(#18,'Profile','Curve3D',(#12327));
#12327=IFCINDEXEDPOLYCURVE(#12328,(IFCLINEINDEX((1,2,3,4,1))),$);
#12328=IFCCARTESIANPOINTLIST3D(((0.,0.,0.),(0.83843839168548584,0.,0.),(0.83843839168548584,0.,0.89999997615814209),(0.,0.,0.89999997615814209)));
#12329=IFCREPRESENTATIONMAP(#12330,#12334);
#12330=IFCAXIS2PLACEMENT3D(#12331,#12332,#12333);
#12331=IFCCARTESIANPOINT((0.,0.,0.));
#12332=IFCDIRECTION((0.,0.,1.));
#12333=IFCDIRECTION((1.,0.,0.));
#12334=IFCSHAPEREPRESENTATION(#11,'Body','SweptSolid',(#12335,#12346,#12357,#12368));
#12335=IFCEXTRUDEDAREASOLID(#12336,#12341,#12345,0.0099999997764825821);
#12336=IFCARBITRARYPROFILEDEFWITHVOIDS(.AREA.,$,#12337,(#12339));
#12337=IFCINDEXEDPOLYCURVE(#12338,(IFCLINEINDEX((1,2,3,4,1))),$);
#12338=IFCCARTESIANPOINTLIST2D(((0.,0.),(0.83843839168548584,0.),(0.83843839168548584,0.89999997615814209),(0.,0.89999997615814209)));
#12339=IFCINDEXEDPOLYCURVE(#12340,(IFCLINEINDEX((1,2,3,4,1))),$);
#12340=IFCCARTESIANPOINTLIST2D(((0.02500000037252903,0.02500000037252903),(0.81343839131295681,0.02500000037252903),(0.81343839131295681,0.87499997578561306),(0.02500000037252903,0.87499997578561306)));
#12341=IFCAXIS2PLACEMENT3D(#12342,#12343,#12344);
#12342=IFCCARTESIANPOINT((0.,0.090000001713633537,0.));
#12343=IFCDIRECTION((0.,-1.,0.));
#12344=IFCDIRECTION((1.,0.,0.));
#12345=IFCDIRECTION((0.,0.,-1.));
#12346=IFCEXTRUDEDAREASOLID(#12347,#12352,#12356,0.040000000968575478);
#12347=IFCARBITRARYPROFILEDEFWITHVOIDS(.AREA.,$,#12348,(#12350));
#12348=IFCINDEXEDPOLYCURVE(#12349,(IFCLINEINDEX((1,2,3,4,1))),$);
#12349=IFCCARTESIANPOINTLIST2D(((0.,0.),(0.83843839168548584,0.),(0.83843839168548584,0.89999997615814209),(0.,0.89999997615814209)));
#12350=IFCINDEXEDPOLYCURVE(#12351,(IFCLINEINDEX((1,2,3,4,1))),$);
#12351=IFCCARTESIANPOINTLIST2D(((0.05000000074505806,0.05000000074505806),(0.78843839094042778,0.05000000074505806),(0.78843839094042778,0.84999997541308403),(0.05000000074505806,0.84999997541308403)));
#12352=IFCAXIS2PLACEMENT3D(#12353,#12354,#12355);
#12353=IFCCARTESIANPOINT((0.,0.05000000074505806,0.));
#12354=IFCDIRECTION((0.,-1.,0.));
#12355=IFCDIRECTION((1.,0.,0.));
#12356=IFCDIRECTION((0.,0.,-1.));
#12357=IFCEXTRUDEDAREASOLID(#12358,#12363,#12367,0.035000000149011612);
#12358=IFCARBITRARYPROFILEDEFWITHVOIDS(.AREA.,$,#12359,(#12361));
#12359=IFCINDEXEDPOLYCURVE(#12360,(IFCLINEINDEX((1,2,3,4,1))),$);
#12360=IFCCARTESIANPOINTLIST2D(((0.,0.),(0.78843839094042778,0.),(0.78843839094042778,0.84999997541308403),(0.,0.84999997541308403)));
#12361=IFCINDEXEDPOLYCURVE(#12362,(IFCLINEINDEX((1,2,3,4,1))),$);
#12362=IFCCARTESIANPOINTLIST2D(((0.035000000149011612,0.035000000149011612),(0.75343839079141617,0.035000000149011612),(0.75343839079141617,0.81499997526407242),(0.035000000149011612,0.81499997526407242)));
#12363=IFCAXIS2PLACEMENT3D(#12364,#12365,#12366);
#12364=IFCCARTESIANPOINT((0.02500000037252903,0.090000001713633537,0.02500000037252903));
#12365=IFCDIRECTION((0.,-1.,0.));
#12366=IFCDIRECTION((1.,0.,0.));
#12367=IFCDIRECTION((0.,0.,-1.));
#12368=IFCEXTRUDEDAREASOLID(#12369,#12372,#12376,0.01);
#12369=IFCARBITRARYCLOSEDPROFILEDEF(.AREA.,$,#12370);
#12370=IFCINDEXEDPOLYCURVE(#12371,(IFCLINEINDEX((1,2,3,4,1))),$);
#12371=IFCCARTESIANPOINTLIST2D(((0.035000000149011612,0.035000000149011612),(0.75343839079141617,0.035000000149011612),(0.75343839079141617,0.81499997526407242),(0.035000000149011612,0.81499997526407242)));
#12372=IFCAXIS2PLACEMENT3D(#12373,#12374,#12375);
#12373=IFCCARTESIANPOINT((0.02500000037252903,0.10250000178813934,0.02500000037252903));
#12374=IFCDIRECTION((0.,-1.,0.));
#12375=IFCDIRECTION((1.,0.,0.));
#12376=IFCDIRECTION((0.,0.,-1.));
#12377=IFCREPRESENTATIONMAP(#12378,#12382);
#12378=IFCAXIS2PLACEMENT3D(#12379,#12380,#12381);
#12379=IFCCARTESIANPOINT((0.,0.,0.));
#12380=IFCDIRECTION((0.,0.,1.));
#12381=IFCDIRECTION((1.,0.,0.));
#12382=IFCSHAPEREPRESENTATION(#24,'Body','Curve2D',(#12383,#12385,#12387,#12389,#12391,#12393,#12395,#12397));
#12383=IFCINDEXEDPOLYCURVE(#12384,$,$);
#12384=IFCCARTESIANPOINTLIST2D(((0.05000000074505806,0.05000000074505806),(0.78843839094042778,0.05000000074505806)));
#12385=IFCINDEXEDPOLYCURVE(#12386,(IFCLINEINDEX((1,2,3,4,5,6,1))),$);
#12386=IFCCARTESIANPOINTLIST2D(((0.,0.10000000149011612),(0.02500000037252903,0.10000000149011612),(0.02500000037252903,0.090000001713633537),(0.05000000074505806,0.090000001713633537),(0.05000000074505806,0.05000000074505806),(0.,0.05000000074505806)));
#12387=IFCINDEXEDPOLYCURVE(#12388,(IFCLINEINDEX((1,2,3,4,5,6,1))),$);
#12388=IFCCARTESIANPOINTLIST2D(((0.83843839168548584,0.10000000149011612),(0.81343839131295681,0.10000000149011612),(0.81343839131295681,0.090000001713633537),(0.78843839094042778,0.090000001713633537),(0.78843839094042778,0.05000000074505806),(0.83843839168548584,0.05000000074505806)));
#12389=IFCINDEXEDPOLYCURVE(#12390,(IFCLINEINDEX((1,2,3,4,1))),$);
#12390=IFCCARTESIANPOINTLIST2D(((0.02500000037252903,0.090000001713633537),(0.060000000521540642,0.090000001713633537),(0.060000000521540642,0.12500000186264515),(0.02500000037252903,0.12500000186264515)));
#12391=IFCINDEXEDPOLYCURVE(#12392,(IFCLINEINDEX((1,2,3,4,1))),$);
#12392=IFCCARTESIANPOINTLIST2D(((0.81343839131295681,0.090000001713633537),(0.7784383911639452,0.090000001713633537),(0.7784383911639452,0.12500000186264515),(0.81343839131295681,0.12500000186264515)));
#12393=IFCINDEXEDPOLYCURVE(#12394,$,$);
#12394=IFCCARTESIANPOINTLIST2D(((0.060000000521540642,0.090000001713633537),(0.7784383911639452,0.090000001713633537)));
#12395=IFCINDEXEDPOLYCURVE(#12396,$,$);
#12396=IFCCARTESIANPOINTLIST2D(((0.060000000521540642,0.12500000186264515),(0.7784383911639452,0.12500000186264515)));
#12397=IFCINDEXEDPOLYCURVE(#12398,$,$);
#12398=IFCCARTESIANPOINTLIST2D(((0.060000000521540642,0.10750000178813934),(0.7784383911639452,0.10750000178813934)));
#12399=IFCWINDOW('3IGChI1UT1BgPo8tiMMoLj',$,'Window',$,$,#13492,#12408,$,0.89999997615814209,0.83843839168548584,$,$,$);
#12400=IFCRELDEFINESBYTYPE('0szfM9oZHDAOLxfQwVQV7Y',$,$,$,(#12399),#12318);
#12401=IFCCARTESIANPOINT((0.,0.,0.));
#12402=IFCDIRECTION((1.,0.,0.));
#12403=IFCDIRECTION((0.,1.,0.));
#12404=IFCDIRECTION((0.,0.,1.));
#12405=IFCCARTESIANTRANSFORMATIONOPERATOR3D(#12402,#12403,#12401,1.,#12404);
#12406=IFCMAPPEDITEM(#12321,#12405);
#12407=IFCSHAPEREPRESENTATION(#18,'Profile','MappedRepresentation',(#12406));
#12408=IFCPRODUCTDEFINITIONSHAPE($,$,(#12407,#12415,#12422));
#12409=IFCCARTESIANPOINT((0.,0.,0.));
#12410=IFCDIRECTION((1.,0.,0.));
#12411=IFCDIRECTION((0.,1.,0.));
#12412=IFCDIRECTION((0.,0.,1.));
#12413=IFCCARTESIANTRANSFORMATIONOPERATOR3D(#12410,#12411,#12409,1.,#12412);
#12414=IFCMAPPEDITEM(#12329,#12413);
#12415=IFCSHAPEREPRESENTATION(#11,'Body','MappedRepresentation',(#12414));
#12416=IFCCARTESIANPOINT((0.,0.,0.));
#12417=IFCDIRECTION((1.,0.,0.));
#12418=IFCDIRECTION((0.,1.,0.));
#12419=IFCDIRECTION((0.,0.,1.));
#12420=IFCCARTESIANTRANSFORMATIONOPERATOR3D(#12417,#12418,#12416,1.,#12419);
#12421=IFCMAPPEDITEM(#12377,#12420);
#12422=IFCSHAPEREPRESENTATION(#24,'Body','MappedRepresentation',(#12421));
#12423=IFCOPENINGELEMENT('2wZBcqabXCgvO7N_j4ZUAg',$,'Opening',$,$,#12473,#12451,$,.OPENING.);
#12429=IFCCARTESIANPOINTLIST2D(((0.,0.),(0.83843839168548584,0.),(0.83843839168548584,0.89999997615814209),(0.,0.89999997615814209)));
#12430=IFCINDEXEDPOLYCURVE(#12429,(IFCLINEINDEX((1,2,3,4,1))),$);
#12431=IFCARBITRARYCLOSEDPROFILEDEF(.AREA.,$,#12430);
#12432=IFCCARTESIANPOINT((0.,-0.60000002384185791,0.));
#12433=IFCDIRECTION((0.,-1.,0.));
#12434=IFCDIRECTION((1.,0.,0.));
#12435=IFCAXIS2PLACEMENT3D(#12432,#12433,#12434);
#12436=IFCDIRECTION((0.,0.,-1.));
#12437=IFCEXTRUDEDAREASOLID(#12431,#12435,#12436,1.2);
#12438=IFCSHAPEREPRESENTATION(#11,'Body','SweptSolid',(#12437));
#12439=IFCCARTESIANPOINT((0.,0.,0.));
#12440=IFCDIRECTION((1.,0.,0.));
#12441=IFCDIRECTION((0.,0.,1.));
#12442=IFCAXIS2PLACEMENT3D(#12439,#12441,#12440);
#12443=IFCREPRESENTATIONMAP(#12442,#12438);
#12444=IFCCARTESIANPOINT((0.,0.,0.));
#12445=IFCDIRECTION((1.,0.,0.));
#12446=IFCDIRECTION((0.,1.,0.));
#12447=IFCDIRECTION((0.,0.,1.));
#12448=IFCCARTESIANTRANSFORMATIONOPERATOR3D(#12445,#12446,#12444,1.,#12447);
#12449=IFCMAPPEDITEM(#12443,#12448);
#12450=IFCSHAPEREPRESENTATION(#11,'Body','MappedRepresentation',(#12449));
#12451=IFCPRODUCTDEFINITIONSHAPE($,$,(#12450));
#12452=IFCRELVOIDSELEMENT('0EK4wE5trD7uby9fsqc0g4',$,$,$,#8001,#12423);
#12458=IFCRELFILLSELEMENT('3NDuqhDBD1PgGRkj2UCjI9',$,$,$,#12423,#12399);
#12469=IFCCARTESIANPOINT((1.5591053287095309,3.5912804507987062E-07,1.));
#12470=IFCDIRECTION((0.,0.,1.));
#12471=IFCDIRECTION((0.99999999999999289,1.1920928244535129E-07,0.));
#12472=IFCAXIS2PLACEMENT3D(#12469,#12470,#12471);
#12473=IFCLOCALPLACEMENT(#15634,#12472);
#12479=IFCWINDOWTYPE('0hcxLeKz9FS8XrKPK$Jq$M',$,'MR-2F',$,$,(#12480),(#12482,#12490,#12538),$,$,.WINDOW.,.SINGLE_PANEL.,$,$);
#12480=IFCPROPERTYSET('22k7EHmjj8bufvJj47JvVL',$,'BBIM_Window',$,(#12481));
#12481=IFCPROPERTYSINGLEVALUE('Data',$,IFCTEXT('{"window_type": "SINGLE_PANEL", "overall_height": 0.8999999761581421, "overall_width": 0.8446705341339111, "lining_properties": {"lining_depth": 0.05000000074505806, "lining_thickness": 0.05000000074505806, "lining_offset": 0.05000000074505806, "lining_to_panel_offset_x": 0.02500000037252903, "lining_to_panel_offset_y": 0.02500000037252903}, "panel_properties": {"frame_depth": [0.03500000014901161, 0.03500000014901161, 0.03500000014901161], "frame_thickness": [0.03500000014901161, 0.03500000014901161, 0.03500000014901161]}}'),$);
#12482=IFCREPRESENTATIONMAP(#12483,#13898);
#12483=IFCAXIS2PLACEMENT3D(#12484,#12485,#12486);
#12484=IFCCARTESIANPOINT((0.,0.,0.));
#12485=IFCDIRECTION((0.,0.,1.));
#12486=IFCDIRECTION((1.,0.,0.));
#12490=IFCREPRESENTATIONMAP(#12491,#13941);
#12491=IFCAXIS2PLACEMENT3D(#12492,#12493,#12494);
#12492=IFCCARTESIANPOINT((0.,0.,0.));
#12493=IFCDIRECTION((0.,0.,1.));
#12494=IFCDIRECTION((1.,0.,0.));
#12538=IFCREPRESENTATIONMAP(#12539,#13958);
#12539=IFCAXIS2PLACEMENT3D(#12540,#12541,#12542);
#12540=IFCCARTESIANPOINT((0.,0.,0.));
#12541=IFCDIRECTION((0.,0.,1.));
#12542=IFCDIRECTION((1.,0.,0.));
#12560=IFCWINDOW('3bcjAMLsX5_vjg2fLFZfa$',$,'Window',$,$,#13983,#12569,$,0.89999997615814209,0.84467053413391113,$,.SINGLE_PANEL.,$);
#12561=IFCRELDEFINESBYTYPE('2lPlcv47zE4AkczI7rIROx',$,$,$,(#14033,#12560),#12479);
#12562=IFCCARTESIANPOINT((0.,0.,0.));
#12563=IFCDIRECTION((1.,0.,0.));
#12564=IFCDIRECTION((0.,1.,0.));
#12565=IFCDIRECTION((0.,0.,1.));
#12566=IFCCARTESIANTRANSFORMATIONOPERATOR3D(#12563,#12564,#12562,1.,#12565);
#12567=IFCMAPPEDITEM(#12482,#12566);
#12568=IFCSHAPEREPRESENTATION(#18,'Profile','MappedRepresentation',(#12567));
#12569=IFCPRODUCTDEFINITIONSHAPE($,$,(#12568,#12576,#12583));
#12570=IFCCARTESIANPOINT((0.,0.,0.));
#12571=IFCDIRECTION((1.,0.,0.));
#12572=IFCDIRECTION((0.,1.,0.));
#12573=IFCDIRECTION((0.,0.,1.));
#12574=IFCCARTESIANTRANSFORMATIONOPERATOR3D(#12571,#12572,#12570,1.,#12573);
#12575=IFCMAPPEDITEM(#12490,#12574);
#12576=IFCSHAPEREPRESENTATION(#11,'Body','MappedRepresentation',(#12575));
#12577=IFCCARTESIANPOINT((0.,0.,0.));
#12578=IFCDIRECTION((1.,0.,0.));
#12579=IFCDIRECTION((0.,1.,0.));
#12580=IFCDIRECTION((0.,0.,1.));
#12581=IFCCARTESIANTRANSFORMATIONOPERATOR3D(#12578,#12579,#12577,1.,#12580);
#12582=IFCMAPPEDITEM(#12538,#12581);
#12583=IFCSHAPEREPRESENTATION(#24,'Body','MappedRepresentation',(#12582));
#12584=IFCOPENINGELEMENT('1onAf7NU54ufvA8vcUN0lk',$,'Opening',$,$,#13978,#12612,$,.OPENING.);
#12600=IFCCARTESIANPOINT((0.,0.,0.));
#12601=IFCDIRECTION((1.,0.,0.));
#12602=IFCDIRECTION((0.,0.,1.));
#12603=IFCAXIS2PLACEMENT3D(#12600,#12602,#12601);
#12604=IFCREPRESENTATIONMAP(#12603,#13968);
#12605=IFCCARTESIANPOINT((0.,0.,0.));
#12606=IFCDIRECTION((1.,0.,0.));
#12607=IFCDIRECTION((0.,1.,0.));
#12608=IFCDIRECTION((0.,0.,1.));
#12609=IFCCARTESIANTRANSFORMATIONOPERATOR3D(#12606,#12607,#12605,1.,#12608);
#12610=IFCMAPPEDITEM(#12604,#12609);
#12611=IFCSHAPEREPRESENTATION(#11,'Body','MappedRepresentation',(#12610));
#12612=IFCPRODUCTDEFINITIONSHAPE($,$,(#12611));
#12613=IFCRELVOIDSELEMENT('2IL_iMKeP91ASdrrLMHpFd',$,$,$,#8001,#12584);
#12619=IFCRELFILLSELEMENT('2djQPKYnzDPPhRwc7mTAF7',$,$,$,#12584,#12560);
#12643=IFCCARTESIANPOINTLIST2D(((0.,0.),(0.817405104637146,0.),(0.817405104637146,0.89999997615814209),(0.,0.89999997615814209)));
#12644=IFCINDEXEDPOLYCURVE(#12643,(IFCLINEINDEX((1,2,3,4,1))),$);
#12645=IFCCARTESIANPOINTLIST2D(((0.02500000037252903,0.02500000037252903),(0.79240510426461697,0.02500000037252903),(0.79240510426461697,0.87499997578561306),(0.02500000037252903,0.87499997578561306)));
#12646=IFCINDEXEDPOLYCURVE(#12645,(IFCLINEINDEX((1,2,3,4,1))),$);
#12647=IFCARBITRARYPROFILEDEFWITHVOIDS(.AREA.,$,#12644,(#12646));
#12648=IFCCARTESIANPOINT((0.,0.090000001713633537,0.));
#12649=IFCDIRECTION((0.,-1.,0.));
#12650=IFCDIRECTION((1.,0.,0.));
#12651=IFCAXIS2PLACEMENT3D(#12648,#12649,#12650);
#12652=IFCDIRECTION((0.,0.,-1.));
#12653=IFCEXTRUDEDAREASOLID(#12647,#12651,#12652,0.0099999997764825821);
#12654=IFCCARTESIANPOINTLIST2D(((0.,0.),(0.817405104637146,0.),(0.817405104637146,0.89999997615814209),(0.,0.89999997615814209)));
#12655=IFCINDEXEDPOLYCURVE(#12654,(IFCLINEINDEX((1,2,3,4,1))),$);
#12656=IFCCARTESIANPOINTLIST2D(((0.05000000074505806,0.05000000074505806),(0.76740510389208794,0.05000000074505806),(0.76740510389208794,0.84999997541308403),(0.05000000074505806,0.84999997541308403)));
#12657=IFCINDEXEDPOLYCURVE(#12656,(IFCLINEINDEX((1,2,3,4,1))),$);
#12658=IFCARBITRARYPROFILEDEFWITHVOIDS(.AREA.,$,#12655,(#12657));
#12659=IFCCARTESIANPOINT((0.,0.05000000074505806,0.));
#12660=IFCDIRECTION((0.,-1.,0.));
#12661=IFCDIRECTION((1.,0.,0.));
#12662=IFCAXIS2PLACEMENT3D(#12659,#12660,#12661);
#12663=IFCDIRECTION((0.,0.,-1.));
#12664=IFCEXTRUDEDAREASOLID(#12658,#12662,#12663,0.040000000968575478);
#12665=IFCCARTESIANPOINTLIST2D(((0.,0.),(0.76740510389208794,0.),(0.76740510389208794,0.84999997541308403),(0.,0.84999997541308403)));
#12666=IFCINDEXEDPOLYCURVE(#12665,(IFCLINEINDEX((1,2,3,4,1))),$);
#12667=IFCCARTESIANPOINTLIST2D(((0.035000000149011612,0.035000000149011612),(0.73240510374307632,0.035000000149011612),(0.73240510374307632,0.81499997526407242),(0.035000000149011612,0.81499997526407242)));
#12668=IFCINDEXEDPOLYCURVE(#12667,(IFCLINEINDEX((1,2,3,4,1))),$);
#12669=IFCARBITRARYPROFILEDEFWITHVOIDS(.AREA.,$,#12666,(#12668));
#12670=IFCCARTESIANPOINT((0.02500000037252903,0.090000001713633537,0.02500000037252903));
#12671=IFCDIRECTION((0.,-1.,0.));
#12672=IFCDIRECTION((1.,0.,0.));
#12673=IFCAXIS2PLACEMENT3D(#12670,#12671,#12672);
#12674=IFCDIRECTION((0.,0.,-1.));
#12675=IFCEXTRUDEDAREASOLID(#12669,#12673,#12674,0.035000000149011612);
#12676=IFCINDEXEDPOLYCURVE(#12677,(IFCLINEINDEX((1,2,3,4,1))),$);
#12677=IFCCARTESIANPOINTLIST2D(((0.035000000149011612,0.035000000149011612),(0.73240510374307632,0.035000000149011612),(0.73240510374307632,0.81499997526407242),(0.035000000149011612,0.81499997526407242)));
#12678=IFCARBITRARYCLOSEDPROFILEDEF(.AREA.,$,#12676);
#12679=IFCCARTESIANPOINT((0.02500000037252903,0.10250000178813934,0.02500000037252903));
#12680=IFCDIRECTION((0.,-1.,0.));
#12681=IFCDIRECTION((1.,0.,0.));
#12682=IFCAXIS2PLACEMENT3D(#12679,#12680,#12681);
#12683=IFCDIRECTION((0.,0.,-1.));
#12684=IFCEXTRUDEDAREASOLID(#12678,#12682,#12683,0.01);
#12686=IFCSHAPEREPRESENTATION(#11,'Body','SweptSolid',(#12664,#13909,#13920,#12653));
#12687=IFCSHAPEASPECT((#12686),'Lining',$,.T.,#12569);
#12688=IFCSHAPEREPRESENTATION(#11,'Body','SweptSolid',(#13931,#12675));
#12689=IFCSHAPEASPECT((#12688),'Framing',$,.T.,#12569);
#12690=IFCSHAPEREPRESENTATION(#11,'Body','SweptSolid',(#12684,#13940));
#12691=IFCSHAPEASPECT((#12690),'Glazing',$,.T.,#12569);
#12734=IFCWINDOWTYPE('11itzbLs9AjB5ZpBS9LwUL',$,'BR2-2F',$,$,(#12735),(#12737,#12745,#12831),$,$,.WINDOW.,.SINGLE_PANEL.,$,$);
#12735=IFCPROPERTYSET('2kvAKWuDH8SfweK4XqdzWD',$,'BBIM_Window',$,(#12736));
#12736=IFCPROPERTYSINGLEVALUE('Data',$,IFCTEXT('{"window_type": "DOUBLE_PANEL_VERTICAL", "overall_height": 0.8999999761581421, "overall_width": 1.2018264532089233, "lining_properties": {"lining_depth": 0.05000000074505806, "lining_thickness": 0.05000000074505806, "lining_offset": 0.05000000074505806, "lining_to_panel_offset_x": 0.02500000037252903, "lining_to_panel_offset_y": 0.02500000037252903, "mullion_thickness": 0.05000000074505806, "first_mullion_offset": 0.30000001192092896}, "panel_properties": {"frame_depth": [0.03500000014901161, 0.03500000014901161, 0.03500000014901161], "frame_thickness": [0.03500000014901161, 0.03500000014901161, 0.03500000014901161]}}'),$);
#12737=IFCREPRESENTATIONMAP(#12738,#12979);
#12738=IFCAXIS2PLACEMENT3D(#12739,#12740,#12741);
#12739=IFCCARTESIANPOINT((0.,0.,0.));
#12740=IFCDIRECTION((0.,0.,1.));
#12741=IFCDIRECTION((1.,0.,0.));
#12745=IFCREPRESENTATIONMAP(#12746,#13060);
#12746=IFCAXIS2PLACEMENT3D(#12747,#12748,#12749);
#12747=IFCCARTESIANPOINT((0.,0.,0.));
#12748=IFCDIRECTION((0.,0.,1.));
#12749=IFCDIRECTION((1.,0.,0.));
#12831=IFCREPRESENTATIONMAP(#12832,#13099);
#12832=IFCAXIS2PLACEMENT3D(#12833,#12834,#12835);
#12833=IFCCARTESIANPOINT((0.,0.,0.));
#12834=IFCDIRECTION((0.,0.,1.));
#12835=IFCDIRECTION((1.,0.,0.));
#12869=IFCWINDOW('12Miloevf45Qo8JKAABcHH',$,'Window',$,$,#13124,#12878,$,0.89999997615814209,1.2018264532089233,$,.DOUBLE_PANEL_VERTICAL.,$);
#12870=IFCRELDEFINESBYTYPE('25aLMNaCD3NfSb6Sxs4ttn',$,$,$,(#12869),#12734);
#12871=IFCCARTESIANPOINT((0.,0.,0.));
#12872=IFCDIRECTION((1.,0.,0.));
#12873=IFCDIRECTION((0.,1.,0.));
#12874=IFCDIRECTION((0.,0.,1.));
#12875=IFCCARTESIANTRANSFORMATIONOPERATOR3D(#12872,#12873,#12871,1.,#12874);
#12876=IFCMAPPEDITEM(#12737,#12875);
#12877=IFCSHAPEREPRESENTATION(#18,'Profile','MappedRepresentation',(#12876));
#12878=IFCPRODUCTDEFINITIONSHAPE($,$,(#12877,#12885,#12892));
#12879=IFCCARTESIANPOINT((0.,0.,0.));
#12880=IFCDIRECTION((1.,0.,0.));
#12881=IFCDIRECTION((0.,1.,0.));
#12882=IFCDIRECTION((0.,0.,1.));
#12883=IFCCARTESIANTRANSFORMATIONOPERATOR3D(#12880,#12881,#12879,1.,#12882);
#12884=IFCMAPPEDITEM(#12745,#12883);
#12885=IFCSHAPEREPRESENTATION(#11,'Body','MappedRepresentation',(#12884));
#12886=IFCCARTESIANPOINT((0.,0.,0.));
#12887=IFCDIRECTION((1.,0.,0.));
#12888=IFCDIRECTION((0.,1.,0.));
#12889=IFCDIRECTION((0.,0.,1.));
#12890=IFCCARTESIANTRANSFORMATIONOPERATOR3D(#12887,#12888,#12886,1.,#12889);
#12891=IFCMAPPEDITEM(#12831,#12890);
#12892=IFCSHAPEREPRESENTATION(#24,'Body','MappedRepresentation',(#12891));
#12893=IFCOPENINGELEMENT('2J5hhRWEH6jek2n01kRC8E',$,'Opening',$,$,#13119,#12921,$,.OPENING.);
#12909=IFCCARTESIANPOINT((0.,0.,0.));
#12910=IFCDIRECTION((1.,0.,0.));
#12911=IFCDIRECTION((0.,0.,1.));
#12912=IFCAXIS2PLACEMENT3D(#12909,#12911,#12910);
#12913=IFCREPRESENTATIONMAP(#12912,#13109);
#12914=IFCCARTESIANPOINT((0.,0.,0.));
#12915=IFCDIRECTION((1.,0.,0.));
#12916=IFCDIRECTION((0.,1.,0.));
#12917=IFCDIRECTION((0.,0.,1.));
#12918=IFCCARTESIANTRANSFORMATIONOPERATOR3D(#12915,#12916,#12914,1.,#12917);
#12919=IFCMAPPEDITEM(#12913,#12918);
#12920=IFCSHAPEREPRESENTATION(#11,'Body','MappedRepresentation',(#12919));
#12921=IFCPRODUCTDEFINITIONSHAPE($,$,(#12920));
#12922=IFCRELVOIDSELEMENT('11HtHMcN96ZQaExXaqm_KA',$,$,$,#8126,#12893);
#12928=IFCRELFILLSELEMENT('0MqiVoeh12aRec0g4Hkcpr',$,$,$,#12893,#12869);
#12977=IFCCARTESIANPOINTLIST3D(((0.,0.,0.),(1.2018264532089233,0.,0.),(1.2018264532089233,0.,0.89999997615814209),(0.,0.,0.89999997615814209)));
#12978=IFCINDEXEDPOLYCURVE(#12977,(IFCLINEINDEX((1,2,3,4,1))),$);
#12979=IFCSHAPEREPRESENTATION(#18,'Profile','Curve3D',(#12978));
#12980=IFCCARTESIANPOINTLIST2D(((0.30000001192092896,0.),(0.,0.),(0.,0.89999997615814209),(0.30000001192092896,0.89999997615814209),(0.30000001192092896,0.87499997578561306),(0.02500000037252903,0.87499997578561306),(0.02500000037252903,0.02500000037252903),(0.30000001192092896,0.02500000037252903)));
#12981=IFCINDEXEDPOLYCURVE(#12980,(IFCLINEINDEX((1,2,3,4,5,6,7,8,1))),$);
#12982=IFCARBITRARYCLOSEDPROFILEDEF(.AREA.,$,#12981);
#12983=IFCCARTESIANPOINT((0.,0.090000001713633537,0.));
#12984=IFCDIRECTION((0.,-1.,0.));
#12985=IFCDIRECTION((1.,0.,0.));
#12986=IFCAXIS2PLACEMENT3D(#12983,#12984,#12985);
#12987=IFCDIRECTION((0.,0.,-1.));
#12988=IFCEXTRUDEDAREASOLID(#12982,#12986,#12987,0.0099999997764825821);
#12989=IFCCARTESIANPOINTLIST2D(((0.,0.),(0.30000001192092896,0.),(0.30000001192092896,0.89999997615814209),(0.,0.89999997615814209)));
#12990=IFCINDEXEDPOLYCURVE(#12989,(IFCLINEINDEX((1,2,3,4,1))),$);
#12991=IFCCARTESIANPOINTLIST2D(((0.05000000074505806,0.05000000074505806),(0.27500001154839993,0.05000000074505806),(0.27500001154839993,0.84999997541308403),(0.05000000074505806,0.84999997541308403)));
#12992=IFCINDEXEDPOLYCURVE(#12991,(IFCLINEINDEX((1,2,3,4,1))),$);
#12993=IFCARBITRARYPROFILEDEFWITHVOIDS(.AREA.,$,#12990,(#12992));
#12994=IFCCARTESIANPOINT((0.,0.05000000074505806,0.));
#12995=IFCDIRECTION((0.,-1.,0.));
#12996=IFCDIRECTION((1.,0.,0.));
#12997=IFCAXIS2PLACEMENT3D(#12994,#12995,#12996);
#12998=IFCDIRECTION((0.,0.,-1.));
#12999=IFCEXTRUDEDAREASOLID(#12993,#12997,#12998,0.040000000968575478);
#13000=IFCCARTESIANPOINTLIST2D(((0.,0.),(0.27500001154839993,0.),(0.27500001154839993,0.84999997541308403),(0.,0.84999997541308403)));
#13001=IFCINDEXEDPOLYCURVE(#13000,(IFCLINEINDEX((1,2,3,4,1))),$);
#13002=IFCCARTESIANPOINTLIST2D(((0.035000000149011612,0.035000000149011612),(0.24000001139938831,0.035000000149011612),(0.24000001139938831,0.81499997526407242),(0.035000000149011612,0.81499997526407242)));
#13003=IFCINDEXEDPOLYCURVE(#13002,(IFCLINEINDEX((1,2,3,4,1))),$);
#13004=IFCARBITRARYPROFILEDEFWITHVOIDS(.AREA.,$,#13001,(#13003));
#13005=IFCCARTESIANPOINT((0.02500000037252903,0.090000001713633537,0.02500000037252903));
#13006=IFCDIRECTION((0.,-1.,0.));
#13007=IFCDIRECTION((1.,0.,0.));
#13008=IFCAXIS2PLACEMENT3D(#13005,#13006,#13007);
#13009=IFCDIRECTION((0.,0.,-1.));
#13010=IFCEXTRUDEDAREASOLID(#13004,#13008,#13009,0.035000000149011612);
#13011=IFCINDEXEDPOLYCURVE(#13012,(IFCLINEINDEX((1,2,3,4,1))),$);
#13012=IFCCARTESIANPOINTLIST2D(((0.035000000149011612,0.035000000149011612),(0.24000001139938831,0.035000000149011612),(0.24000001139938831,0.81499997526407242),(0.035000000149011612,0.81499997526407242)));
#13013=IFCARBITRARYCLOSEDPROFILEDEF(.AREA.,$,#13011);
#13014=IFCCARTESIANPOINT((0.02500000037252903,0.10250000178813934,0.02500000037252903));
#13015=IFCDIRECTION((0.,-1.,0.));
#13016=IFCDIRECTION((1.,0.,0.));
#13017=IFCAXIS2PLACEMENT3D(#13014,#13015,#13016);
#13018=IFCDIRECTION((0.,0.,-1.));
#13019=IFCEXTRUDEDAREASOLID(#13013,#13017,#13018,0.01);
#13020=IFCCARTESIANPOINTLIST2D(((0.,0.89999997615814209),(0.90182644128799438,0.89999997615814209),(0.90182644128799438,0.),(0.,0.),(0.,0.02500000037252903),(0.87682644091546535,0.02500000037252903),(0.87682644091546535,0.87499997578561306),(0.,0.87499997578561306)));
#13021=IFCINDEXEDPOLYCURVE(#13020,(IFCLINEINDEX((1,2,3,4,5,6,7,8,1))),$);
#13022=IFCARBITRARYCLOSEDPROFILEDEF(.AREA.,$,#13021);
#13023=IFCCARTESIANPOINT((0.30000001192092896,0.090000001713633537,0.));
#13024=IFCDIRECTION((0.,-1.,0.));
#13025=IFCDIRECTION((1.,0.,0.));
#13026=IFCAXIS2PLACEMENT3D(#13023,#13024,#13025);
#13027=IFCDIRECTION((0.,0.,-1.));
#13028=IFCEXTRUDEDAREASOLID(#13022,#13026,#13027,0.0099999997764825821);
#13029=IFCCARTESIANPOINTLIST2D(((0.,0.),(0.90182644128799438,0.),(0.90182644128799438,0.89999997615814209),(0.,0.89999997615814209)));
#13030=IFCINDEXEDPOLYCURVE(#13029,(IFCLINEINDEX((1,2,3,4,1))),$);
#13031=IFCCARTESIANPOINTLIST2D(((0.02500000037252903,0.05000000074505806),(0.85182644054293633,0.05000000074505806),(0.85182644054293633,0.84999997541308403),(0.02500000037252903,0.84999997541308403)));
#13032=IFCINDEXEDPOLYCURVE(#13031,(IFCLINEINDEX((1,2,3,4,1))),$);
#13033=IFCARBITRARYPROFILEDEFWITHVOIDS(.AREA.,$,#13030,(#13032));
#13034=IFCCARTESIANPOINT((0.30000001192092896,0.05000000074505806,0.));
#13035=IFCDIRECTION((0.,-1.,0.));
#13036=IFCDIRECTION((1.,0.,0.));
#13037=IFCAXIS2PLACEMENT3D(#13034,#13035,#13036);
#13038=IFCDIRECTION((0.,0.,-1.));
#13039=IFCEXTRUDEDAREASOLID(#13033,#13037,#13038,0.040000000968575478);
#13040=IFCCARTESIANPOINTLIST2D(((0.,0.),(0.87682644091546535,0.),(0.87682644091546535,0.84999997541308403),(0.,0.84999997541308403)));
#13041=IFCINDEXEDPOLYCURVE(#13040,(IFCLINEINDEX((1,2,3,4,1))),$);
#13042=IFCCARTESIANPOINTLIST2D(((0.035000000149011612,0.035000000149011612),(0.84182644076645374,0.035000000149011612),(0.84182644076645374,0.81499997526407242),(0.035000000149011612,0.81499997526407242)));
#13043=IFCINDEXEDPOLYCURVE(#13042,(IFCLINEINDEX((1,2,3,4,1))),$);
#13044=IFCARBITRARYPROFILEDEFWITHVOIDS(.AREA.,$,#13041,(#13043));
#13045=IFCCARTESIANPOINT((0.30000001192092896,0.090000001713633537,0.02500000037252903));
#13046=IFCDIRECTION((0.,-1.,0.));
#13047=IFCDIRECTION((1.,0.,0.));
#13048=IFCAXIS2PLACEMENT3D(#13045,#13046,#13047);
#13049=IFCDIRECTION((0.,0.,-1.));
#13050=IFCEXTRUDEDAREASOLID(#13044,#13048,#13049,0.035000000149011612);
#13051=IFCINDEXEDPOLYCURVE(#13052,(IFCLINEINDEX((1,2,3,4,1))),$);
#13052=IFCCARTESIANPOINTLIST2D(((0.035000000149011612,0.035000000149011612),(0.84182644076645374,0.035000000149011612),(0.84182644076645374,0.81499997526407242),(0.035000000149011612,0.81499997526407242)));
#13053=IFCARBITRARYCLOSEDPROFILEDEF(.AREA.,$,#13051);
#13054=IFCCARTESIANPOINT((0.30000001192092896,0.10250000178813934,0.02500000037252903));
#13055=IFCDIRECTION((0.,-1.,0.));
#13056=IFCDIRECTION((1.,0.,0.));
#13057=IFCAXIS2PLACEMENT3D(#13054,#13055,#13056);
#13058=IFCDIRECTION((0.,0.,-1.));
#13059=IFCEXTRUDEDAREASOLID(#13053,#13057,#13058,0.01);
#13060=IFCSHAPEREPRESENTATION(#11,'Body','SweptSolid',(#12988,#12999,#13010,#13019,#13028,#13039,#13050,#13059));
#13061=IFCSHAPEREPRESENTATION(#11,'Body','SweptSolid',(#12988,#12999,#13028,#13039));
#13062=IFCSHAPEASPECT((#13061),'Lining',$,.T.,#12878);
#13063=IFCSHAPEREPRESENTATION(#11,'Body','SweptSolid',(#13010,#13050));
#13064=IFCSHAPEASPECT((#13063),'Framing',$,.T.,#12878);
#13065=IFCSHAPEREPRESENTATION(#11,'Body','SweptSolid',(#13019,#13059));
#13066=IFCSHAPEASPECT((#13065),'Glazing',$,.T.,#12878);
#13067=IFCCARTESIANPOINTLIST2D(((0.05000000074505806,0.05000000074505806),(0.27500001154839993,0.05000000074505806)));
#13068=IFCINDEXEDPOLYCURVE(#13067,$,$);
#13069=IFCCARTESIANPOINTLIST2D(((0.,0.10000000149011612),(0.02500000037252903,0.10000000149011612),(0.02500000037252903,0.090000001713633537),(0.05000000074505806,0.090000001713633537),(0.05000000074505806,0.05000000074505806),(0.,0.05000000074505806)));
#13070=IFCINDEXEDPOLYCURVE(#13069,(IFCLINEINDEX((1,2,3,4,5,6,1))),$);
#13071=IFCCARTESIANPOINTLIST2D(((0.30000001192092896,0.10000000149011612),(0.30000001192092896,0.10000000149011612),(0.30000001192092896,0.090000001713633537),(0.27500001154839993,0.090000001713633537),(0.27500001154839993,0.05000000074505806),(0.30000001192092896,0.05000000074505806)));
#13072=IFCINDEXEDPOLYCURVE(#13071,$,$);
#13073=IFCCARTESIANPOINTLIST2D(((0.02500000037252903,0.090000001713633537),(0.060000000521540642,0.090000001713633537),(0.060000000521540642,0.12500000186264515),(0.02500000037252903,0.12500000186264515)));
#13074=IFCINDEXEDPOLYCURVE(#13073,(IFCLINEINDEX((1,2,3,4,1))),$);
#13075=IFCINDEXEDPOLYCURVE(#13076,(IFCLINEINDEX((1,2,3,4,1))),$);
#13076=IFCCARTESIANPOINTLIST2D(((0.30000001192092896,0.090000001713633537),(0.26500001177191734,0.090000001713633537),(0.26500001177191734,0.12500000186264515),(0.30000001192092896,0.12500000186264515)));
#13077=IFCCARTESIANPOINTLIST2D(((0.060000000521540642,0.090000001713633537),(0.26500001177191734,0.090000001713633537)));
#13078=IFCINDEXEDPOLYCURVE(#13077,$,$);
#13079=IFCINDEXEDPOLYCURVE(#13080,$,$);
#13080=IFCCARTESIANPOINTLIST2D(((0.060000000521540642,0.12500000186264515),(0.26500001177191734,0.12500000186264515)));
#13081=IFCINDEXEDPOLYCURVE(#13082,$,$);
#13082=IFCCARTESIANPOINTLIST2D(((0.060000000521540642,0.10750000178813934),(0.26500001177191734,0.10750000178813934)));
#13083=IFCCARTESIANPOINTLIST2D(((0.32500001229345798,0.05000000074505806),(1.1518264524638653,0.05000000074505806)));
#13084=IFCINDEXEDPOLYCURVE(#13083,$,$);
#13085=IFCCARTESIANPOINTLIST2D(((0.30000001192092896,0.10000000149011612),(0.30000001192092896,0.10000000149011612),(0.30000001192092896,0.090000001713633537),(0.32500001229345798,0.090000001713633537),(0.32500001229345798,0.05000000074505806),(0.30000001192092896,0.05000000074505806)));
#13086=IFCINDEXEDPOLYCURVE(#13085,$,$);
#13087=IFCCARTESIANPOINTLIST2D(((1.2018264532089233,0.10000000149011612),(1.1768264528363943,0.10000000149011612),(1.1768264528363943,0.090000001713633537),(1.1518264524638653,0.090000001713633537),(1.1518264524638653,0.05000000074505806),(1.2018264532089233,0.05000000074505806)));
#13088=IFCINDEXEDPOLYCURVE(#13087,(IFCLINEINDEX((1,2,3,4,5,6,1))),$);
#13089=IFCCARTESIANPOINTLIST2D(((0.30000001192092896,0.090000001713633537),(0.33500001206994057,0.090000001713633537),(0.33500001206994057,0.12500000186264515),(0.30000001192092896,0.12500000186264515)));
#13090=IFCINDEXEDPOLYCURVE(#13089,(IFCLINEINDEX((1,2,3,4,1))),$);
#13091=IFCINDEXEDPOLYCURVE(#13092,(IFCLINEINDEX((1,2,3,4,1))),$);
#13092=IFCCARTESIANPOINTLIST2D(((1.1768264528363943,0.090000001713633537),(1.1418264526873827,0.090000001713633537),(1.1418264526873827,0.12500000186264515),(1.1768264528363943,0.12500000186264515)));
#13093=IFCCARTESIANPOINTLIST2D(((0.33500001206994057,0.090000001713633537),(1.1418264526873827,0.090000001713633537)));
#13094=IFCINDEXEDPOLYCURVE(#13093,$,$);
#13095=IFCINDEXEDPOLYCURVE(#13096,$,$);
#13096=IFCCARTESIANPOINTLIST2D(((0.33500001206994057,0.12500000186264515),(1.1418264526873827,0.12500000186264515)));
#13097=IFCINDEXEDPOLYCURVE(#13098,$,$);
#13098=IFCCARTESIANPOINTLIST2D(((0.33500001206994057,0.10750000178813934),(1.1418264526873827,0.10750000178813934)));
#13099=IFCSHAPEREPRESENTATION(#24,'Body','Curve2D',(#13068,#13070,#13072,#13074,#13075,#13078,#13079,#13081,#13084,#13086,#13088,#13090,#13091,#13094,#13095,#13097));
#13100=IFCCARTESIANPOINTLIST2D(((0.,0.),(1.2018264532089233,0.),(1.2018264532089233,0.89999997615814209),(0.,0.89999997615814209)));
#13101=IFCINDEXEDPOLYCURVE(#13100,(IFCLINEINDEX((1,2,3,4,1))),$);
#13102=IFCARBITRARYCLOSEDPROFILEDEF(.AREA.,$,#13101);
#13103=IFCCARTESIANPOINT((0.,-0.60000002384185791,0.));
#13104=IFCDIRECTION((0.,-1.,0.));
#13105=IFCDIRECTION((1.,0.,0.));
#13106=IFCAXIS2PLACEMENT3D(#13103,#13104,#13105);
#13107=IFCDIRECTION((0.,0.,-1.));
#13108=IFCEXTRUDEDAREASOLID(#13102,#13106,#13107,1.2);
#13109=IFCSHAPEREPRESENTATION(#11,'Body','SweptSolid',(#13108));
#13115=IFCCARTESIANPOINT((0.29788079619524344,2.384185791015625E-07,1.));
#13116=IFCDIRECTION((0.,0.,1.));
#13117=IFCDIRECTION((0.99999999999997158,-2.3841857910155572E-07,0.));
#13118=IFCAXIS2PLACEMENT3D(#13115,#13116,#13117);
#13119=IFCLOCALPLACEMENT(#15649,#13118);
#13120=IFCCARTESIANPOINT((0.,0.,0.));
#13121=IFCDIRECTION((0.,0.,1.));
#13122=IFCDIRECTION((1.,0.,0.));
#13123=IFCAXIS2PLACEMENT3D(#13120,#13121,#13122);
#13124=IFCLOCALPLACEMENT(#13119,#13123);
#13125=IFCWINDOWTYPE('2UFupEGKX6Rwf3PdXLJSy_',$,'BR1-2-2F',$,$,(#13126),(#13128,#13136,#13222),$,$,.WINDOW.,.SINGLE_PANEL.,$,$);
#13126=IFCPROPERTYSET('0$QLGMWgD0R8hUp9cSh37i',$,'BBIM_Window',$,(#13127));
#13127=IFCPROPERTYSINGLEVALUE('Data',$,IFCTEXT('{"window_type": "DOUBLE_PANEL_VERTICAL", "overall_height": 0.8999999761581421, "overall_width": 1.2018264532089233, "lining_properties": {"lining_depth": 0.05000000074505806, "lining_thickness": 0.05000000074505806, "lining_offset": 0.05000000074505806, "lining_to_panel_offset_x": 0.02500000037252903, "lining_to_panel_offset_y": 0.02500000037252903, "mullion_thickness": 0.05000000074505806, "first_mullion_offset": 0.30000001192092896}, "panel_properties": {"frame_depth": [0.03500000014901161, 0.03500000014901161, 0.03500000014901161], "frame_thickness": [0.03500000014901161, 0.03500000014901161, 0.03500000014901161]}}'),$);
#13128=IFCREPRESENTATIONMAP(#13129,#13342);
#13129=IFCAXIS2PLACEMENT3D(#13130,#13131,#13132);
#13130=IFCCARTESIANPOINT((0.,0.,0.));
#13131=IFCDIRECTION((0.,0.,1.));
#13132=IFCDIRECTION((1.,0.,0.));
#13136=IFCREPRESENTATIONMAP(#13137,#13423);
#13137=IFCAXIS2PLACEMENT3D(#13138,#13139,#13140);
#13138=IFCCARTESIANPOINT((0.,0.,0.));
#13139=IFCDIRECTION((0.,0.,1.));
#13140=IFCDIRECTION((1.,0.,0.));
#13222=IFCREPRESENTATIONMAP(#13223,#13462);
#13223=IFCAXIS2PLACEMENT3D(#13224,#13225,#13226);
#13224=IFCCARTESIANPOINT((0.,0.,0.));
#13225=IFCDIRECTION((0.,0.,1.));
#13226=IFCDIRECTION((1.,0.,0.));
#13260=IFCWINDOW('1uEX4ipjfClBRWTJOPO$RV',$,'Window',$,$,#13487,#13269,$,0.89999997615814209,1.2018264532089233,$,.DOUBLE_PANEL_VERTICAL.,$);
#13261=IFCRELDEFINESBYTYPE('0Kgdm0nJL9V8vpbsiDar27',$,$,$,(#13260),#13125);
#13262=IFCCARTESIANPOINT((0.,0.,0.));
#13263=IFCDIRECTION((1.,0.,0.));
#13264=IFCDIRECTION((0.,1.,0.));
#13265=IFCDIRECTION((0.,0.,1.));
#13266=IFCCARTESIANTRANSFORMATIONOPERATOR3D(#13263,#13264,#13262,1.,#13265);
#13267=IFCMAPPEDITEM(#13128,#13266);
#13268=IFCSHAPEREPRESENTATION(#18,'Profile','MappedRepresentation',(#13267));
#13269=IFCPRODUCTDEFINITIONSHAPE($,$,(#13268,#13276,#13283));
#13270=IFCCARTESIANPOINT((0.,0.,0.));
#13271=IFCDIRECTION((1.,0.,0.));
#13272=IFCDIRECTION((0.,1.,0.));
#13273=IFCDIRECTION((0.,0.,1.));
#13274=IFCCARTESIANTRANSFORMATIONOPERATOR3D(#13271,#13272,#13270,1.,#13273);
#13275=IFCMAPPEDITEM(#13136,#13274);
#13276=IFCSHAPEREPRESENTATION(#11,'Body','MappedRepresentation',(#13275));
#13277=IFCCARTESIANPOINT((0.,0.,0.));
#13278=IFCDIRECTION((1.,0.,0.));
#13279=IFCDIRECTION((0.,1.,0.));
#13280=IFCDIRECTION((0.,0.,1.));
#13281=IFCCARTESIANTRANSFORMATIONOPERATOR3D(#13278,#13279,#13277,1.,#13280);
#13282=IFCMAPPEDITEM(#13222,#13281);
#13283=IFCSHAPEREPRESENTATION(#24,'Body','MappedRepresentation',(#13282));
#13284=IFCOPENINGELEMENT('3rO_eE$0z9lOGFxDMArL0I',$,'Opening',$,$,#13482,#13312,$,.OPENING.);
#13300=IFCCARTESIANPOINT((0.,0.,0.));
#13301=IFCDIRECTION((1.,0.,0.));
#13302=IFCDIRECTION((0.,0.,1.));
#13303=IFCAXIS2PLACEMENT3D(#13300,#13302,#13301);
#13304=IFCREPRESENTATIONMAP(#13303,#13472);
#13305=IFCCARTESIANPOINT((0.,0.,0.));
#13306=IFCDIRECTION((1.,0.,0.));
#13307=IFCDIRECTION((0.,1.,0.));
#13308=IFCDIRECTION((0.,0.,1.));
#13309=IFCCARTESIANTRANSFORMATIONOPERATOR3D(#13306,#13307,#13305,1.,#13308);
#13310=IFCMAPPEDITEM(#13304,#13309);
#13311=IFCSHAPEREPRESENTATION(#11,'Body','MappedRepresentation',(#13310));
#13312=IFCPRODUCTDEFINITIONSHAPE($,$,(#13311));
#13313=IFCRELVOIDSELEMENT('2uRse1EEf29PQUpuyCuDIX',$,$,$,#7976,#13284);
#13319=IFCRELFILLSELEMENT('0gsz$QNfX6cvdLfdZJKb1m',$,$,$,#13284,#13260);
#13340=IFCCARTESIANPOINTLIST3D(((0.,0.,0.),(1.2018264532089233,0.,0.),(1.2018264532089233,0.,0.89999997615814209),(0.,0.,0.89999997615814209)));
#13341=IFCINDEXEDPOLYCURVE(#13340,(IFCLINEINDEX((1,2,3,4,1))),$);
#13342=IFCSHAPEREPRESENTATION(#18,'Profile','Curve3D',(#13341));
#13343=IFCCARTESIANPOINTLIST2D(((0.30000001192092896,0.),(0.,0.),(0.,0.89999997615814209),(0.30000001192092896,0.89999997615814209),(0.30000001192092896,0.87499997578561306),(0.02500000037252903,0.87499997578561306),(0.02500000037252903,0.02500000037252903),(0.30000001192092896,0.02500000037252903)));
#13344=IFCINDEXEDPOLYCURVE(#13343,(IFCLINEINDEX((1,2,3,4,5,6,7,8,1))),$);
#13345=IFCARBITRARYCLOSEDPROFILEDEF(.AREA.,$,#13344);
#13346=IFCCARTESIANPOINT((0.,0.090000001713633537,0.));
#13347=IFCDIRECTION((0.,-1.,0.));
#13348=IFCDIRECTION((1.,0.,0.));
#13349=IFCAXIS2PLACEMENT3D(#13346,#13347,#13348);
#13350=IFCDIRECTION((0.,0.,-1.));
#13351=IFCEXTRUDEDAREASOLID(#13345,#13349,#13350,0.0099999997764825821);
#13352=IFCCARTESIANPOINTLIST2D(((0.,0.),(0.30000001192092896,0.),(0.30000001192092896,0.89999997615814209),(0.,0.89999997615814209)));
#13353=IFCINDEXEDPOLYCURVE(#13352,(IFCLINEINDEX((1,2,3,4,1))),$);
#13354=IFCCARTESIANPOINTLIST2D(((0.05000000074505806,0.05000000074505806),(0.27500001154839993,0.05000000074505806),(0.27500001154839993,0.84999997541308403),(0.05000000074505806,0.84999997541308403)));
#13355=IFCINDEXEDPOLYCURVE(#13354,(IFCLINEINDEX((1,2,3,4,1))),$);
#13356=IFCARBITRARYPROFILEDEFWITHVOIDS(.AREA.,$,#13353,(#13355));
#13357=IFCCARTESIANPOINT((0.,0.05000000074505806,0.));
#13358=IFCDIRECTION((0.,-1.,0.));
#13359=IFCDIRECTION((1.,0.,0.));
#13360=IFCAXIS2PLACEMENT3D(#13357,#13358,#13359);
#13361=IFCDIRECTION((0.,0.,-1.));
#13362=IFCEXTRUDEDAREASOLID(#13356,#13360,#13361,0.040000000968575478);
#13363=IFCCARTESIANPOINTLIST2D(((0.,0.),(0.27500001154839993,0.),(0.27500001154839993,0.84999997541308403),(0.,0.84999997541308403)));
#13364=IFCINDEXEDPOLYCURVE(#13363,(IFCLINEINDEX((1,2,3,4,1))),$);
#13365=IFCCARTESIANPOINTLIST2D(((0.035000000149011612,0.035000000149011612),(0.24000001139938831,0.035000000149011612),(0.24000001139938831,0.81499997526407242),(0.035000000149011612,0.81499997526407242)));
#13366=IFCINDEXEDPOLYCURVE(#13365,(IFCLINEINDEX((1,2,3,4,1))),$);
#13367=IFCARBITRARYPROFILEDEFWITHVOIDS(.AREA.,$,#13364,(#13366));
#13368=IFCCARTESIANPOINT((0.02500000037252903,0.090000001713633537,0.02500000037252903));
#13369=IFCDIRECTION((0.,-1.,0.));
#13370=IFCDIRECTION((1.,0.,0.));
#13371=IFCAXIS2PLACEMENT3D(#13368,#13369,#13370);
#13372=IFCDIRECTION((0.,0.,-1.));
#13373=IFCEXTRUDEDAREASOLID(#13367,#13371,#13372,0.035000000149011612);
#13374=IFCINDEXEDPOLYCURVE(#13375,(IFCLINEINDEX((1,2,3,4,1))),$);
#13375=IFCCARTESIANPOINTLIST2D(((0.035000000149011612,0.035000000149011612),(0.24000001139938831,0.035000000149011612),(0.24000001139938831,0.81499997526407242),(0.035000000149011612,0.81499997526407242)));
#13376=IFCARBITRARYCLOSEDPROFILEDEF(.AREA.,$,#13374);
#13377=IFCCARTESIANPOINT((0.02500000037252903,0.10250000178813934,0.02500000037252903));
#13378=IFCDIRECTION((0.,-1.,0.));
#13379=IFCDIRECTION((1.,0.,0.));
#13380=IFCAXIS2PLACEMENT3D(#13377,#13378,#13379);
#13381=IFCDIRECTION((0.,0.,-1.));
#13382=IFCEXTRUDEDAREASOLID(#13376,#13380,#13381,0.01);
#13383=IFCCARTESIANPOINTLIST2D(((0.,0.89999997615814209),(0.90182644128799438,0.89999997615814209),(0.90182644128799438,0.),(0.,0.),(0.,0.02500000037252903),(0.87682644091546535,0.02500000037252903),(0.87682644091546535,0.87499997578561306),(0.,0.87499997578561306)));
#13384=IFCINDEXEDPOLYCURVE(#13383,(IFCLINEINDEX((1,2,3,4,5,6,7,8,1))),$);
#13385=IFCARBITRARYCLOSEDPROFILEDEF(.AREA.,$,#13384);
#13386=IFCCARTESIANPOINT((0.30000001192092896,0.090000001713633537,0.));
#13387=IFCDIRECTION((0.,-1.,0.));
#13388=IFCDIRECTION((1.,0.,0.));
#13389=IFCAXIS2PLACEMENT3D(#13386,#13387,#13388);
#13390=IFCDIRECTION((0.,0.,-1.));
#13391=IFCEXTRUDEDAREASOLID(#13385,#13389,#13390,0.0099999997764825821);
#13392=IFCCARTESIANPOINTLIST2D(((0.,0.),(0.90182644128799438,0.),(0.90182644128799438,0.89999997615814209),(0.,0.89999997615814209)));
#13393=IFCINDEXEDPOLYCURVE(#13392,(IFCLINEINDEX((1,2,3,4,1))),$);
#13394=IFCCARTESIANPOINTLIST2D(((0.02500000037252903,0.05000000074505806),(0.85182644054293633,0.05000000074505806),(0.85182644054293633,0.84999997541308403),(0.02500000037252903,0.84999997541308403)));
#13395=IFCINDEXEDPOLYCURVE(#13394,(IFCLINEINDEX((1,2,3,4,1))),$);
#13396=IFCARBITRARYPROFILEDEFWITHVOIDS(.AREA.,$,#13393,(#13395));
#13397=IFCCARTESIANPOINT((0.30000001192092896,0.05000000074505806,0.));
#13398=IFCDIRECTION((0.,-1.,0.));
#13399=IFCDIRECTION((1.,0.,0.));
#13400=IFCAXIS2PLACEMENT3D(#13397,#13398,#13399);
#13401=IFCDIRECTION((0.,0.,-1.));
#13402=IFCEXTRUDEDAREASOLID(#13396,#13400,#13401,0.040000000968575478);
#13403=IFCCARTESIANPOINTLIST2D(((0.,0.),(0.87682644091546535,0.),(0.87682644091546535,0.84999997541308403),(0.,0.84999997541308403)));
#13404=IFCINDEXEDPOLYCURVE(#13403,(IFCLINEINDEX((1,2,3,4,1))),$);
#13405=IFCCARTESIANPOINTLIST2D(((0.035000000149011612,0.035000000149011612),(0.84182644076645374,0.035000000149011612),(0.84182644076645374,0.81499997526407242),(0.035000000149011612,0.81499997526407242)));
#13406=IFCINDEXEDPOLYCURVE(#13405,(IFCLINEINDEX((1,2,3,4,1))),$);
#13407=IFCARBITRARYPROFILEDEFWITHVOIDS(.AREA.,$,#13404,(#13406));
#13408=IFCCARTESIANPOINT((0.30000001192092896,0.090000001713633537,0.02500000037252903));
#13409=IFCDIRECTION((0.,-1.,0.));
#13410=IFCDIRECTION((1.,0.,0.));
#13411=IFCAXIS2PLACEMENT3D(#13408,#13409,#13410);
#13412=IFCDIRECTION((0.,0.,-1.));
#13413=IFCEXTRUDEDAREASOLID(#13407,#13411,#13412,0.035000000149011612);
#13414=IFCINDEXEDPOLYCURVE(#13415,(IFCLINEINDEX((1,2,3,4,1))),$);
#13415=IFCCARTESIANPOINTLIST2D(((0.035000000149011612,0.035000000149011612),(0.84182644076645374,0.035000000149011612),(0.84182644076645374,0.81499997526407242),(0.035000000149011612,0.81499997526407242)));
#13416=IFCARBITRARYCLOSEDPROFILEDEF(.AREA.,$,#13414);
#13417=IFCCARTESIANPOINT((0.30000001192092896,0.10250000178813934,0.02500000037252903));
#13418=IFCDIRECTION((0.,-1.,0.));
#13419=IFCDIRECTION((1.,0.,0.));
#13420=IFCAXIS2PLACEMENT3D(#13417,#13418,#13419);
#13421=IFCDIRECTION((0.,0.,-1.));
#13422=IFCEXTRUDEDAREASOLID(#13416,#13420,#13421,0.01);
#13423=IFCSHAPEREPRESENTATION(#11,'Body','SweptSolid',(#13351,#13362,#13373,#13382,#13391,#13402,#13413,#13422));
#13424=IFCSHAPEREPRESENTATION(#11,'Body','SweptSolid',(#13351,#13362,#13391,#13402));
#13425=IFCSHAPEASPECT((#13424),'Lining',$,.T.,#13269);
#13426=IFCSHAPEREPRESENTATION(#11,'Body','SweptSolid',(#13373,#13413));
#13427=IFCSHAPEASPECT((#13426),'Framing',$,.T.,#13269);
#13428=IFCSHAPEREPRESENTATION(#11,'Body','SweptSolid',(#13382,#13422));
#13429=IFCSHAPEASPECT((#13428),'Glazing',$,.T.,#13269);
#13430=IFCCARTESIANPOINTLIST2D(((0.05000000074505806,0.05000000074505806),(0.27500001154839993,0.05000000074505806)));
#13431=IFCINDEXEDPOLYCURVE(#13430,$,$);
#13432=IFCCARTESIANPOINTLIST2D(((0.,0.10000000149011612),(0.02500000037252903,0.10000000149011612),(0.02500000037252903,0.090000001713633537),(0.05000000074505806,0.090000001713633537),(0.05000000074505806,0.05000000074505806),(0.,0.05000000074505806)));
#13433=IFCINDEXEDPOLYCURVE(#13432,(IFCLINEINDEX((1,2,3,4,5,6,1))),$);
#13434=IFCCARTESIANPOINTLIST2D(((0.30000001192092896,0.10000000149011612),(0.30000001192092896,0.10000000149011612),(0.30000001192092896,0.090000001713633537),(0.27500001154839993,0.090000001713633537),(0.27500001154839993,0.05000000074505806),(0.30000001192092896,0.05000000074505806)));
#13435=IFCINDEXEDPOLYCURVE(#13434,$,$);
#13436=IFCCARTESIANPOINTLIST2D(((0.02500000037252903,0.090000001713633537),(0.060000000521540642,0.090000001713633537),(0.060000000521540642,0.12500000186264515),(0.02500000037252903,0.12500000186264515)));
#13437=IFCINDEXEDPOLYCURVE(#13436,(IFCLINEINDEX((1,2,3,4,1))),$);
#13438=IFCINDEXEDPOLYCURVE(#13439,(IFCLINEINDEX((1,2,3,4,1))),$);
#13439=IFCCARTESIANPOINTLIST2D(((0.30000001192092896,0.090000001713633537),(0.26500001177191734,0.090000001713633537),(0.26500001177191734,0.12500000186264515),(0.30000001192092896,0.12500000186264515)));
#13440=IFCCARTESIANPOINTLIST2D(((0.060000000521540642,0.090000001713633537),(0.26500001177191734,0.090000001713633537)));
#13441=IFCINDEXEDPOLYCURVE(#13440,$,$);
#13442=IFCINDEXEDPOLYCURVE(#13443,$,$);
#13443=IFCCARTESIANPOINTLIST2D(((0.060000000521540642,0.12500000186264515),(0.26500001177191734,0.12500000186264515)));
#13444=IFCINDEXEDPOLYCURVE(#13445,$,$);
#13445=IFCCARTESIANPOINTLIST2D(((0.060000000521540642,0.10750000178813934),(0.26500001177191734,0.10750000178813934)));
#13446=IFCCARTESIANPOINTLIST2D(((0.32500001229345798,0.05000000074505806),(1.1518264524638653,0.05000000074505806)));
#13447=IFCINDEXEDPOLYCURVE(#13446,$,$);
#13448=IFCCARTESIANPOINTLIST2D(((0.30000001192092896,0.10000000149011612),(0.30000001192092896,0.10000000149011612),(0.30000001192092896,0.090000001713633537),(0.32500001229345798,0.090000001713633537),(0.32500001229345798,0.05000000074505806),(0.30000001192092896,0.05000000074505806)));
#13449=IFCINDEXEDPOLYCURVE(#13448,$,$);
#13450=IFCCARTESIANPOINTLIST2D(((1.2018264532089233,0.10000000149011612),(1.1768264528363943,0.10000000149011612),(1.1768264528363943,0.090000001713633537),(1.1518264524638653,0.090000001713633537),(1.1518264524638653,0.05000000074505806),(1.2018264532089233,0.05000000074505806)));
#13451=IFCINDEXEDPOLYCURVE(#13450,(IFCLINEINDEX((1,2,3,4,5,6,1))),$);
#13452=IFCCARTESIANPOINTLIST2D(((0.30000001192092896,0.090000001713633537),(0.33500001206994057,0.090000001713633537),(0.33500001206994057,0.12500000186264515),(0.30000001192092896,0.12500000186264515)));
#13453=IFCINDEXEDPOLYCURVE(#13452,(IFCLINEINDEX((1,2,3,4,1))),$);
#13454=IFCINDEXEDPOLYCURVE(#13455,(IFCLINEINDEX((1,2,3,4,1))),$);
#13455=IFCCARTESIANPOINTLIST2D(((1.1768264528363943,0.090000001713633537),(1.1418264526873827,0.090000001713633537),(1.1418264526873827,0.12500000186264515),(1.1768264528363943,0.12500000186264515)));
#13456=IFCCARTESIANPOINTLIST2D(((0.33500001206994057,0.090000001713633537),(1.1418264526873827,0.090000001713633537)));
#13457=IFCINDEXEDPOLYCURVE(#13456,$,$);
#13458=IFCINDEXEDPOLYCURVE(#13459,$,$);
#13459=IFCCARTESIANPOINTLIST2D(((0.33500001206994057,0.12500000186264515),(1.1418264526873827,0.12500000186264515)));
#13460=IFCINDEXEDPOLYCURVE(#13461,$,$);
#13461=IFCCARTESIANPOINTLIST2D(((0.33500001206994057,0.10750000178813934),(1.1418264526873827,0.10750000178813934)));
#13462=IFCSHAPEREPRESENTATION(#24,'Body','Curve2D',(#13431,#13433,#13435,#13437,#13438,#13441,#13442,#13444,#13447,#13449,#13451,#13453,#13454,#13457,#13458,#13460));
#13463=IFCCARTESIANPOINTLIST2D(((0.,0.),(1.2018264532089233,0.),(1.2018264532089233,0.89999997615814209),(0.,0.89999997615814209)));
#13464=IFCINDEXEDPOLYCURVE(#13463,(IFCLINEINDEX((1,2,3,4,1))),$);
#13465=IFCARBITRARYCLOSEDPROFILEDEF(.AREA.,$,#13464);
#13466=IFCCARTESIANPOINT((0.,-0.60000002384185791,0.));
#13467=IFCDIRECTION((0.,-1.,0.));
#13468=IFCDIRECTION((1.,0.,0.));
#13469=IFCAXIS2PLACEMENT3D(#13466,#13467,#13468);
#13470=IFCDIRECTION((0.,0.,-1.));
#13471=IFCEXTRUDEDAREASOLID(#13465,#13469,#13470,1.2);
#13472=IFCSHAPEREPRESENTATION(#11,'Body','SweptSolid',(#13471));
#13478=IFCCARTESIANPOINT((0.51196368062386988,-2.9623651265353601E-07,1.));
#13479=IFCDIRECTION((0.,0.,1.));
#13480=IFCDIRECTION((0.99999999999997158,-2.3841857910149749E-07,0.));
#13481=IFCAXIS2PLACEMENT3D(#13478,#13479,#13480);
#13482=IFCLOCALPLACEMENT(#15664,#13481);
#13483=IFCCARTESIANPOINT((0.,0.,0.));
#13484=IFCDIRECTION((0.,0.,1.));
#13485=IFCDIRECTION((1.,0.,0.));
#13486=IFCAXIS2PLACEMENT3D(#13483,#13484,#13485);
#13487=IFCLOCALPLACEMENT(#13482,#13486);
#13488=IFCCARTESIANPOINT((0.,0.,0.));
#13489=IFCDIRECTION((0.,0.,1.));
#13490=IFCDIRECTION((1.,0.,0.));
#13491=IFCAXIS2PLACEMENT3D(#13488,#13489,#13490);
#13492=IFCLOCALPLACEMENT(#12473,#13491);
#13493=IFCBUILDINGSTOREY('3e30rOKiXEqv$cGlNYeuy$',$,'Ceiling',$,$,#16510,$,$,$,$);
#13537=IFCSLAB('2R_aPTaqbDOwyJMcY9Pr9D',$,'Slab',$,$,#16515,#13552,$,$);
#13538=IFCRELCONTAINEDINSPATIALSTRUCTURE('1zeTv_gsTE6uqy4YJ_Ma61',$,$,$,(#13537,#13560),#13493);
#13539=IFCMATERIALLAYERSETUSAGE(#2011,.AXIS3.,.POSITIVE.,-0.10000000149011612,$);
#13540=IFCRELASSOCIATESMATERIAL('3OQdg_cf15pBiupRrII4pB',$,$,$,(#13537),#13539);
#13546=IFCCARTESIANPOINTLIST2D(((0.,0.),(-3.9640016555786133,9.5367431640625E-07),(-3.9640016555786133,-0.98999977111816406),(-7.5121898651123047,-0.98999834060668945),(-7.5121898651123047,-8.1399993896484375),(-3.9805328845977783,-8.1403913497924805),(-3.9639999866485596,-8.7380781173706055),(-2.3900017738342285,-8.7380771636962891),(-2.3900017738342285,-9.6380777359008789),(-1.9073486328125E-06,-9.6380777359008789),(0.,0.)));
#13547=IFCINDEXEDPOLYCURVE(#13546,$,$);
#13548=IFCDIRECTION((0.,0.,1.));
#13549=IFCARBITRARYCLOSEDPROFILEDEF(.AREA.,$,#13547);
#13550=IFCEXTRUDEDAREASOLID(#13549,#13559,#13548,0.10000000000000001);
#13551=IFCSHAPEREPRESENTATION(#11,'Body','SweptSolid',(#13550));
#13552=IFCPRODUCTDEFINITIONSHAPE($,$,(#13551));
#13553=IFCPROPERTYSET('0wjkXyAZnEsxxtgH6F6Rf4',$,'EPset_Parametric',$,(#13555));
#13554=IFCRELDEFINESBYPROPERTIES('2ezN0yvO14$8p1u3t4rFDp',$,$,$,(#13537),#13553);
#13555=IFCPROPERTYSINGLEVALUE('Engine',$,IFCLABEL('Bonsai.DumbLayer3'),$);
#13556=IFCCARTESIANPOINT((-0.,-0.,-0.10000000149011612));
#13557=IFCDIRECTION((0.,0.,1.));
#13558=IFCDIRECTION((1.,0.,0.));
#13559=IFCAXIS2PLACEMENT3D(#13556,#13557,#13558);
#13560=IFCROOF('2qqeZK7W91sByex5akNyNK',$,'Roof',$,$,#16520,#13569,$,$);
#13561=IFCRELDEFINESBYTYPE('2mJ0q1SRD2r8mKnh9cM_PS',$,$,$,(#13560),#7788);
#13562=IFCCARTESIANPOINT((0.,0.,0.));
#13563=IFCDIRECTION((1.,0.,0.));
#13564=IFCDIRECTION((0.,1.,0.));
#13565=IFCDIRECTION((0.,0.,1.));
#13566=IFCCARTESIANTRANSFORMATIONOPERATOR3D(#13563,#13564,#13562,1.,#13565);
#13567=IFCMAPPEDITEM(#7818,#13566);
#13568=IFCSHAPEREPRESENTATION(#11,'Body','MappedRepresentation',(#13567));
#13569=IFCPRODUCTDEFINITIONSHAPE($,$,(#13568,#13576));
#13570=IFCCARTESIANPOINT((0.,0.,0.));
#13571=IFCDIRECTION((1.,0.,0.));
#13572=IFCDIRECTION((0.,1.,0.));
#13573=IFCDIRECTION((0.,0.,1.));
#13574=IFCCARTESIANTRANSFORMATIONOPERATOR3D(#13571,#13572,#13570,1.,#13573);
#13575=IFCMAPPEDITEM(#7846,#13574);
#13576=IFCSHAPEREPRESENTATION(#13,'Box','MappedRepresentation',(#13575));
#13601=IFCCARTESIANPOINT((0.28171300888062506,6.5200003272790799,0.));
#13602=IFCDIRECTION((0.,0.,1.));
#13603=IFCDIRECTION((7.5497901264043123E-08,-0.99999999999999722,0.));
#13604=IFCAXIS2PLACEMENT3D(#13601,#13602,#13603);
#13605=IFCLOCALPLACEMENT(#15624,#13604);
#13606=IFCCARTESIANPOINT((3.7577799510059995,0.085000231279621641,0.));
#13607=IFCDIRECTION((0.,0.,1.));
#13608=IFCDIRECTION((-0.99999999999999611,-8.7422783678901746E-08,0.));
#13609=IFCAXIS2PLACEMENT3D(#13606,#13607,#13608);
#13610=IFCLOCALPLACEMENT(#13605,#13609);
#13611=IFCCARTESIANPOINT((4.98351156339033,0.10000060127150079,0.));
#13612=IFCDIRECTION((0.,0.,1.));
#13613=IFCDIRECTION((-0.99999999999999611,-8.7422783678901746E-08,0.));
#13614=IFCAXIS2PLACEMENT3D(#13611,#13612,#13613);
#13615=IFCLOCALPLACEMENT(#13605,#13614);
#13629=IFCWALL('1Z5LszkoT2Pv4eM00fapMn',$,'Wall',$,$,#15699,#13635,$,$);
#13630=IFCMATERIALLAYERSETUSAGE(#7878,.AXIS2.,.POSITIVE.,0.,$);
#13631=IFCRELASSOCIATESMATERIAL('3t0Ib0zhX98BVS_x10TATV',$,$,$,(#13629),#13630);
#13635=IFCPRODUCTDEFINITIONSHAPE($,$,(#13822,#13819));
#13651=IFCPROPERTYSET('0AV11JNiv3RR_UYsg22_7f',$,'EPset_Parametric',$,(#13653));
#13652=IFCRELDEFINESBYPROPERTIES('1DEHmezcP4WOXs88aBmucg',$,$,$,(#13629),#13651);
#13653=IFCPROPERTYSINGLEVALUE('Engine',$,IFCLABEL('Bonsai.DumbLayer2'),$);
#13667=IFCWALL('0XiC0uMB19yP_w$s_ENWx$',$,'Wall',$,$,#15689,#13673,$,$);
#13668=IFCMATERIALLAYERSETUSAGE(#7878,.AXIS2.,.POSITIVE.,0.,$);
#13669=IFCRELASSOCIATESMATERIAL('3D_WMLVK98iewxlQpy5Uqx',$,$,$,(#13667),#13668);
#13673=IFCPRODUCTDEFINITIONSHAPE($,$,(#13745,#13742));
#13689=IFCPROPERTYSET('1p1fepZvHB78M$7lDPIOKF',$,'EPset_Parametric',$,(#13691));
#13690=IFCRELDEFINESBYPROPERTIES('3qrIghtcz3BxazBiHRxA5$',$,$,$,(#13667),#13689);
#13691=IFCPROPERTYSINGLEVALUE('Engine',$,IFCLABEL('Bonsai.DumbLayer2'),$);
#13705=IFCRELCONNECTSPATHELEMENTS('2xD3iB_ObBd9yEnoQXYPns',$,$,$,$,#8026,#13667,(),(),.ATSTART.,.ATEND.);
#13706=IFCCARTESIANPOINTLIST2D(((0.,0.),(0.099999992450210171,0.10000000000000001),(3.6481883774296375,0.10000000000000001),(3.5481883849794276,0.)));
#13707=IFCINDEXEDPOLYCURVE(#13706,(IFCLINEINDEX((1,2,3,4,1))),$);
#13708=IFCARBITRARYCLOSEDPROFILEDEF(.AREA.,$,#13707);
#13709=IFCCARTESIANPOINT((0.,0.,0.));
#13710=IFCDIRECTION((0.,0.,1.));
#13711=IFCDIRECTION((1.,0.,0.));
#13712=IFCAXIS2PLACEMENT3D(#13709,#13710,#13711);
#13713=IFCDIRECTION((0.,0.,1.));
#13714=IFCEXTRUDEDAREASOLID(#13708,#13712,#13713,3.);
#13715=IFCSHAPEREPRESENTATION(#11,'Body','SweptSolid',(#13714));
#13716=IFCCARTESIANPOINTLIST2D(((0.,0.),(3.5481883849794276,0.)));
#13717=IFCINDEXEDPOLYCURVE(#13716,$,$);
#13718=IFCSHAPEREPRESENTATION(#23,'Axis','Curve2D',(#13717));
#13732=IFCRELCONNECTSPATHELEMENTS('1KDWKmSq1DhP6oLl7pwfUC',$,$,$,$,#13667,#8076,(),(),.ATSTART.,.ATEND.);
#13733=IFCCARTESIANPOINTLIST2D(((0.,0.),(-0.099999992450210157,0.10000000000000001),(0.49807871091211869,0.10000000000000001),(0.59807872720418775,0.)));
#13734=IFCINDEXEDPOLYCURVE(#13733,(IFCLINEINDEX((1,2,3,4,1))),$);
#13735=IFCARBITRARYCLOSEDPROFILEDEF(.AREA.,$,#13734);
#13736=IFCCARTESIANPOINT((0.,0.,0.));
#13737=IFCDIRECTION((0.,0.,1.));
#13738=IFCDIRECTION((1.,0.,0.));
#13739=IFCAXIS2PLACEMENT3D(#13736,#13737,#13738);
#13740=IFCDIRECTION((0.,0.,1.));
#13741=IFCEXTRUDEDAREASOLID(#13735,#13739,#13740,3.);
#13742=IFCSHAPEREPRESENTATION(#11,'Body','SweptSolid',(#13741));
#13743=IFCCARTESIANPOINTLIST2D(((0.,0.),(0.59807872720418775,0.)));
#13744=IFCINDEXEDPOLYCURVE(#13743,$,$);
#13745=IFCSHAPEREPRESENTATION(#23,'Axis','Curve2D',(#13744));
#13746=IFCCARTESIANPOINTLIST2D(((0.,0.),(0.10000001629206913,0.10000000000000001),(1.6739993998875393,0.10000000000000001),(1.5739993597536051,0.)));
#13747=IFCINDEXEDPOLYCURVE(#13746,(IFCLINEINDEX((1,2,3,4,1))),$);
#13748=IFCARBITRARYCLOSEDPROFILEDEF(.AREA.,$,#13747);
#13749=IFCCARTESIANPOINT((0.,0.,0.));
#13750=IFCDIRECTION((0.,0.,1.));
#13751=IFCDIRECTION((1.,0.,0.));
#13752=IFCAXIS2PLACEMENT3D(#13749,#13750,#13751);
#13753=IFCDIRECTION((0.,0.,1.));
#13754=IFCEXTRUDEDAREASOLID(#13748,#13752,#13753,3.);
#13755=IFCSHAPEREPRESENTATION(#11,'Body','SweptSolid',(#13754));
#13756=IFCCARTESIANPOINTLIST2D(((0.,0.),(1.5739993597536051,0.)));
#13757=IFCINDEXEDPOLYCURVE(#13756,$,$);
#13758=IFCSHAPEREPRESENTATION(#23,'Axis','Curve2D',(#13757));
#13764=IFCCARTESIANPOINT((0.26573522701544178,0.015000041029977762,0.));
#13765=IFCDIRECTION((0.,0.,1.));
#13766=IFCDIRECTION((0.99999999999998479,-1.7484555314694642E-07,0.));
#13767=IFCAXIS2PLACEMENT3D(#13764,#13765,#13766);
#13768=IFCLOCALPLACEMENT(#15694,#13767);
#13769=IFCRELCONNECTSPATHELEMENTS('1WdS0mT85EHO2xBedwVOiK',$,$,$,$,#13629,#7976,(),(),.ATSTART.,.ATEND.);
#13783=IFCCARTESIANPOINTLIST2D(((0.,0.),(-0.1000000226493708,0.10000000000000001),(3.4481884785883481,0.10000000000000001),(3.5481885250795857,0.)));
#13784=IFCINDEXEDPOLYCURVE(#13783,(IFCLINEINDEX((1,2,3,4,1))),$);
#13785=IFCARBITRARYCLOSEDPROFILEDEF(.AREA.,$,#13784);
#13786=IFCCARTESIANPOINT((0.,0.,0.));
#13787=IFCDIRECTION((0.,0.,1.));
#13788=IFCDIRECTION((1.,0.,0.));
#13789=IFCAXIS2PLACEMENT3D(#13786,#13787,#13788);
#13790=IFCDIRECTION((0.,0.,1.));
#13791=IFCEXTRUDEDAREASOLID(#13785,#13789,#13790,3.);
#13792=IFCSHAPEREPRESENTATION(#11,'Body','SweptSolid',(#13791));
#13793=IFCCARTESIANPOINTLIST2D(((0.,0.),(3.5481885250795857,0.)));
#13794=IFCINDEXEDPOLYCURVE(#13793,$,$);
#13795=IFCSHAPEREPRESENTATION(#23,'Axis','Curve2D',(#13794));
#13796=IFCRELCONNECTSPATHELEMENTS('25oDzZPmf0PgxO$UZt3Jpy',$,$,$,$,#7925,#13629,(),(),.ATSTART.,.ATEND.);
#13797=IFCCARTESIANPOINTLIST2D(((0.,0.),(0.09999999880751248,0.10000000000000001),(3.8640002450158866,0.10000000000000001),(3.9640002374660961,0.)));
#13798=IFCINDEXEDPOLYCURVE(#13797,(IFCLINEINDEX((1,2,3,4,1))),$);
#13799=IFCARBITRARYCLOSEDPROFILEDEF(.AREA.,$,#13798);
#13800=IFCCARTESIANPOINT((0.,0.,0.));
#13801=IFCDIRECTION((0.,0.,1.));
#13802=IFCDIRECTION((1.,0.,0.));
#13803=IFCAXIS2PLACEMENT3D(#13800,#13801,#13802);
#13804=IFCDIRECTION((0.,0.,1.));
#13805=IFCEXTRUDEDAREASOLID(#13799,#13803,#13804,3.);
#13806=IFCSHAPEREPRESENTATION(#11,'Body','SweptSolid',(#13805));
#13807=IFCCARTESIANPOINTLIST2D(((0.,0.),(3.9640002374660961,0.)));
#13808=IFCINDEXEDPOLYCURVE(#13807,$,$);
#13809=IFCSHAPEREPRESENTATION(#23,'Axis','Curve2D',(#13808));
#13810=IFCCARTESIANPOINTLIST2D(((0.,0.),(0.099999992450209449,0.10000000000000001),(1.090000635722618,0.10000000000000001),(0.99000061307324716,0.)));
#13811=IFCINDEXEDPOLYCURVE(#13810,(IFCLINEINDEX((1,2,3,4,1))),$);
#13812=IFCARBITRARYCLOSEDPROFILEDEF(.AREA.,$,#13811);
#13813=IFCCARTESIANPOINT((0.,0.,0.));
#13814=IFCDIRECTION((0.,0.,1.));
#13815=IFCDIRECTION((1.,0.,0.));
#13816=IFCAXIS2PLACEMENT3D(#13813,#13814,#13815);
#13817=IFCDIRECTION((0.,0.,1.));
#13818=IFCEXTRUDEDAREASOLID(#13812,#13816,#13817,3.);
#13819=IFCSHAPEREPRESENTATION(#11,'Body','SweptSolid',(#13818));
#13820=IFCCARTESIANPOINTLIST2D(((0.,0.),(0.99000061307324716,0.)));
#13821=IFCINDEXEDPOLYCURVE(#13820,$,$);
#13822=IFCSHAPEREPRESENTATION(#23,'Axis','Curve2D',(#13821));
#13828=IFCWALL('18Hkv9CCT2Cu6PufUpe8hw',$,'Wall',$,$,#15704,#13834,$,$);
#13829=IFCMATERIALLAYERSETUSAGE(#7878,.AXIS2.,.POSITIVE.,0.,$);
#13830=IFCRELASSOCIATESMATERIAL('1zbl8x8bP6_xJI_ubtbGxK',$,$,$,(#13828),#13829);
#13834=IFCPRODUCTDEFINITIONSHAPE($,$,(#13865,#13862));
#13850=IFCPROPERTYSET('0y_p80CY5B$P47N9JiBH22',$,'EPset_Parametric',$,(#13852));
#13851=IFCRELDEFINESBYPROPERTIES('2uaUNFBEv6JvFtXkoFlTAk',$,$,$,(#13828),#13850);
#13852=IFCPROPERTYSINGLEVALUE('Engine',$,IFCLABEL('Bonsai.DumbLayer2'),$);
#13853=IFCCARTESIANPOINTLIST2D(((0.,0.),(0.,0.10000000000000001),(6.9499998463143653,0.10000000000000001),(6.9499998463143653,0.)));
#13854=IFCINDEXEDPOLYCURVE(#13853,(IFCLINEINDEX((1,2,3,4,1))),$);
#13855=IFCARBITRARYCLOSEDPROFILEDEF(.AREA.,$,#13854);
#13856=IFCCARTESIANPOINT((0.,0.,0.));
#13857=IFCDIRECTION((0.,0.,1.));
#13858=IFCDIRECTION((1.,0.,0.));
#13859=IFCAXIS2PLACEMENT3D(#13856,#13857,#13858);
#13860=IFCDIRECTION((0.,0.,1.));
#13861=IFCEXTRUDEDAREASOLID(#13855,#13859,#13860,3.);
#13862=IFCSHAPEREPRESENTATION(#11,'Body','SweptSolid',(#13861));
#13863=IFCCARTESIANPOINTLIST2D(((0.,0.),(6.9499998463143653,0.)));
#13864=IFCINDEXEDPOLYCURVE(#13863,$,$);
#13865=IFCSHAPEREPRESENTATION(#23,'Axis','Curve2D',(#13864));
#13896=IFCCARTESIANPOINTLIST3D(((0.,0.,0.),(0.84467053413391113,0.,0.),(0.84467053413391113,0.,0.89999997615814209),(0.,0.,0.89999997615814209)));
#13897=IFCINDEXEDPOLYCURVE(#13896,(IFCLINEINDEX((1,2,3,4,1))),$);
#13898=IFCSHAPEREPRESENTATION(#18,'Profile','Curve3D',(#13897));
#13899=IFCCARTESIANPOINTLIST2D(((0.,0.),(0.84467053413391113,0.),(0.84467053413391113,0.89999997615814209),(0.,0.89999997615814209)));
#13900=IFCINDEXEDPOLYCURVE(#13899,(IFCLINEINDEX((1,2,3,4,1))),$);
#13901=IFCCARTESIANPOINTLIST2D(((0.02500000037252903,0.02500000037252903),(0.8196705337613821,0.02500000037252903),(0.8196705337613821,0.87499997578561306),(0.02500000037252903,0.87499997578561306)));
#13902=IFCINDEXEDPOLYCURVE(#13901,(IFCLINEINDEX((1,2,3,4,1))),$);
#13903=IFCARBITRARYPROFILEDEFWITHVOIDS(.AREA.,$,#13900,(#13902));
#13904=IFCCARTESIANPOINT((0.,0.090000001713633537,0.));
#13905=IFCDIRECTION((0.,-1.,0.));
#13906=IFCDIRECTION((1.,0.,0.));
#13907=IFCAXIS2PLACEMENT3D(#13904,#13905,#13906);
#13908=IFCDIRECTION((0.,0.,-1.));
#13909=IFCEXTRUDEDAREASOLID(#13903,#13907,#13908,0.0099999997764825821);
#13910=IFCCARTESIANPOINTLIST2D(((0.,0.),(0.84467053413391113,0.),(0.84467053413391113,0.89999997615814209),(0.,0.89999997615814209)));
#13911=IFCINDEXEDPOLYCURVE(#13910,(IFCLINEINDEX((1,2,3,4,1))),$);
#13912=IFCCARTESIANPOINTLIST2D(((0.05000000074505806,0.05000000074505806),(0.79467053338885307,0.05000000074505806),(0.79467053338885307,0.84999997541308403),(0.05000000074505806,0.84999997541308403)));
#13913=IFCINDEXEDPOLYCURVE(#13912,(IFCLINEINDEX((1,2,3,4,1))),$);
#13914=IFCARBITRARYPROFILEDEFWITHVOIDS(.AREA.,$,#13911,(#13913));
#13915=IFCCARTESIANPOINT((0.,0.05000000074505806,0.));
#13916=IFCDIRECTION((0.,-1.,0.));
#13917=IFCDIRECTION((1.,0.,0.));
#13918=IFCAXIS2PLACEMENT3D(#13915,#13916,#13917);
#13919=IFCDIRECTION((0.,0.,-1.));
#13920=IFCEXTRUDEDAREASOLID(#13914,#13918,#13919,0.040000000968575478);
#13921=IFCCARTESIANPOINTLIST2D(((0.,0.),(0.79467053338885307,0.),(0.79467053338885307,0.84999997541308403),(0.,0.84999997541308403)));
#13922=IFCINDEXEDPOLYCURVE(#13921,(IFCLINEINDEX((1,2,3,4,1))),$);
#13923=IFCCARTESIANPOINTLIST2D(((0.035000000149011612,0.035000000149011612),(0.75967053323984146,0.035000000149011612),(0.75967053323984146,0.81499997526407242),(0.035000000149011612,0.81499997526407242)));
#13924=IFCINDEXEDPOLYCURVE(#13923,(IFCLINEINDEX((1,2,3,4,1))),$);
#13925=IFCARBITRARYPROFILEDEFWITHVOIDS(.AREA.,$,#13922,(#13924));
#13926=IFCCARTESIANPOINT((0.02500000037252903,0.090000001713633537,0.02500000037252903));
#13927=IFCDIRECTION((0.,-1.,0.));
#13928=IFCDIRECTION((1.,0.,0.));
#13929=IFCAXIS2PLACEMENT3D(#13926,#13927,#13928);
#13930=IFCDIRECTION((0.,0.,-1.));
#13931=IFCEXTRUDEDAREASOLID(#13925,#13929,#13930,0.035000000149011612);
#13932=IFCINDEXEDPOLYCURVE(#13933,(IFCLINEINDEX((1,2,3,4,1))),$);
#13933=IFCCARTESIANPOINTLIST2D(((0.035000000149011612,0.035000000149011612),(0.75967053323984146,0.035000000149011612),(0.75967053323984146,0.81499997526407242),(0.035000000149011612,0.81499997526407242)));
#13934=IFCARBITRARYCLOSEDPROFILEDEF(.AREA.,$,#13932);
#13935=IFCCARTESIANPOINT((0.02500000037252903,0.10250000178813934,0.02500000037252903));
#13936=IFCDIRECTION((0.,-1.,0.));
#13937=IFCDIRECTION((1.,0.,0.));
#13938=IFCAXIS2PLACEMENT3D(#13935,#13936,#13937);
#13939=IFCDIRECTION((0.,0.,-1.));
#13940=IFCEXTRUDEDAREASOLID(#13934,#13938,#13939,0.01);
#13941=IFCSHAPEREPRESENTATION(#11,'Body','SweptSolid',(#13909,#13920,#13931,#13940));
#13942=IFCCARTESIANPOINTLIST2D(((0.05000000074505806,0.05000000074505806),(0.79467053338885307,0.05000000074505806)));
#13943=IFCINDEXEDPOLYCURVE(#13942,$,$);
#13944=IFCCARTESIANPOINTLIST2D(((0.,0.10000000149011612),(0.02500000037252903,0.10000000149011612),(0.02500000037252903,0.090000001713633537),(0.05000000074505806,0.090000001713633537),(0.05000000074505806,0.05000000074505806),(0.,0.05000000074505806)));
#13945=IFCINDEXEDPOLYCURVE(#13944,(IFCLINEINDEX((1,2,3,4,5,6,1))),$);
#13946=IFCCARTESIANPOINTLIST2D(((0.84467053413391113,0.10000000149011612),(0.8196705337613821,0.10000000149011612),(0.8196705337613821,0.090000001713633537),(0.79467053338885307,0.090000001713633537),(0.79467053338885307,0.05000000074505806),(0.84467053413391113,0.05000000074505806)));
#13947=IFCINDEXEDPOLYCURVE(#13946,(IFCLINEINDEX((1,2,3,4,5,6,1))),$);
#13948=IFCCARTESIANPOINTLIST2D(((0.02500000037252903,0.090000001713633537),(0.060000000521540642,0.090000001713633537),(0.060000000521540642,0.12500000186264515),(0.02500000037252903,0.12500000186264515)));
#13949=IFCINDEXEDPOLYCURVE(#13948,(IFCLINEINDEX((1,2,3,4,1))),$);
#13950=IFCINDEXEDPOLYCURVE(#13951,(IFCLINEINDEX((1,2,3,4,1))),$);
#13951=IFCCARTESIANPOINTLIST2D(((0.8196705337613821,0.090000001713633537),(0.78467053361237049,0.090000001713633537),(0.78467053361237049,0.12500000186264515),(0.8196705337613821,0.12500000186264515)));
#13952=IFCCARTESIANPOINTLIST2D(((0.060000000521540642,0.090000001713633537),(0.78467053361237049,0.090000001713633537)));
#13953=IFCINDEXEDPOLYCURVE(#13952,$,$);
#13954=IFCINDEXEDPOLYCURVE(#13955,$,$);
#13955=IFCCARTESIANPOINTLIST2D(((0.060000000521540642,0.12500000186264515),(0.78467053361237049,0.12500000186264515)));
#13956=IFCINDEXEDPOLYCURVE(#13957,$,$);
#13957=IFCCARTESIANPOINTLIST2D(((0.060000000521540642,0.10750000178813934),(0.78467053361237049,0.10750000178813934)));
#13958=IFCSHAPEREPRESENTATION(#24,'Body','Curve2D',(#13943,#13945,#13947,#13949,#13950,#13953,#13954,#13956));
#13959=IFCCARTESIANPOINTLIST2D(((0.,0.),(0.84467053413391113,0.),(0.84467053413391113,0.89999997615814209),(0.,0.89999997615814209)));
#13960=IFCINDEXEDPOLYCURVE(#13959,(IFCLINEINDEX((1,2,3,4,1))),$);
#13961=IFCARBITRARYCLOSEDPROFILEDEF(.AREA.,$,#13960);
#13962=IFCCARTESIANPOINT((0.,-0.60000002384185791,0.));
#13963=IFCDIRECTION((0.,-1.,0.));
#13964=IFCDIRECTION((1.,0.,0.));
#13965=IFCAXIS2PLACEMENT3D(#13962,#13963,#13964);
#13966=IFCDIRECTION((0.,0.,-1.));
#13967=IFCEXTRUDEDAREASOLID(#13961,#13965,#13966,1.2);
#13968=IFCSHAPEREPRESENTATION(#11,'Body','SweptSolid',(#13967));
#13974=IFCCARTESIANPOINT((3.532737902790982,6.8696008614921311E-07,1.));
#13975=IFCDIRECTION((0.,0.,1.));
#13976=IFCDIRECTION((0.99999999999997147,2.384185719961227E-07,0.));
#13977=IFCAXIS2PLACEMENT3D(#13974,#13975,#13976);
#13978=IFCLOCALPLACEMENT(#15634,#13977);
#13979=IFCCARTESIANPOINT((0.,0.,0.));
#13980=IFCDIRECTION((0.,0.,1.));
#13981=IFCDIRECTION((1.,-5.2939559203393771E-23,0.));
#13982=IFCAXIS2PLACEMENT3D(#13979,#13980,#13981);
#13983=IFCLOCALPLACEMENT(#13978,#13982);
#14033=IFCWINDOW('1BgbFhZj5BOAcGTYpSP$8W',$,'Window',$,$,#14101,#14041,$,0.89999997615814209,0.84467053413391113,$,$,$);
#14034=IFCCARTESIANPOINT((0.,0.,0.));
#14035=IFCDIRECTION((1.,0.,0.));
#14036=IFCDIRECTION((0.,1.,0.));
#14037=IFCDIRECTION((0.,0.,1.));
#14038=IFCCARTESIANTRANSFORMATIONOPERATOR3D(#14035,#14036,#14034,1.,#14037);
#14039=IFCMAPPEDITEM(#12482,#14038);
#14040=IFCSHAPEREPRESENTATION(#18,'Profile','MappedRepresentation',(#14039));
#14041=IFCPRODUCTDEFINITIONSHAPE($,$,(#14040,#14048,#14055));
#14042=IFCCARTESIANPOINT((0.,0.,0.));
#14043=IFCDIRECTION((1.,0.,0.));
#14044=IFCDIRECTION((0.,1.,0.));
#14045=IFCDIRECTION((0.,0.,1.));
#14046=IFCCARTESIANTRANSFORMATIONOPERATOR3D(#14043,#14044,#14042,1.,#14045);
#14047=IFCMAPPEDITEM(#12490,#14046);
#14048=IFCSHAPEREPRESENTATION(#11,'Body','MappedRepresentation',(#14047));
#14049=IFCCARTESIANPOINT((0.,0.,0.));
#14050=IFCDIRECTION((1.,0.,0.));
#14051=IFCDIRECTION((0.,1.,0.));
#14052=IFCDIRECTION((0.,0.,1.));
#14053=IFCCARTESIANTRANSFORMATIONOPERATOR3D(#14050,#14051,#14049,1.,#14052);
#14054=IFCMAPPEDITEM(#12538,#14053);
#14055=IFCSHAPEREPRESENTATION(#24,'Body','MappedRepresentation',(#14054));
#14056=IFCOPENINGELEMENT('2BZH6iCJ5Bde_qI22qzLAX',$,'Opening',$,$,#14091,#14069,$,.OPENING.);
#14062=IFCCARTESIANPOINT((0.,0.,0.));
#14063=IFCDIRECTION((1.,0.,0.));
#14064=IFCDIRECTION((0.,1.,0.));
#14065=IFCDIRECTION((0.,0.,1.));
#14066=IFCCARTESIANTRANSFORMATIONOPERATOR3D(#14063,#14064,#14062,1.,#14065);
#14067=IFCMAPPEDITEM(#12604,#14066);
#14068=IFCSHAPEREPRESENTATION(#11,'Body','MappedRepresentation',(#14067));
#14069=IFCPRODUCTDEFINITIONSHAPE($,$,(#14068));
#14070=IFCRELVOIDSELEMENT('2vv7x$DNfCReHyRVzsDX$s',$,$,$,#8001,#14056);
#14076=IFCRELFILLSELEMENT('2u_dhtYEb5RQDm4vzi$Pnk',$,$,$,#14056,#14033);
#14087=IFCCARTESIANPOINT((6.0904247085161085,9.7069725857323874E-07,1.));
#14088=IFCDIRECTION((0.,0.,1.));
#14089=IFCDIRECTION((0.99999999999999289,1.1920928244535129E-07,0.));
#14090=IFCAXIS2PLACEMENT3D(#14087,#14088,#14089);
#14091=IFCLOCALPLACEMENT(#15634,#14090);
#14097=IFCCARTESIANPOINT((0.,0.,0.));
#14098=IFCDIRECTION((0.,0.,1.));
#14099=IFCDIRECTION((1.,0.,0.));
#14100=IFCAXIS2PLACEMENT3D(#14097,#14098,#14099);
#14101=IFCLOCALPLACEMENT(#14091,#14100);
#14159=IFCCOVERING('30qNEBXib6avj39Zz9ScCM',$,'Covering',$,$,$,$,$,$);
#14161=IFCCARTESIANPOINTLIST2D(((0.72399997711181641,3.4600000381469727),(0.77399998903274536,3.4600000381469727),(0.82400000095367432,3.4600000381469727),(0.87400001287460327,3.4600000381469727),(0.87400001287460327,4.8530001640319824),(0.87400001287460327,4.9000000953674316),(0.87699997425079346,4.9000000953674316),(0.87400001287460327,4.9029998779296875),(0.87400001287460327,4.9029998779296875),(0.87400001287460327,4.9499998092651367),(0.87400001287460327,6.4200000762939453),(4.1440000534057617,6.4200000762939453),(4.1440000534057617,-2.4500000476837158),(0.34200000762939453,-2.4500000476837158),(0.34200000762939453,-0.14699999988079071),(0.34200000762939453,-0.097000002861022949),(0.34200000762939453,-0.097000002861022949),(0.34200000762939453,-0.046999998390674591),(0.34200000762939453,2.6459999084472656),(-1.1369999647140503,2.6459999084472656),(-1.187000036239624,2.6459999084472656),(-1.187000036239624,3.4100000858306885),(-1.187000036239624,3.4600000381469727)));
#14162=IFCINDEXEDPOLYCURVE(#14161,(IFCLINEINDEX((1,2,3,4,5,6,7,8,9,10,11,12,13,14,15,16,17,18,19,20,21,22,23,1))),$);
#14163=IFCCOVERING('1Wt57K1g1FmOVaEHr6SGmf',$,'Covering',$,$,$,$,$,$);
#14164=IFCCARTESIANPOINTLIST2D(((0.24199999868869781,-0.097000002861022949),(0.19200000166893005,-0.097000002861022949),(-2.7730000019073486,-0.097000002861022949),(-2.6730000972747803,0.0030000000260770321),(0.24199999868869781,0.0030000000260770321),(0.24199999868869781,0.0030000000260770321),(0.24199999868869781,-0.046999998390674591)));
#14165=IFCINDEXEDPOLYCURVE(#14164,(IFCLINEINDEX((1,2,3,4,5,6,7,1))),$);
#14171=IFCMATERIALLAYERSET((#14173),$,$);
#14173=IFCMATERIALLAYER(#81,0.10000000000000001,$,$,$,$,$);
#14226=IFCMATERIALLAYERSET((#14228),$,$);
#14228=IFCMATERIALLAYER(#81,0.10000000000000001,$,$,$,$,$);
#14231=IFCCOVERINGTYPE('0Ynob5Kwj6cRXrqP8UoOLv',$,'FL-1-GF',$,$,(#14235),$,$,$,.FLOORING.);
#14232=IFCMATERIALLAYERSET((#14290,#14289),$,$);
#14233=IFCRELASSOCIATESMATERIAL('3gJcvLfvb87QKCTf9IJvWO',$,$,$,(#14231),#14232);
#14235=IFCPROPERTYSET('3IqV3VDHfFBA3qpEafFtLw',$,'EPset_Parametric',$,(#14236));
#14236=IFCPROPERTYSINGLEVALUE('LayerSetDirection',$,IFCLABEL('AXIS3'),$);
#14271=IFCCOVERING('2kn3BihtLEuhadZWYZ_hgZ',$,'Covering',$,$,#15042,#14285,$,$);
#14272=IFCRELDEFINESBYTYPE('3gzASVFVz2shJGBCDqEx6a',$,$,$,(#14271),#14231);
#14273=IFCMATERIALLAYERSETUSAGE(#14232,.AXIS3.,.POSITIVE.,0.,$);
#14274=IFCRELASSOCIATESMATERIAL('1R$1J5XNj3AA1QOXqBsXsx',$,$,$,(#14271),#14273);
#14275=IFCCARTESIANPOINTLIST2D(((-1.4457511901855469,-0.72094869613647461),(-1.3957512378692627,-0.72094869613647461),(-1.345751166343689,-0.72094869613647461),(-1.2957510948181152,-0.72094869613647461),(-1.2957510948181152,0.67205142974853516),(-1.2957510948181152,0.71905136108398438),(-1.2927511930465698,0.71905136108398438),(-1.2957510948181152,0.72205114364624023),(-1.2957510948181152,0.72205114364624023),(-1.2957510948181152,0.76905107498168945),(-1.2957510948181152,2.239051342010498),(1.9742488861083984,2.239051342010498),(1.9742488861083984,-6.6309490203857422),(-1.8277511596679688,-6.6309490203857422),(-1.8277511596679688,-4.3279485702514648),(-1.8277511596679688,-4.2779488563537598),(-1.8277511596679688,-4.2779488563537598),(-1.8277511596679688,-4.2279486656188965),(-1.8277511596679688,-1.5349488258361816),(-3.3067512512207031,-1.5349488258361816),(-3.3567512035369873,-1.5349488258361816),(-3.3567512035369873,-0.77094864845275879),(-3.3567512035369873,-0.72094869613647461)));
#14276=IFCINDEXEDPOLYCURVE(#14275,(IFCLINEINDEX((1,2,3,4,5,6,7,8,9,10,11,12,13,14,15,16,17,18,19,20,21,22,23,1))),$);
#14277=IFCARBITRARYCLOSEDPROFILEDEF(.AREA.,$,#14276);
#14278=IFCCARTESIANPOINT((0.,0.,0.));
#14279=IFCDIRECTION((0.,0.,1.));
#14280=IFCDIRECTION((1.,0.,0.));
#14281=IFCAXIS2PLACEMENT3D(#14278,#14279,#14280);
#14282=IFCDIRECTION((0.,0.,1.));
#14283=IFCEXTRUDEDAREASOLID(#14277,#14281,#14282,0.09999999962747097);
#14284=IFCSHAPEREPRESENTATION(#11,'Body','SweptSolid',(#14283));
#14285=IFCPRODUCTDEFINITIONSHAPE($,$,(#14284));
#14286=IFCMATERIAL('screed',$,'cement');
#14287=IFCMATERIAL('parquet',$,'wood');
#14289=IFCMATERIALLAYER(#14287,0.029999999329447746,$,$,$,$,$);
#14290=IFCMATERIALLAYER(#14286,0.070000000298023224,$,$,$,$,$);
#14291=IFCSTAIRFLIGHTTYPE('3p_ZKNckbEYOnfyKkvxa4m',$,'Stair-1-GF',$,$,(#14292,#14294),(#14336,#14468),$,$,.STRAIGHT.);
#14292=IFCPROPERTYSET('2POZRh1hrEExSl0NPdVlEe',$,'BBIM_Stair',$,(#14293));
#14293=IFCPROPERTYSINGLEVALUE('Data',$,IFCTEXT('{"stair_type": "GENERIC", "width": 0.8341968059539795, "height": 1.7999999523162842, "number_of_treads": 7, "tread_run": 0.1879526972770691, "nosing_length": 0.0, "nosing_depth": 0.0, "custom_first_last_tread_run": [null, null], "custom_tread_lock": true}'),$);
#14294=IFCPROPERTYSET('0hf4oDeRX8LRIAc6qzXy42',$,'Pset_StairFlightCommon',$,(#14295,#14296,#14297,#14298,#14299));
#14295=IFCPROPERTYSINGLEVALUE('NumberOfRiser',$,IFCCOUNTMEASURE(8.),$);
#14296=IFCPROPERTYSINGLEVALUE('NumberOfTreads',$,IFCCOUNTMEASURE(7.),$);
#14297=IFCPROPERTYSINGLEVALUE('RiserHeight',$,IFCPOSITIVELENGTHMEASURE(0.22499999403953552),$);
#14298=IFCPROPERTYSINGLEVALUE('TreadLength',$,IFCPOSITIVELENGTHMEASURE(0.25),$);
#14299=IFCPROPERTYSINGLEVALUE('NosingLength',$,IFCLENGTHMEASURE(0.),$);
#14332=IFCCARTESIANPOINT((0.,0.,0.));
#14333=IFCDIRECTION((1.,0.,0.));
#14334=IFCDIRECTION((0.,0.,1.));
#14335=IFCAXIS2PLACEMENT3D(#14332,#14334,#14333);
#14336=IFCREPRESENTATIONMAP(#14335,#14459);
#14337=IFCSTAIRFLIGHT('0BzmLMlbH0CAhYkDuM_S7W',$,'StairFlight',$,$,#15062,#14346,$,8,7,0.22499999403953552,0.25,.STRAIGHT.);
#14338=IFCRELDEFINESBYTYPE('2ewChx_c52Hvy0aPsYcBFZ',$,$,$,(#14337,#15187),#14291);
#14346=IFCPRODUCTDEFINITIONSHAPE($,$,(#14353,#14475));
#14347=IFCCARTESIANPOINT((0.,0.,0.));
#14348=IFCDIRECTION((1.,0.,0.));
#14349=IFCDIRECTION((0.,1.,0.));
#14350=IFCDIRECTION((0.,0.,1.));
#14351=IFCCARTESIANTRANSFORMATIONOPERATOR3D(#14348,#14349,#14347,1.,#14350);
#14352=IFCMAPPEDITEM(#14336,#14351);
#14353=IFCSHAPEREPRESENTATION(#11,'Body','MappedRepresentation',(#14352));
#14437=IFCINDEXEDPOLYGONALFACE((2,1,18,17,16,15,14,13,12,11,10,9,8,7,6,5,4,3));
#14438=IFCINDEXEDPOLYGONALFACE((19,20,21,22,23,24,25,26,27,28,29,30,31,32,33,34,35,36));
#14439=IFCINDEXEDPOLYGONALFACE((9,10,27,26));
#14440=IFCINDEXEDPOLYGONALFACE((2,3,20,19));
#14441=IFCINDEXEDPOLYGONALFACE((17,18,35,34));
#14442=IFCINDEXEDPOLYGONALFACE((10,11,28,27));
#14443=IFCINDEXEDPOLYGONALFACE((3,4,21,20));
#14444=IFCINDEXEDPOLYGONALFACE((18,1,36,35));
#14445=IFCINDEXEDPOLYGONALFACE((11,12,29,28));
#14446=IFCINDEXEDPOLYGONALFACE((4,5,22,21));
#14447=IFCINDEXEDPOLYGONALFACE((12,13,30,29));
#14448=IFCINDEXEDPOLYGONALFACE((5,6,23,22));
#14449=IFCINDEXEDPOLYGONALFACE((13,14,31,30));
#14450=IFCINDEXEDPOLYGONALFACE((6,7,24,23));
#14451=IFCINDEXEDPOLYGONALFACE((14,15,32,31));
#14452=IFCINDEXEDPOLYGONALFACE((7,8,25,24));
#14453=IFCINDEXEDPOLYGONALFACE((15,16,33,32));
#14454=IFCINDEXEDPOLYGONALFACE((8,9,26,25));
#14455=IFCINDEXEDPOLYGONALFACE((1,2,19,36));
#14456=IFCINDEXEDPOLYGONALFACE((16,17,34,33));
#14457=IFCCARTESIANPOINTLIST3D(((0.,0.,0.),(0.,0.,0.22499999403953552),(0.18795269727706909,0.,0.22499999403953552),(0.18795269727706909,0.,0.44999998807907104),(0.37590539455413818,0.,0.44999998807907104),(0.37590539455413818,0.,0.67499995231628418),(0.56385809183120728,0.,0.67499995231628418),(0.56385809183120728,0.,0.89999997615814209),(0.75181078910827637,0.,0.89999997615814209),(0.75181078910827637,0.,1.125),(0.93976348638534546,0.,1.125),(0.93976348638534546,0.,1.3500000238418579),(1.1277161836624146,0.,1.3500000238418579),(1.1277161836624146,0.,1.5750000476837158),(1.3156688213348389,0.,1.5750000476837158),(1.3156688213348389,0.,1.8000000715255737),(1.5036215782165527,0.,1.8000000715255737),(1.5036215782165527,0.,0.),(0.,0.83419680595397949,0.22499999403953552),(0.18795269727706909,0.83419680595397949,0.22499999403953552),(0.18795269727706909,0.83419680595397949,0.44999998807907104),(0.37590539455413818,0.83419680595397949,0.44999998807907104),(0.37590539455413818,0.83419680595397949,0.67499995231628418),(0.56385809183120728,0.83419680595397949,0.67499995231628418),(0.56385809183120728,0.83419680595397949,0.89999997615814209),(0.75181078910827637,0.83419680595397949,0.89999997615814209),(0.75181078910827637,0.83419680595397949,1.125),(0.93976348638534546,0.83419680595397949,1.125),(0.93976348638534546,0.83419680595397949,1.3500000238418579),(1.1277161836624146,0.83419680595397949,1.3500000238418579),(1.1277161836624146,0.83419680595397949,1.5750000476837158),(1.3156688213348389,0.83419680595397949,1.5750000476837158),(1.3156688213348389,0.83419680595397949,1.8000000715255737),(1.5036215782165527,0.83419680595397949,1.8000000715255737),(1.5036215782165527,0.83419680595397949,0.),(0.,0.83419680595397949,0.)));
#14458=IFCPOLYGONALFACESET(#14457,.T.,(#14437,#14438,#14439,#14440,#14441,#14442,#14443,#14444,#14445,#14446,#14447,#14448,#14449,#14450,#14451,#14452,#14453,#14454,#14455,#14456),$);
#14459=IFCSHAPEREPRESENTATION(#11,'Body','Tessellation',(#14458));
#14461=IFCCARTESIANPOINT((0.,0.,0.));
#14462=IFCBOUNDINGBOX(#14461,1.5036215782165527,0.83419680595397949,1.8000000715255737);
#14463=IFCSHAPEREPRESENTATION(#13,'Box','BoundingBox',(#14462));
#14464=IFCCARTESIANPOINT((0.,0.,0.));
#14465=IFCDIRECTION((1.,0.,0.));
#14466=IFCDIRECTION((0.,0.,1.));
#14467=IFCAXIS2PLACEMENT3D(#14464,#14466,#14465);
#14468=IFCREPRESENTATIONMAP(#14467,#14463);
#14469=IFCCARTESIANPOINT((0.,0.,0.));
#14470=IFCDIRECTION((1.,0.,0.));
#14471=IFCDIRECTION((0.,1.,0.));
#14472=IFCDIRECTION((0.,0.,1.));
#14473=IFCCARTESIANTRANSFORMATIONOPERATOR3D(#14470,#14471,#14469,1.,#14472);
#14474=IFCMAPPEDITEM(#14468,#14473);
#14475=IFCSHAPEREPRESENTATION(#13,'Box','MappedRepresentation',(#14474));
#14476=IFCSLABTYPE('3gSZ_RH_X7o9_pchzM14G4',$,'slab landing',$,$,(#14480),$,$,$,.LANDING.);
#14477=IFCMATERIALLAYERSET((#14479),$,$);
#14478=IFCRELASSOCIATESMATERIAL('2fjewhAJ140Oimwt1y3mXN',$,$,$,(#14476),#14477);
#14479=IFCMATERIALLAYER(#81,1.7999999523162842,$,$,$,$,$);
#14480=IFCPROPERTYSET('2mSQetFcjBMfztZLWheoOi',$,'EPset_Parametric',$,(#14481));
#14481=IFCPROPERTYSINGLEVALUE('LayerSetDirection',$,IFCLABEL('AXIS3'),$);
#14505=IFCSLAB('3GTb6AyjD0LRxaBewNbngk',$,'Slab',$,$,#14512,#14519,$,$);
#14506=IFCMATERIALLAYERSETUSAGE(#2011,.AXIS3.,.POSITIVE.,-0.10000000149011612,$);
#14507=IFCRELASSOCIATESMATERIAL('3KjUBgtjT6POic8qbbVrzE',$,$,$,(#14505),#14506);
#14508=IFCCARTESIANPOINT((3.3180882930755615,1.3388185501098633,0.));
#14509=IFCDIRECTION((0.,0.,1.));
#14510=IFCDIRECTION((1.,0.,0.));
#14511=IFCAXIS2PLACEMENT3D(#14508,#14509,#14510);
#14512=IFCLOCALPLACEMENT(#79,#14511);
#14513=IFCCARTESIANPOINTLIST2D(((0.,0.),(0.,-0.83363056182861328),(0.82540535926818848,-0.83363050222396851),(0.82540535926818848,0.00047588348388671875),(0.,0.)));
#14514=IFCINDEXEDPOLYCURVE(#14513,$,$);
#14515=IFCDIRECTION((0.,0.,1.));
#14516=IFCARBITRARYCLOSEDPROFILEDEF(.AREA.,$,#14514);
#14517=IFCEXTRUDEDAREASOLID(#14516,#14526,#14515,0.10000000000000001);
#14518=IFCSHAPEREPRESENTATION(#11,'Body','SweptSolid',(#14517));
#14519=IFCPRODUCTDEFINITIONSHAPE($,$,(#14518));
#14520=IFCPROPERTYSET('0R0Phv7azAcBfWqbQJTWNl',$,'EPset_Parametric',$,(#14522));
#14521=IFCRELDEFINESBYPROPERTIES('15b3$8USLDTAp4corFwtc7',$,$,$,(#14505),#14520);
#14522=IFCPROPERTYSINGLEVALUE('Engine',$,IFCLABEL('Bonsai.DumbLayer3'),$);
#14523=IFCCARTESIANPOINT((-0.,-0.,-0.10000000149011612));
#14524=IFCDIRECTION((0.,0.,1.));
#14525=IFCDIRECTION((1.,0.,0.));
#14526=IFCAXIS2PLACEMENT3D(#14523,#14524,#14525);
#14527=IFCSLAB('3pbEMa9nb9L97QIxqeOgfP',$,'Slab',$,$,#15057,#14542,$,$);
#14528=IFCRELDEFINESBYTYPE('24cmP4AqnDdf2bYycBToCU',$,$,$,(#15251,#14527,#15273),#14476);
#14529=IFCMATERIALLAYERSETUSAGE(#14477,.AXIS3.,.POSITIVE.,-0.10000000149011612,$);
#14530=IFCRELASSOCIATESMATERIAL('0dkUPG3i58BfZT2zRThii5',$,$,$,(#14527),#14529);
#14536=IFCCARTESIANPOINTLIST2D(((0.,0.),(0.,-0.83222723007202148),(0.82540535926818848,-0.83222717046737671),(0.82540535926818848,0.0020012855529785156),(0.,0.)));
#14537=IFCINDEXEDPOLYCURVE(#14536,$,$);
#14538=IFCDIRECTION((0.,0.,1.));
#14539=IFCARBITRARYCLOSEDPROFILEDEF(.AREA.,$,#14537);
#14540=IFCEXTRUDEDAREASOLID(#14539,#14549,#14538,1.7999999523162842);
#14541=IFCSHAPEREPRESENTATION(#11,'Body','SweptSolid',(#14540));
#14542=IFCPRODUCTDEFINITIONSHAPE($,$,(#14541));
#14543=IFCPROPERTYSET('3NyeiOuwLBef9gu_fcjXGO',$,'EPset_Parametric',$,(#14545));
#14544=IFCRELDEFINESBYPROPERTIES('1BRtVdVin1gAu2yGknluPN',$,$,$,(#14527),#14543);
#14545=IFCPROPERTYSINGLEVALUE('Engine',$,IFCLABEL('Bonsai.DumbLayer3'),$);
#14546=IFCCARTESIANPOINT((-0.,-0.,-0.10000000149011612));
#14547=IFCDIRECTION((0.,0.,1.));
#14548=IFCDIRECTION((1.,0.,0.));
#14549=IFCAXIS2PLACEMENT3D(#14546,#14547,#14548);
#14550=IFCRAILINGTYPE('2TnrFAvNL04R_g6zig1Fy8',$,'Balcony-1',$,$,(#14551,#14553),(#14582,#14626),$,$,.USERDEFINED.);
#14551=IFCPROPERTYSET('1fo9fXFJD4cfv_1FQgB3_8',$,'BBIM_Railing',$,(#14552));
#14552=IFCPROPERTYSINGLEVALUE('Data',$,IFCTEXT('{"railing_type": "FRAMELESS_PANEL", "height": 1.0, "thickness": 0.05000000074505806, "spacing": 0.05000000074505806, "path_data": {"edges": [[0, 1], [1, 2]], "verts": [[-1.0, 0.0, 0.0], [0.0, 0.0, 0.0], [1.0, 0.0, 0.0]]}}'),$);
#14553=IFCPROPERTYSET('0eQ5vgWOb4PeVe2jvCEqRX',$,'Pset_RailingCommon',$,(#14554));
#14554=IFCPROPERTYSINGLEVALUE('Height',$,IFCPOSITIVELENGTHMEASURE(1.),$);
#14578=IFCCARTESIANPOINT((0.,0.,0.));
#14579=IFCDIRECTION((1.,0.,0.));
#14580=IFCDIRECTION((0.,0.,1.));
#14581=IFCAXIS2PLACEMENT3D(#14578,#14580,#14579);
#14582=IFCREPRESENTATIONMAP(#14581,#14617);
#14583=IFCINDEXEDPOLYGONALFACE((2,3,4));
#14584=IFCINDEXEDPOLYGONALFACE((2,4,1));
#14585=IFCINDEXEDPOLYGONALFACE((6,7,8));
#14586=IFCINDEXEDPOLYGONALFACE((6,8,5));
#14587=IFCINDEXEDPOLYGONALFACE((12,9,10));
#14588=IFCINDEXEDPOLYGONALFACE((12,10,11));
#14589=IFCINDEXEDPOLYGONALFACE((13,14,9));
#14590=IFCINDEXEDPOLYGONALFACE((13,9,12));
#14591=IFCINDEXEDPOLYGONALFACE((18,15,16));
#14592=IFCINDEXEDPOLYGONALFACE((18,16,17));
#14593=IFCINDEXEDPOLYGONALFACE((19,20,15));
#14594=IFCINDEXEDPOLYGONALFACE((19,15,18));
#14595=IFCINDEXEDPOLYGONALFACE((16,5,8));
#14596=IFCINDEXEDPOLYGONALFACE((16,8,17));
#14597=IFCINDEXEDPOLYGONALFACE((18,8,7));
#14598=IFCINDEXEDPOLYGONALFACE((18,7,19));
#14599=IFCINDEXEDPOLYGONALFACE((17,8,18));
#14600=IFCINDEXEDPOLYGONALFACE((2,9,14));
#14601=IFCINDEXEDPOLYGONALFACE((1,10,9));
#14602=IFCINDEXEDPOLYGONALFACE((1,9,2));
#14603=IFCINDEXEDPOLYGONALFACE((6,15,20));
#14604=IFCINDEXEDPOLYGONALFACE((5,16,15));
#14605=IFCINDEXEDPOLYGONALFACE((5,15,6));
#14606=IFCINDEXEDPOLYGONALFACE((10,1,4));
#14607=IFCINDEXEDPOLYGONALFACE((10,4,11));
#14608=IFCINDEXEDPOLYGONALFACE((2,13,3));
#14609=IFCINDEXEDPOLYGONALFACE((2,14,13));
#14610=IFCINDEXEDPOLYGONALFACE((6,19,7));
#14611=IFCINDEXEDPOLYGONALFACE((6,20,19));
#14612=IFCINDEXEDPOLYGONALFACE((12,4,3));
#14613=IFCINDEXEDPOLYGONALFACE((12,3,13));
#14614=IFCINDEXEDPOLYGONALFACE((11,4,12));
#14615=IFCCARTESIANPOINTLIST3D(((-0.02500000037252903,-0.02500000037252903,1.),(-0.02500000037252903,0.02500000037252903,1.),(-0.97500002384185791,0.02500000037252903,1.),(-0.97500002384185791,-0.02500000037252903,1.),(0.97500002384185791,-0.02500000037252903,1.),(0.97500002384185791,0.02500000037252903,1.),(0.02500000037252903,0.02500000037252903,1.),(0.02500000037252903,-0.02500000037252903,1.),(-0.02500000037252903,0.,0.),(-0.02500000037252903,-0.02500000037252903,0.),(-0.97500002384185791,-0.02500000037252903,0.),(-0.97500002384185791,0.,0.),(-0.97500002384185791,0.02500000037252903,0.),(-0.02500000037252903,0.02500000037252903,0.),(0.97500002384185791,0.,0.),(0.97500002384185791,-0.02500000037252903,0.),(0.02500000037252903,-0.02500000037252903,0.),(0.02500000037252903,0.,0.),(0.02500000037252903,0.02500000037252903,0.),(0.97500002384185791,0.02500000037252903,0.)));
#14616=IFCPOLYGONALFACESET(#14615,.T.,(#14583,#14584,#14585,#14586,#14587,#14588,#14589,#14590,#14591,#14592,#14593,#14594,#14595,#14596,#14597,#14598,#14599,#14600,#14601,#14602,#14603,#14604,#14605,#14606,#14607,#14608,#14609,#14610,#14611,#14612,#14613,#14614),$);
#14617=IFCSHAPEREPRESENTATION(#11,'Body','Tessellation',(#14616));
#14619=IFCCARTESIANPOINT((-0.97500002384185791,-0.02500000037252903,0.));
#14620=IFCBOUNDINGBOX(#14619,1.9500000476837158,0.05000000074505806,1.);
#14621=IFCSHAPEREPRESENTATION(#13,'Box','BoundingBox',(#14620));
#14622=IFCCARTESIANPOINT((0.,0.,0.));
#14623=IFCDIRECTION((1.,0.,0.));
#14624=IFCDIRECTION((0.,0.,1.));
#14625=IFCAXIS2PLACEMENT3D(#14622,#14624,#14623);
#14626=IFCREPRESENTATIONMAP(#14625,#14621);
#14627=IFCRAILING('2VQAuk6ID3afC3ItzLewl4',$,'Railing',$,$,#15709,#14636,$,$);
#14628=IFCRELDEFINESBYTYPE('1P1LnJRhv0evN4bCaBqvln',$,$,$,(#14627,#14654),#14550);
#14629=IFCCARTESIANPOINT((0.,0.,0.));
#14630=IFCDIRECTION((1.,0.,0.));
#14631=IFCDIRECTION((0.,1.,0.));
#14632=IFCDIRECTION((0.,0.,1.));
#14633=IFCCARTESIANTRANSFORMATIONOPERATOR3D(#14630,#14631,#14629,1.,#14632);
#14634=IFCMAPPEDITEM(#14582,#14633);
#14635=IFCSHAPEREPRESENTATION(#11,'Body','MappedRepresentation',(#14634));
#14636=IFCPRODUCTDEFINITIONSHAPE($,$,(#14635,#14643));
#14637=IFCCARTESIANPOINT((0.,0.,0.));
#14638=IFCDIRECTION((1.,0.,0.));
#14639=IFCDIRECTION((0.,1.,0.));
#14640=IFCDIRECTION((0.,0.,1.));
#14641=IFCCARTESIANTRANSFORMATIONOPERATOR3D(#14638,#14639,#14637,1.,#14640);
#14642=IFCMAPPEDITEM(#14626,#14641);
#14643=IFCSHAPEREPRESENTATION(#13,'Box','MappedRepresentation',(#14642));
#14654=IFCRAILING('0K9mD4waD8eOGPkgECQ7oE',$,'Railing',$,$,#15714,#14667,$,$);
#14660=IFCCARTESIANPOINT((0.,0.,0.));
#14661=IFCDIRECTION((1.,0.,0.));
#14662=IFCDIRECTION((0.,1.,0.));
#14663=IFCDIRECTION((0.,0.,1.));
#14664=IFCCARTESIANTRANSFORMATIONOPERATOR3D(#14661,#14662,#14660,1.,#14663);
#14665=IFCMAPPEDITEM(#14582,#14664);
#14666=IFCSHAPEREPRESENTATION(#11,'Body','MappedRepresentation',(#14665));
#14667=IFCPRODUCTDEFINITIONSHAPE($,$,(#14666,#14674));
#14668=IFCCARTESIANPOINT((0.,0.,0.));
#14669=IFCDIRECTION((1.,0.,0.));
#14670=IFCDIRECTION((0.,1.,0.));
#14671=IFCDIRECTION((0.,0.,1.));
#14672=IFCCARTESIANTRANSFORMATIONOPERATOR3D(#14669,#14670,#14668,1.,#14671);
#14673=IFCMAPPEDITEM(#14626,#14672);
#14674=IFCSHAPEREPRESENTATION(#13,'Box','MappedRepresentation',(#14673));
#14675=IFCRAILINGTYPE('0sPPosZRX9Uuk7wHMmvklA',$,'Balcony-2',$,$,(#14676,#14678),(#14680,#15135),$,$,.USERDEFINED.);
#14676=IFCPROPERTYSET('0zy5TYaGH53hjozj5PA6fe',$,'BBIM_Railing',$,(#14677));
#14677=IFCPROPERTYSINGLEVALUE('Data',$,IFCTEXT('{"railing_type": "FRAMELESS_PANEL", "height": 1.0, "thickness": 0.05000000074505806, "spacing": 0.05000000074505806, "path_data": {"edges": [[0, 1], [1, 2]], "verts": [[-0.16889476776123047, 0.0, 0.0], [0.0, 0.0, 0.0], [1.0, 0.0, 0.0]]}}'),$);
#14678=IFCPROPERTYSET('056DEpVqL9Qfre4VSPN0QL',$,'Pset_RailingCommon',$,(#14679));
#14679=IFCPROPERTYSINGLEVALUE('Height',$,IFCPOSITIVELENGTHMEASURE(1.),$);
#14680=IFCREPRESENTATIONMAP(#14681,#15126);
#14681=IFCAXIS2PLACEMENT3D(#14682,#14683,#14684);
#14682=IFCCARTESIANPOINT((0.,0.,0.));
#14683=IFCDIRECTION((0.,0.,1.));
#14684=IFCDIRECTION((1.,0.,0.));
#14728=IFCRAILING('3LaylF5N93GRa7Q7piq_yD',$,'Railing',$,'FRAMELESS_PANEL',#15719,#14737,$,.USERDEFINED.);
#14729=IFCRELDEFINESBYTYPE('0D7tTzK111D8AaZfDN$uh3',$,$,$,(#14728),#14675);
#14730=IFCCARTESIANPOINT((0.,0.,0.));
#14731=IFCDIRECTION((1.,0.,0.));
#14732=IFCDIRECTION((0.,1.,0.));
#14733=IFCDIRECTION((0.,0.,1.));
#14734=IFCCARTESIANTRANSFORMATIONOPERATOR3D(#14731,#14732,#14730,1.,#14733);
#14735=IFCMAPPEDITEM(#14680,#14734);
#14736=IFCSHAPEREPRESENTATION(#11,'Body','MappedRepresentation',(#14735));
#14737=IFCPRODUCTDEFINITIONSHAPE($,$,(#14736,#15142));
#14812=IFCRAILINGTYPE('1yb8Bt5094IAl4JuUoGH9c',$,'Balcony-3',$,$,(#14813,#14815),(#14817,#14910),$,$,.USERDEFINED.);
#14813=IFCPROPERTYSET('2X7F_XaCr0TBKbgaz$68do',$,'BBIM_Railing',$,(#14814));
#14814=IFCPROPERTYSINGLEVALUE('Data',$,IFCTEXT('{"railing_type": "FRAMELESS_PANEL", "height": 1.0, "thickness": 0.05000000074505806, "spacing": 0.05000000074505806, "path_data": {"edges": [[0, 1], [1, 2]], "verts": [[-0.5231029987335205, 2.0845829951099404e-08, 0.0], [0.0, 0.0, 0.0], [1.0, 0.0, 0.0]]}}'),$);
#14815=IFCPROPERTYSET('3DB382gAn1tw3Q7qjjac0l',$,'Pset_RailingCommon',$,(#14816));
#14816=IFCPROPERTYSINGLEVALUE('Height',$,IFCPOSITIVELENGTHMEASURE(1.),$);
#14817=IFCREPRESENTATIONMAP(#14818,#14901);
#14818=IFCAXIS2PLACEMENT3D(#14819,#14820,#14821);
#14819=IFCCARTESIANPOINT((0.,0.,0.));
#14820=IFCDIRECTION((0.,0.,1.));
#14821=IFCDIRECTION((1.,0.,0.));
#14865=IFCRAILING('2wNeqjuWP2DvPTHsavw5OV',$,'Railing',$,'FRAMELESS_PANEL',#15724,#14874,$,.USERDEFINED.);
#14866=IFCRELDEFINESBYTYPE('1noX3jUi97zQT3tJzjg57z',$,$,$,(#14865),#14812);
#14867=IFCCARTESIANPOINT((0.,0.,0.));
#14868=IFCDIRECTION((1.,0.,0.));
#14869=IFCDIRECTION((0.,1.,0.));
#14870=IFCDIRECTION((0.,0.,1.));
#14871=IFCCARTESIANTRANSFORMATIONOPERATOR3D(#14868,#14869,#14867,1.,#14870);
#14872=IFCMAPPEDITEM(#14817,#14871);
#14873=IFCSHAPEREPRESENTATION(#11,'Body','MappedRepresentation',(#14872));
#14874=IFCPRODUCTDEFINITIONSHAPE($,$,(#14873,#14917));
#14887=IFCINDEXEDPOLYGONALFACE((16,19,18,17));
#14888=IFCINDEXEDPOLYGONALFACE((20,23,22,21));
#14889=IFCINDEXEDPOLYGONALFACE((5,11,10,4,8,9));
#14890=IFCINDEXEDPOLYGONALFACE((7,15,14,6,12,13));
#14891=IFCINDEXEDPOLYGONALFACE((5,9,19,16,11));
#14892=IFCINDEXEDPOLYGONALFACE((7,13,23,20,15));
#14893=IFCINDEXEDPOLYGONALFACE((11,16,17,10));
#14894=IFCINDEXEDPOLYGONALFACE((8,18,19,9));
#14895=IFCINDEXEDPOLYGONALFACE((12,22,23,13));
#14896=IFCINDEXEDPOLYGONALFACE((6,14,21,22,12));
#14897=IFCINDEXEDPOLYGONALFACE((15,20,21,14));
#14898=IFCINDEXEDPOLYGONALFACE((10,17,18,8,4));
#14899=IFCCARTESIANPOINTLIST3D(((-0.52310299873352051,2.0845829951099404E-08,0.),(0.,0.,0.),(1.,0.,0.),(-0.49810299277305603,1.984957087586281E-08,0.),(-0.02500000037252903,9.9625829808047683E-10,0.),(0.02500000037252903,0.,0.),(0.97500002384185791,0.,0.),(-0.49810299277305603,0.025000020861625671,0.),(-0.024999998509883881,0.025000002235174179,0.),(-0.49810299277305603,-0.024999979883432388,0.),(-0.025000002235174179,-0.024999998509883881,0.),(0.02500000037252903,0.02500000037252903,0.),(0.97500002384185791,0.02500000037252903,0.),(0.02500000037252903,-0.02500000037252903,0.),(0.97500002384185791,-0.02500000037252903,0.),(-0.025000002235174179,-0.024999998509883881,1.),(-0.49810299277305603,-0.024999979883432388,1.),(-0.49810299277305603,0.025000020861625671,1.),(-0.024999998509883881,0.025000002235174179,1.),(0.97500002384185791,-0.02500000037252903,1.),(0.02500000037252903,-0.02500000037252903,1.),(0.02500000037252903,0.02500000037252903,1.),(0.97500002384185791,0.02500000037252903,1.)));
#14900=IFCPOLYGONALFACESET(#14899,.F.,(#14887,#14888,#14889,#14890,#14891,#14892,#14893,#14894,#14895,#14896,#14897,#14898),$);
#14901=IFCSHAPEREPRESENTATION(#11,'Body','Tessellation',(#14900));
#14903=IFCCARTESIANPOINT((-0.52310299873352051,-0.02500000037252903,0.));
#14904=IFCBOUNDINGBOX(#14903,1.5231029987335205,0.050000019371509552,1.);
#14905=IFCSHAPEREPRESENTATION(#13,'Box','BoundingBox',(#14904));
#14906=IFCCARTESIANPOINT((0.,0.,0.));
#14907=IFCDIRECTION((1.,0.,0.));
#14908=IFCDIRECTION((0.,0.,1.));
#14909=IFCAXIS2PLACEMENT3D(#14906,#14908,#14907);
#14910=IFCREPRESENTATIONMAP(#14909,#14905);
#14911=IFCCARTESIANPOINT((0.,0.,0.));
#14912=IFCDIRECTION((1.,0.,0.));
#14913=IFCDIRECTION((0.,1.,0.));
#14914=IFCDIRECTION((0.,0.,1.));
#14915=IFCCARTESIANTRANSFORMATIONOPERATOR3D(#14912,#14913,#14911,1.,#14914);
#14916=IFCMAPPEDITEM(#14910,#14915);
#14917=IFCSHAPEREPRESENTATION(#13,'Box','MappedRepresentation',(#14916));
#15038=IFCCARTESIANPOINT((2.1697511672973633,4.1809487342834473,0.));
#15039=IFCDIRECTION((0.,0.,1.));
#15040=IFCDIRECTION((1.,0.,0.));
#15041=IFCAXIS2PLACEMENT3D(#15038,#15039,#15040);
#15042=IFCLOCALPLACEMENT(#79,#15041);
#15053=IFCCARTESIANPOINT((3.3180885314941406,1.337338924407959,0.20172077417373657));
#15054=IFCDIRECTION((0.,0.,1.));
#15055=IFCDIRECTION((1.,0.,0.));
#15056=IFCAXIS2PLACEMENT3D(#15053,#15054,#15055);
#15057=IFCLOCALPLACEMENT(#79,#15056);
#15058=IFCCARTESIANPOINT((1.8144667148590088,0.5051116943359375,0.10000000149011612));
#15059=IFCDIRECTION((0.,0.,1.));
#15060=IFCDIRECTION((1.,0.,0.));
#15061=IFCAXIS2PLACEMENT3D(#15058,#15059,#15060);
#15062=IFCLOCALPLACEMENT(#79,#15061);
#15068=IFCSLAB('2C4aYI82nEqQ7gX8dvyUN9',$,'Slab',$,$,#15729,#15082,$,$);
#15069=IFCMATERIALLAYERSETUSAGE(#2011,.AXIS3.,.POSITIVE.,-0.10000000149011612,$);
#15070=IFCRELASSOCIATESMATERIAL('33lgGeUaDCiAY2g8iaz9TJ',$,$,$,(#15068),#15069);
#15076=IFCCARTESIANPOINTLIST2D(((0.,0.),(1.1920928955078125E-07,1.7999999523162842),(2.4253954887390137,1.8000001907348633),(2.4253954887390137,4.4586091041564941),(-1.5381054878234863,4.4586086273193359),(-1.538105845451355,0.0001742243766784668),(0.,0.)));
#15077=IFCINDEXEDPOLYCURVE(#15076,$,$);
#15078=IFCDIRECTION((0.,0.,1.));
#15079=IFCARBITRARYCLOSEDPROFILEDEF(.AREA.,$,#15077);
#15080=IFCEXTRUDEDAREASOLID(#15079,#15089,#15078,0.10000000000000001);
#15081=IFCSHAPEREPRESENTATION(#11,'Body','SweptSolid',(#15080));
#15082=IFCPRODUCTDEFINITIONSHAPE($,$,(#15081));
#15083=IFCPROPERTYSET('1oPofu1F5Aww54Vb92VmNG',$,'EPset_Parametric',$,(#15085));
#15084=IFCRELDEFINESBYPROPERTIES('1JP1p$$lb0IgobnF6hFjA4',$,$,$,(#15068),#15083);
#15085=IFCPROPERTYSINGLEVALUE('Engine',$,IFCLABEL('Bonsai.DumbLayer3'),$);
#15086=IFCCARTESIANPOINT((-0.,-0.,-0.10000000149011612));
#15087=IFCDIRECTION((0.,0.,1.));
#15088=IFCDIRECTION((1.,0.,0.));
#15089=IFCAXIS2PLACEMENT3D(#15086,#15087,#15088);
#15090=IFCSLAB('3m2z1VvT1AVRsCdV8YNFBf',$,'Slab',$,$,#15734,#15104,$,$);
#15091=IFCMATERIALLAYERSETUSAGE(#2011,.AXIS3.,.POSITIVE.,-0.10000000149011612,$);
#15092=IFCRELASSOCIATESMATERIAL('1t9etHzVf4fQ3i3aVJrT0Q',$,$,$,(#15090),#15091);
#15098=IFCCARTESIANPOINTLIST2D(((0.,0.),(0.,1.7956020832061768),(0.097511768341064453,1.7956020832061768),(0.097511768341064453,-5.2273273468017578E-05),(0.,0.)));
#15099=IFCINDEXEDPOLYCURVE(#15098,$,$);
#15100=IFCDIRECTION((0.,0.,1.));
#15101=IFCARBITRARYCLOSEDPROFILEDEF(.AREA.,$,#15099);
#15102=IFCEXTRUDEDAREASOLID(#15101,#15111,#15100,0.10000000000000001);
#15103=IFCSHAPEREPRESENTATION(#11,'Body','SweptSolid',(#15102));
#15104=IFCPRODUCTDEFINITIONSHAPE($,$,(#15103));
#15105=IFCPROPERTYSET('3jjgKUCdH9mOsyIfoNogdr',$,'EPset_Parametric',$,(#15107));
#15106=IFCRELDEFINESBYPROPERTIES('10YpF$9pb37QxWzzhmusWt',$,$,$,(#15090),#15105);
#15107=IFCPROPERTYSINGLEVALUE('Engine',$,IFCLABEL('Bonsai.DumbLayer3'),$);
#15108=IFCCARTESIANPOINT((-0.,-0.,-0.10000000149011612));
#15109=IFCDIRECTION((0.,0.,1.));
#15110=IFCDIRECTION((1.,0.,0.));
#15111=IFCAXIS2PLACEMENT3D(#15108,#15109,#15110);
#15112=IFCINDEXEDPOLYGONALFACE((16,19,18,17));
#15113=IFCINDEXEDPOLYGONALFACE((20,23,22,21));
#15114=IFCINDEXEDPOLYGONALFACE((5,11,10,4,8,9));
#15115=IFCINDEXEDPOLYGONALFACE((7,15,14,6,12,13));
#15116=IFCINDEXEDPOLYGONALFACE((11,16,17,10));
#15117=IFCINDEXEDPOLYGONALFACE((8,18,19,9));
#15118=IFCINDEXEDPOLYGONALFACE((7,13,23,20,15));
#15119=IFCINDEXEDPOLYGONALFACE((5,9,19,16,11));
#15120=IFCINDEXEDPOLYGONALFACE((12,22,23,13));
#15121=IFCINDEXEDPOLYGONALFACE((14,21,22,12,6));
#15122=IFCINDEXEDPOLYGONALFACE((15,20,21,14));
#15123=IFCINDEXEDPOLYGONALFACE((4,10,17,18,8));
#15124=IFCCARTESIANPOINTLIST3D(((-0.16889476776123047,0.,0.),(0.,0.,0.),(1.,0.,0.),(-0.14389476180076599,0.,0.),(-0.024999998509883881,0.,0.),(0.02500000037252903,0.,0.),(0.97500002384185791,0.,0.),(-0.14389476180076599,0.024999998509883881,0.),(-0.024999998509883881,0.024999998509883881,0.),(-0.14389476180076599,-0.024999998509883881,0.),(-0.024999998509883881,-0.024999998509883881,0.),(0.02500000037252903,0.02500000037252903,0.),(0.97500002384185791,0.02500000037252903,0.),(0.02500000037252903,-0.02500000037252903,0.),(0.97500002384185791,-0.02500000037252903,0.),(-0.024999998509883881,-0.024999998509883881,1.),(-0.14389476180076599,-0.024999998509883881,1.),(-0.14389476180076599,0.024999998509883881,1.),(-0.024999998509883881,0.024999998509883881,1.),(0.97500002384185791,-0.02500000037252903,1.),(0.02500000037252903,-0.02500000037252903,1.),(0.02500000037252903,0.02500000037252903,1.),(0.97500002384185791,0.02500000037252903,1.)));
#15125=IFCPOLYGONALFACESET(#15124,.F.,(#15112,#15113,#15114,#15115,#15116,#15117,#15118,#15119,#15120,#15121,#15122,#15123),$);
#15126=IFCSHAPEREPRESENTATION(#11,'Body','Tessellation',(#15125));
#15128=IFCCARTESIANPOINT((-0.16889476776123047,-0.02500000037252903,0.));
#15129=IFCBOUNDINGBOX(#15128,1.1688947677612305,0.05000000074505806,1.);
#15130=IFCSHAPEREPRESENTATION(#13,'Box','BoundingBox',(#15129));
#15131=IFCCARTESIANPOINT((0.,0.,0.));
#15132=IFCDIRECTION((1.,0.,0.));
#15133=IFCDIRECTION((0.,0.,1.));
#15134=IFCAXIS2PLACEMENT3D(#15131,#15133,#15132);
#15135=IFCREPRESENTATIONMAP(#15134,#15130);
#15136=IFCCARTESIANPOINT((0.,0.,0.));
#15137=IFCDIRECTION((1.,0.,0.));
#15138=IFCDIRECTION((0.,1.,0.));
#15139=IFCDIRECTION((0.,0.,1.));
#15140=IFCCARTESIANTRANSFORMATIONOPERATOR3D(#15137,#15138,#15136,1.,#15139);
#15141=IFCMAPPEDITEM(#15135,#15140);
#15142=IFCSHAPEREPRESENTATION(#13,'Box','MappedRepresentation',(#15141));
#15143=IFCSLAB('0FODDsu4b3MAnBGBFAtf1a',$,'Slab',$,$,#15739,#15157,$,$);
#15144=IFCMATERIALLAYERSETUSAGE(#2011,.AXIS3.,.POSITIVE.,-0.10000000149011612,$);
#15145=IFCRELASSOCIATESMATERIAL('3Y6wRTAyT6jQLIR7tA0SoN',$,$,$,(#15143),#15144);
#15151=IFCCARTESIANPOINTLIST2D(((0.,0.),(-3.9639754295349121,-4.76837158203125E-07),(-3.9639754295349121,-1.5939135551452637),(-4.7206878662109375E-05,-1.5939130783081055),(0.,0.)));
#15152=IFCINDEXEDPOLYCURVE(#15151,$,$);
#15153=IFCDIRECTION((0.,0.,1.));
#15154=IFCARBITRARYCLOSEDPROFILEDEF(.AREA.,$,#15152);
#15155=IFCEXTRUDEDAREASOLID(#15154,#15164,#15153,0.10000000000000001);
#15156=IFCSHAPEREPRESENTATION(#11,'Body','SweptSolid',(#15155));
#15157=IFCPRODUCTDEFINITIONSHAPE($,$,(#15156));
#15158=IFCPROPERTYSET('2OxIsCeAL01uHuv5CvDKgw',$,'EPset_Parametric',$,(#15160));
#15159=IFCRELDEFINESBYPROPERTIES('16ipPXwwrFR980A1wxUhOp',$,$,$,(#15143),#15158);
#15160=IFCPROPERTYSINGLEVALUE('Engine',$,IFCLABEL('Bonsai.DumbLayer3'),$);
#15161=IFCCARTESIANPOINT((-0.,-0.,-0.10000000149011612));
#15162=IFCDIRECTION((0.,0.,1.));
#15163=IFCDIRECTION((1.,0.,0.));
#15164=IFCAXIS2PLACEMENT3D(#15161,#15162,#15163);
#15165=IFCSLAB('1XlV3mOxzCEu7p$SuXkXUC',$,'Slab',$,$,#15744,#15179,$,$);
#15166=IFCMATERIALLAYERSETUSAGE(#2011,.AXIS3.,.POSITIVE.,-0.10000000149011612,$);
#15167=IFCRELASSOCIATESMATERIAL('2ydRymxwP0rA_meQRINTV2',$,$,$,(#15165),#15166);
#15173=IFCCARTESIANPOINTLIST2D(((0.,0.),(4.76837158203125E-07,3.5926265716552734),(-3.9639744758605957,3.5926260948181152),(-3.9639739990234375,8.6496334075927734),(-7.5121922492980957,8.6496334075927734),(-7.5121927261352539,-8.58306884765625E-05),(0.,0.)));
#15174=IFCINDEXEDPOLYCURVE(#15173,$,$);
#15175=IFCDIRECTION((0.,0.,1.));
#15176=IFCARBITRARYCLOSEDPROFILEDEF(.AREA.,$,#15174);
#15177=IFCEXTRUDEDAREASOLID(#15176,#15186,#15175,0.10000000000000001);
#15178=IFCSHAPEREPRESENTATION(#11,'Body','SweptSolid',(#15177));
#15179=IFCPRODUCTDEFINITIONSHAPE($,$,(#15178));
#15180=IFCPROPERTYSET('3IEfFTZu9AXAWFLWrpOsV$',$,'EPset_Parametric',$,(#15182));
#15181=IFCRELDEFINESBYPROPERTIES('0iCMYdQYL0XAiFc7c$qi6N',$,$,$,(#15165),#15180);
#15182=IFCPROPERTYSINGLEVALUE('Engine',$,IFCLABEL('Bonsai.DumbLayer3'),$);
#15183=IFCCARTESIANPOINT((-0.,-0.,-0.10000000149011612));
#15184=IFCDIRECTION((0.,0.,1.));
#15185=IFCDIRECTION((1.,0.,0.));
#15186=IFCAXIS2PLACEMENT3D(#15183,#15184,#15185);
#15187=IFCSTAIRFLIGHT('2U8JA7YVD1OuaoHzu63E29',$,'StairFlight',$,$,#15188,#15200,$,8,7,0.22499999403953552,0.25,.STRAIGHT.);
#15188=IFCLOCALPLACEMENT(#79,#15189);
#15189=IFCAXIS2PLACEMENT3D(#15190,#15191,#15192);
#15190=IFCCARTESIANPOINT((1.8144667148590088,0.5051116943359375,0.10000000149011612));
#15191=IFCDIRECTION((0.,0.,1.));
#15192=IFCDIRECTION((1.,0.,0.));
#15193=IFCCARTESIANPOINT((0.,0.,0.));
#15194=IFCDIRECTION((1.,0.,0.));
#15195=IFCDIRECTION((0.,1.,0.));
#15196=IFCDIRECTION((0.,0.,1.));
#15197=IFCCARTESIANTRANSFORMATIONOPERATOR3D(#15194,#15195,#15193,1.,#15196);
#15198=IFCMAPPEDITEM(#14336,#15197);
#15199=IFCSHAPEREPRESENTATION(#11,'Body','MappedRepresentation',(#15198));
#15200=IFCPRODUCTDEFINITIONSHAPE($,$,(#15199,#15207));
#15201=IFCCARTESIANPOINT((0.,0.,0.));
#15202=IFCDIRECTION((1.,0.,0.));
#15203=IFCDIRECTION((0.,1.,0.));
#15204=IFCDIRECTION((0.,0.,1.));
#15205=IFCCARTESIANTRANSFORMATIONOPERATOR3D(#15202,#15203,#15201,1.,#15204);
#15206=IFCMAPPEDITEM(#14468,#15205);
#15207=IFCSHAPEREPRESENTATION(#13,'Box','MappedRepresentation',(#15206));
#15251=IFCSLAB('3ZBuAD$Q9FTv$lNgBFe31q',$,'Slab',$,$,#15496,#15265,$,$);
#15252=IFCMATERIALLAYERSETUSAGE(#14477,.AXIS3.,.POSITIVE.,-1.7999999523162842,$);
#15253=IFCRELASSOCIATESMATERIAL('2i$jgYULL9gQhb1vB3vLGF',$,$,$,(#15251),#15252);
#15259=IFCCARTESIANPOINTLIST2D(((0.,0.),(0.,0.9157257080078125),(-0.82537841796875,0.9157257080078125),(-0.82537841796875,-4.57763671875E-05),(0.,0.)));
#15260=IFCINDEXEDPOLYCURVE(#15259,$,$);
#15261=IFCDIRECTION((0.,0.,1.));
#15262=IFCARBITRARYCLOSEDPROFILEDEF(.AREA.,$,#15260);
#15263=IFCEXTRUDEDAREASOLID(#15262,#15272,#15261,1.7999999523162842);
#15264=IFCSHAPEREPRESENTATION(#11,'Body','SweptSolid',(#15263));
#15265=IFCPRODUCTDEFINITIONSHAPE($,$,(#15264));
#15266=IFCPROPERTYSET('1ecirM62L3l9naDaj4sEKY',$,'EPset_Parametric',$,(#15268));
#15267=IFCRELDEFINESBYPROPERTIES('2luIbzwN14kQ8OXrTBp$Nn',$,$,$,(#15251),#15266);
#15268=IFCPROPERTYSINGLEVALUE('Engine',$,IFCLABEL('Bonsai.DumbLayer3'),$);
#15269=IFCCARTESIANPOINT((-0.,-0.,-1.7999999523162842));
#15270=IFCDIRECTION((0.,0.,1.));
#15271=IFCDIRECTION((1.,0.,0.));
#15272=IFCAXIS2PLACEMENT3D(#15269,#15270,#15271);
#15273=IFCSLAB('1Evic7$qr1SRFnnoB4ruaN',$,'Slab',$,$,#15501,#15287,$,$);
#15274=IFCMATERIALLAYERSETUSAGE(#14477,.AXIS3.,.POSITIVE.,-1.7999999523162842,$);
#15275=IFCRELASSOCIATESMATERIAL('2Mek7HF6v6BvOz4$5a$T$t',$,$,$,(#15273),#15274);
#15281=IFCCARTESIANPOINTLIST2D(((0.,0.),(-1.5036215782165527,-4.76837158203125E-07),(-1.5036218166351318,0.83419632911682129),(-2.384185791015625E-07,0.83419680595397949),(0.,0.)));
#15282=IFCINDEXEDPOLYCURVE(#15281,$,$);
#15283=IFCDIRECTION((0.,0.,1.));
#15284=IFCARBITRARYCLOSEDPROFILEDEF(.AREA.,$,#15282);
#15285=IFCEXTRUDEDAREASOLID(#15284,#15294,#15283,1.7999999523162842);
#15286=IFCSHAPEREPRESENTATION(#11,'Body','SweptSolid',(#15285));
#15287=IFCPRODUCTDEFINITIONSHAPE($,$,(#15286));
#15288=IFCPROPERTYSET('1aIqG33d53cQ2AxVAyBi1R',$,'EPset_Parametric',$,(#15290));
#15289=IFCRELDEFINESBYPROPERTIES('283e$9LRn0oeO6zG2LUwOp',$,$,$,(#15273),#15288);
#15290=IFCPROPERTYSINGLEVALUE('Engine',$,IFCLABEL('Bonsai.DumbLayer3'),$);
#15291=IFCCARTESIANPOINT((-0.,-0.,-1.7999999523162842));
#15292=IFCDIRECTION((0.,0.,1.));
#15293=IFCDIRECTION((1.,0.,0.));
#15294=IFCAXIS2PLACEMENT3D(#15291,#15292,#15293);
#15362=IFCSTAIRFLIGHTTYPE('07riNHtyz3VBpRN2cZGsVj',$,'Stair-2-GF',$,$,(#15363,#15365),(#15371,#15538),$,$,.STRAIGHT.);
#15363=IFCPROPERTYSET('0TeoFgwTX8YBke0dAG1jTk',$,'BBIM_Stair',$,(#15364));
#15364=IFCPROPERTYSINGLEVALUE('Data',$,IFCTEXT('{"stair_type": "GENERIC", "width": 0.8341968059539795, "height": 1.100000023841858, "number_of_treads": 7, "tread_run": 0.1879526972770691, "nosing_length": 0.0, "nosing_depth": 0.0, "custom_first_last_tread_run": [null, null], "custom_tread_lock": true}'),$);
#15365=IFCPROPERTYSET('3Ufvf6zE1Bt9DrJxHpQbEO',$,'Pset_StairFlightCommon',$,(#15366,#15367,#15368,#15369,#15370));
#15366=IFCPROPERTYSINGLEVALUE('NumberOfRiser',$,IFCCOUNTMEASURE(8.),$);
#15367=IFCPROPERTYSINGLEVALUE('NumberOfTreads',$,IFCCOUNTMEASURE(7.),$);
#15368=IFCPROPERTYSINGLEVALUE('RiserHeight',$,IFCPOSITIVELENGTHMEASURE(0.13750000298023224),$);
#15369=IFCPROPERTYSINGLEVALUE('TreadLength',$,IFCPOSITIVELENGTHMEASURE(0.25),$);
#15370=IFCPROPERTYSINGLEVALUE('NosingLength',$,IFCLENGTHMEASURE(0.),$);
#15371=IFCREPRESENTATIONMAP(#15372,#15529);
#15372=IFCAXIS2PLACEMENT3D(#15373,#15374,#15375);
#15373=IFCCARTESIANPOINT((0.,0.,0.));
#15374=IFCDIRECTION((0.,0.,1.));
#15375=IFCDIRECTION((1.,0.,0.));
#15407=IFCSTAIRFLIGHT('3ytW2A8wvFOvH44IMXqRaZ',$,'StairFlight',$,$,#15428,#15416,$,$,$,$,$,$);
#15408=IFCRELDEFINESBYTYPE('2ZreuW5X56MeExksl_rYts',$,$,$,(#15471,#15450,#15407,#15429),#15362);
#15409=IFCCARTESIANPOINT((0.,0.,0.));
#15410=IFCDIRECTION((1.,0.,0.));
#15411=IFCDIRECTION((0.,1.,0.));
#15412=IFCDIRECTION((0.,0.,1.));
#15413=IFCCARTESIANTRANSFORMATIONOPERATOR3D(#15410,#15411,#15409,1.,#15412);
#15414=IFCMAPPEDITEM(#15371,#15413);
#15415=IFCSHAPEREPRESENTATION(#11,'Body','MappedRepresentation',(#15414));
#15416=IFCPRODUCTDEFINITIONSHAPE($,$,(#15415,#15559));
#15424=IFCCARTESIANPOINT((547.3922119140625,638.58282470703125,0.));
#15425=IFCDIRECTION((0.,0.,1.));
#15426=IFCDIRECTION((1.,0.,0.));
#15427=IFCAXIS2PLACEMENT3D(#15424,#15425,#15426);
#15428=IFCLOCALPLACEMENT(#79,#15427);
#15429=IFCSTAIRFLIGHT('2WI6TAhNjEH8OteCtW6Ytp',$,'StairFlight',$,$,#15449,#15437,$,$,$,$,$,$);
#15430=IFCCARTESIANPOINT((0.,0.,0.));
#15431=IFCDIRECTION((1.,0.,0.));
#15432=IFCDIRECTION((0.,1.,0.));
#15433=IFCDIRECTION((0.,0.,1.));
#15434=IFCCARTESIANTRANSFORMATIONOPERATOR3D(#15431,#15432,#15430,1.,#15433);
#15435=IFCMAPPEDITEM(#15371,#15434);
#15436=IFCSHAPEREPRESENTATION(#11,'Body','MappedRepresentation',(#15435));
#15437=IFCPRODUCTDEFINITIONSHAPE($,$,(#15436,#15566));
#15445=IFCCARTESIANPOINT((547.3922119140625,638.58282470703125,0.));
#15446=IFCDIRECTION((0.,0.,1.));
#15447=IFCDIRECTION((1.,0.,0.));
#15448=IFCAXIS2PLACEMENT3D(#15445,#15446,#15447);
#15449=IFCLOCALPLACEMENT(#79,#15448);
#15450=IFCSTAIRFLIGHT('0HXAllL9TECBByXUHKzdXX',$,'StairFlight',$,$,#15470,#15458,$,$,$,$,$,$);
#15451=IFCCARTESIANPOINT((0.,0.,0.));
#15452=IFCDIRECTION((1.,0.,0.));
#15453=IFCDIRECTION((0.,1.,0.));
#15454=IFCDIRECTION((0.,0.,1.));
#15455=IFCCARTESIANTRANSFORMATIONOPERATOR3D(#15452,#15453,#15451,1.,#15454);
#15456=IFCMAPPEDITEM(#15371,#15455);
#15457=IFCSHAPEREPRESENTATION(#11,'Body','MappedRepresentation',(#15456));
#15458=IFCPRODUCTDEFINITIONSHAPE($,$,(#15457,#15552));
#15466=IFCCARTESIANPOINT((215.61578369140625,253.34695434570312,0.));
#15467=IFCDIRECTION((0.,0.,1.));
#15468=IFCDIRECTION((1.,0.,0.));
#15469=IFCAXIS2PLACEMENT3D(#15466,#15467,#15468);
#15470=IFCLOCALPLACEMENT(#79,#15469);
#15471=IFCSTAIRFLIGHT('3G9bUm$dD6fPUr3h_Jv4sl',$,'StairFlight',$,$,#15942,#15479,$,8,7,0.13750000298023224,0.25,.STRAIGHT.);
#15472=IFCCARTESIANPOINT((0.,0.,0.));
#15473=IFCDIRECTION((1.,0.,0.));
#15474=IFCDIRECTION((0.,1.,0.));
#15475=IFCDIRECTION((0.,0.,1.));
#15476=IFCCARTESIANTRANSFORMATIONOPERATOR3D(#15473,#15474,#15472,1.,#15475);
#15477=IFCMAPPEDITEM(#15371,#15476);
#15478=IFCSHAPEREPRESENTATION(#11,'Body','MappedRepresentation',(#15477));
#15479=IFCPRODUCTDEFINITIONSHAPE($,$,(#15478,#15545));
#15492=IFCCARTESIANPOINT((4.14349365234375,1.3393402099609375,1.9017207622528076));
#15493=IFCDIRECTION((0.,0.,1.));
#15494=IFCDIRECTION((1.,0.,0.));
#15495=IFCAXIS2PLACEMENT3D(#15492,#15493,#15494);
#15496=IFCLOCALPLACEMENT(#79,#15495);
#15497=IFCCARTESIANPOINT((3.3180885314941406,1.4208428859710693,1.9000000953674316));
#15498=IFCDIRECTION((0.,0.,1.));
#15499=IFCDIRECTION((1.,0.,0.));
#15500=IFCAXIS2PLACEMENT3D(#15497,#15498,#15499);
#15501=IFCLOCALPLACEMENT(#79,#15500);
#15507=IFCINDEXEDPOLYGONALFACE((2,1,18,17,16,15,14,13,12,11,10,9,8,7,6,5,4,3));
#15508=IFCINDEXEDPOLYGONALFACE((19,20,21,22,23,24,25,26,27,28,29,30,31,32,33,34,35,36));
#15509=IFCINDEXEDPOLYGONALFACE((17,18,35,34));
#15510=IFCINDEXEDPOLYGONALFACE((10,11,28,27));
#15511=IFCINDEXEDPOLYGONALFACE((3,4,21,20));
#15512=IFCINDEXEDPOLYGONALFACE((18,1,36,35));
#15513=IFCINDEXEDPOLYGONALFACE((11,12,29,28));
#15514=IFCINDEXEDPOLYGONALFACE((4,5,22,21));
#15515=IFCINDEXEDPOLYGONALFACE((12,13,30,29));
#15516=IFCINDEXEDPOLYGONALFACE((5,6,23,22));
#15517=IFCINDEXEDPOLYGONALFACE((13,14,31,30));
#15518=IFCINDEXEDPOLYGONALFACE((6,7,24,23));
#15519=IFCINDEXEDPOLYGONALFACE((14,15,32,31));
#15520=IFCINDEXEDPOLYGONALFACE((7,8,25,24));
#15521=IFCINDEXEDPOLYGONALFACE((15,16,33,32));
#15522=IFCINDEXEDPOLYGONALFACE((8,9,26,25));
#15523=IFCINDEXEDPOLYGONALFACE((1,2,19,36));
#15524=IFCINDEXEDPOLYGONALFACE((16,17,34,33));
#15525=IFCINDEXEDPOLYGONALFACE((9,10,27,26));
#15526=IFCINDEXEDPOLYGONALFACE((2,3,20,19));
#15527=IFCCARTESIANPOINTLIST3D(((0.,0.,0.),(0.,0.,0.13750000298023224),(0.18795269727706909,0.,0.13750000298023224),(0.18795269727706909,0.,0.27500000596046448),(0.37590539455413818,0.,0.27500000596046448),(0.37590539455413818,0.,0.41250002384185791),(0.56385809183120728,0.,0.41250002384185791),(0.56385809183120728,0.,0.55000001192092896),(0.75181078910827637,0.,0.55000001192092896),(0.75181078910827637,0.,0.6875),(0.93976348638534546,0.,0.6875),(0.93976348638534546,0.,0.82499998807907104),(1.1277161836624146,0.,0.82499998807907104),(1.1277161836624146,0.,0.96249997615814209),(1.3156688213348389,0.,0.96249997615814209),(1.3156688213348389,0.,1.1000000238418579),(1.5036215782165527,0.,1.1000000238418579),(1.5036215782165527,0.,0.),(0.,0.83419680595397949,0.13750000298023224),(0.18795269727706909,0.83419680595397949,0.13750000298023224),(0.18795269727706909,0.83419680595397949,0.27500000596046448),(0.37590539455413818,0.83419680595397949,0.27500000596046448),(0.37590539455413818,0.83419680595397949,0.41250002384185791),(0.56385809183120728,0.83419680595397949,0.41250002384185791),(0.56385809183120728,0.83419680595397949,0.55000001192092896),(0.75181078910827637,0.83419680595397949,0.55000001192092896),(0.75181078910827637,0.83419680595397949,0.6875),(0.93976348638534546,0.83419680595397949,0.6875),(0.93976348638534546,0.83419680595397949,0.82499998807907104),(1.1277161836624146,0.83419680595397949,0.82499998807907104),(1.1277161836624146,0.83419680595397949,0.96249997615814209),(1.3156688213348389,0.83419680595397949,0.96249997615814209),(1.3156688213348389,0.83419680595397949,1.1000000238418579),(1.5036215782165527,0.83419680595397949,1.1000000238418579),(1.5036215782165527,0.83419680595397949,0.),(0.,0.83419680595397949,0.)));
#15528=IFCPOLYGONALFACESET(#15527,.T.,(#15507,#15508,#15509,#15510,#15511,#15512,#15513,#15514,#15515,#15516,#15517,#15518,#15519,#15520,#15521,#15522,#15523,#15524,#15525,#15526),$);
#15529=IFCSHAPEREPRESENTATION(#11,'Body','Tessellation',(#15528));
#15531=IFCCARTESIANPOINT((0.,0.,0.));
#15532=IFCBOUNDINGBOX(#15531,1.5036215782165527,0.83419680595397949,1.1000000238418579);
#15533=IFCSHAPEREPRESENTATION(#13,'Box','BoundingBox',(#15532));
#15534=IFCCARTESIANPOINT((0.,0.,0.));
#15535=IFCDIRECTION((1.,0.,0.));
#15536=IFCDIRECTION((0.,0.,1.));
#15537=IFCAXIS2PLACEMENT3D(#15534,#15536,#15535);
#15538=IFCREPRESENTATIONMAP(#15537,#15533);
#15539=IFCCARTESIANPOINT((0.,0.,0.));
#15540=IFCDIRECTION((1.,0.,0.));
#15541=IFCDIRECTION((0.,1.,0.));
#15542=IFCDIRECTION((0.,0.,1.));
#15543=IFCCARTESIANTRANSFORMATIONOPERATOR3D(#15540,#15541,#15539,1.,#15542);
#15544=IFCMAPPEDITEM(#15538,#15543);
#15545=IFCSHAPEREPRESENTATION(#13,'Box','MappedRepresentation',(#15544));
#15546=IFCCARTESIANPOINT((0.,0.,0.));
#15547=IFCDIRECTION((1.,0.,0.));
#15548=IFCDIRECTION((0.,1.,0.));
#15549=IFCDIRECTION((0.,0.,1.));
#15550=IFCCARTESIANTRANSFORMATIONOPERATOR3D(#15547,#15548,#15546,1.,#15549);
#15551=IFCMAPPEDITEM(#15538,#15550);
#15552=IFCSHAPEREPRESENTATION(#13,'Box','MappedRepresentation',(#15551));
#15553=IFCCARTESIANPOINT((0.,0.,0.));
#15554=IFCDIRECTION((1.,0.,0.));
#15555=IFCDIRECTION((0.,1.,0.));
#15556=IFCDIRECTION((0.,0.,1.));
#15557=IFCCARTESIANTRANSFORMATIONOPERATOR3D(#15554,#15555,#15553,1.,#15556);
#15558=IFCMAPPEDITEM(#15538,#15557);
#15559=IFCSHAPEREPRESENTATION(#13,'Box','MappedRepresentation',(#15558));
#15560=IFCCARTESIANPOINT((0.,0.,0.));
#15561=IFCDIRECTION((1.,0.,0.));
#15562=IFCDIRECTION((0.,1.,0.));
#15563=IFCDIRECTION((0.,0.,1.));
#15564=IFCCARTESIANTRANSFORMATIONOPERATOR3D(#15561,#15562,#15560,1.,#15563);
#15565=IFCMAPPEDITEM(#15538,#15564);
#15566=IFCSHAPEREPRESENTATION(#13,'Box','MappedRepresentation',(#15565));
#15567=IFCRAILINGTYPE('1d7CIyOR1BN9zx$8_B_6IH',$,'Family-1',$,$,(#15568,#15570),(#15572,#15930),$,$,.USERDEFINED.);
#15568=IFCPROPERTYSET('38826Efz56x9WpeM9DQhyM',$,'BBIM_Railing',$,(#15569));
#15569=IFCPROPERTYSINGLEVALUE('Data',$,IFCTEXT('{"railing_type": "FRAMELESS_PANEL", "height": 1.0, "thickness": 0.05000000074505806, "spacing": 0.05000000074505806, "path_data": {"edges": [[0, 1], [1, 2]], "verts": [[-1.3334490060806274, 0.0, 0.0], [-0.16179966926574707, 0.0, 0.0], [1.0, 0.0, 0.0]]}}'),$);
#15570=IFCPROPERTYSET('0R2nDB1$TBF8EoiXXzvKC2',$,'Pset_RailingCommon',$,(#15571));
#15571=IFCPROPERTYSINGLEVALUE('Height',$,IFCPOSITIVELENGTHMEASURE(1.),$);
#15572=IFCREPRESENTATIONMAP(#15573,#15921);
#15573=IFCAXIS2PLACEMENT3D(#15574,#15575,#15576);
#15574=IFCCARTESIANPOINT((0.,0.,0.));
#15575=IFCDIRECTION((0.,0.,1.));
#15576=IFCDIRECTION((1.,0.,0.));
#15620=IFCCARTESIANPOINT((0.,0.,3.));
#15621=IFCDIRECTION((0.,0.,1.));
#15622=IFCDIRECTION((1.,0.,0.));
#15623=IFCAXIS2PLACEMENT3D(#15620,#15621,#15622);
#15624=IFCLOCALPLACEMENT(#56,#15623);
#15625=IFCCARTESIANPOINT((4.2435240745544434,-2.5500004291534424,0.));
#15626=IFCDIRECTION((0.,0.,1.));
#15627=IFCDIRECTION((1.,0.,0.));
#15628=IFCAXIS2PLACEMENT3D(#15625,#15626,#15627);
#15629=IFCLOCALPLACEMENT(#15624,#15628);
#15630=IFCCARTESIANPOINT((-3.2664754390717223,5.5300010959214134,0.));
#15631=IFCDIRECTION((0.,0.,1.));
#15632=IFCDIRECTION((7.5497901264043123E-08,-0.99999999999999722,0.));
#15633=IFCAXIS2PLACEMENT3D(#15630,#15631,#15632);
#15634=IFCLOCALPLACEMENT(#15624,#15633);
#15635=IFCCARTESIANPOINT((-3.2664748992616541,-1.619999885559082,0.));
#15636=IFCDIRECTION((0.,0.,1.));
#15637=IFCDIRECTION((1.,0.,0.));
#15638=IFCAXIS2PLACEMENT3D(#15635,#15636,#15637);
#15639=IFCLOCALPLACEMENT(#15624,#15638);
#15640=IFCCARTESIANPOINT((1.8557128906250224,-2.2180782374925769,0.));
#15641=IFCDIRECTION((0.,0.,1.));
#15642=IFCDIRECTION((-1.6292068494294439E-07,-0.99999999999998679,0.));
#15643=IFCAXIS2PLACEMENT3D(#15640,#15641,#15642);
#15644=IFCLOCALPLACEMENT(#15624,#15643);
#15645=IFCCARTESIANPOINT((1.855712743996407,-3.1180782318115234,0.));
#15646=IFCDIRECTION((0.,0.,1.));
#15647=IFCDIRECTION((1.,0.,0.));
#15648=IFCAXIS2PLACEMENT3D(#15645,#15646,#15647);
#15649=IFCLOCALPLACEMENT(#15624,#15648);
#15650=IFCCARTESIANPOINT((4.2457127571105779,-3.1180782318115234,0.));
#15651=IFCDIRECTION((0.,0.,1.));
#15652=IFCDIRECTION((7.5497901264043123E-08,0.99999999999999722,0.));
#15653=IFCAXIS2PLACEMENT3D(#15650,#15651,#15652);
#15654=IFCLOCALPLACEMENT(#15624,#15653);
#15655=IFCCARTESIANPOINT((4.2457134847652549,6.5199999807351512,0.));
#15656=IFCDIRECTION((0.,0.,1.));
#15657=IFCDIRECTION((-0.99999999999999623,8.7422776573475527E-08,0.));
#15658=IFCAXIS2PLACEMENT3D(#15655,#15656,#15657);
#15659=IFCLOCALPLACEMENT(#15624,#15658);
#15660=IFCCARTESIANPOINT((0.28171308362359371,5.5299997142058244,0.));
#15661=IFCDIRECTION((0.,0.,1.));
#15662=IFCDIRECTION((-0.99999999999992428,3.8941436741876494E-07,0.));
#15663=IFCAXIS2PLACEMENT3D(#15660,#15661,#15662);
#15664=IFCLOCALPLACEMENT(#15624,#15663);
#15665=IFCCARTESIANPOINT((0.28171330271251871,2.6280789800679982,0.));
#15666=IFCDIRECTION((0.,0.,1.));
#15667=IFCDIRECTION((-0.99999999999998868,-1.5099580252808492E-07,0.));
#15668=IFCAXIS2PLACEMENT3D(#15665,#15666,#15667);
#15669=IFCLOCALPLACEMENT(#15624,#15668);
#15670=IFCCARTESIANPOINT((4.1457133293151855,0.47453957796096802,0.));
#15671=IFCDIRECTION((0.,0.,1.));
#15672=IFCDIRECTION((-0.99999999999998868,-1.5099580252808492E-07,0.));
#15673=IFCAXIS2PLACEMENT3D(#15670,#15671,#15672);
#15674=IFCLOCALPLACEMENT(#15624,#15673);
#15675=IFCCARTESIANPOINT((4.149409294128418,5.0260629653930664,0.));
#15676=IFCDIRECTION((0.,0.,1.));
#15677=IFCDIRECTION((-0.99999999999998868,-1.5099580252808492E-07,0.));
#15678=IFCAXIS2PLACEMENT3D(#15675,#15676,#15677);
#15679=IFCLOCALPLACEMENT(#15624,#15678);
#15680=IFCCARTESIANPOINT((4.2457127571105957,-3.1180782318115234,0.));
#15681=IFCDIRECTION((0.,0.,1.));
#15682=IFCDIRECTION((1.,0.,0.));
#15683=IFCAXIS2PLACEMENT3D(#15680,#15681,#15682);
#15684=IFCLOCALPLACEMENT(#15624,#15683);
#15685=IFCCARTESIANPOINT((0.28171348571777344,-1.619999885559082,0.));
#15686=IFCDIRECTION((0.,0.,1.));
#15687=IFCDIRECTION((7.5497901264043123E-08,-0.99999999999999722,0.));
#15688=IFCAXIS2PLACEMENT3D(#15685,#15686,#15687);
#15689=IFCLOCALPLACEMENT(#15624,#15688);
#15690=IFCCARTESIANPOINT((0.28171353087146217,-2.2180786127632679,0.));
#15691=IFCDIRECTION((0.,0.,1.));
#15692=IFCDIRECTION((0.99999999999997158,2.3841857910155572E-07,0.));
#15693=IFCAXIS2PLACEMENT3D(#15690,#15691,#15692);
#15694=IFCLOCALPLACEMENT(#15624,#15693);
#15695=IFCCARTESIANPOINT((0.28171324729917308,6.5200003272790577,0.));
#15696=IFCDIRECTION((0.,0.,1.));
#15697=IFCDIRECTION((-1.6292068494294439E-07,-0.99999999999998679,0.));
#15698=IFCAXIS2PLACEMENT3D(#15695,#15696,#15697);
#15699=IFCLOCALPLACEMENT(#15624,#15698);
#15700=IFCCARTESIANPOINT((0.38171347975730896,-1.5199998617172241,0.));
#15701=IFCDIRECTION((0.,0.,1.));
#15702=IFCDIRECTION((7.5497901264043123E-08,0.99999999999999722,0.));
#15703=IFCAXIS2PLACEMENT3D(#15700,#15701,#15702);
#15704=IFCLOCALPLACEMENT(#15624,#15703);
#15705=IFCCARTESIANPOINT((0.88071274757385254,-3.0931029319763184,0.));
#15706=IFCDIRECTION((0.,0.,1.));
#15707=IFCDIRECTION((1.,0.,0.));
#15708=IFCAXIS2PLACEMENT3D(#15705,#15706,#15707);
#15709=IFCLOCALPLACEMENT(#15624,#15708);
#15710=IFCCARTESIANPOINT((-1.1108521223068237,-3.0930991172790527,0.));
#15711=IFCDIRECTION((0.,0.,1.));
#15712=IFCDIRECTION((1.,0.,0.));
#15713=IFCAXIS2PLACEMENT3D(#15710,#15711,#15712);
#15714=IFCLOCALPLACEMENT(#15624,#15713);
#15715=IFCCARTESIANPOINT((-3.0975813865661621,-3.0930991172790527,0.));
#15716=IFCDIRECTION((0.,0.,1.));
#15717=IFCDIRECTION((1.,0.,0.));
#15718=IFCAXIS2PLACEMENT3D(#15715,#15716,#15717);
#15719=IFCLOCALPLACEMENT(#15624,#15718);
#15720=IFCCARTESIANPOINT((-3.2417550086975098,-2.1431028842926025,0.));
#15721=IFCDIRECTION((0.,0.,1.));
#15722=IFCDIRECTION((-4.3711388286737889E-08,-0.99999999999999911,0.));
#15723=IFCAXIS2PLACEMENT3D(#15720,#15721,#15722);
#15724=IFCLOCALPLACEMENT(#15624,#15723);
#15725=IFCCARTESIANPOINT((1.8202710151672363,0.46747714281082153,0.));
#15726=IFCDIRECTION((0.,0.,1.));
#15727=IFCDIRECTION((1.,0.,0.));
#15728=IFCAXIS2PLACEMENT3D(#15725,#15726,#15727);
#15729=IFCLOCALPLACEMENT(#15624,#15728);
#15730=IFCCARTESIANPOINT((4.1457133293151855,0.47453957796096802,0.));
#15731=IFCDIRECTION((0.,0.,1.));
#15732=IFCDIRECTION((1.,0.,0.));
#15733=IFCAXIS2PLACEMENT3D(#15730,#15731,#15732);
#15734=IFCLOCALPLACEMENT(#15624,#15733);
#15735=IFCCARTESIANPOINT((4.2457137107849121,6.5199999809265137,0.));
#15736=IFCDIRECTION((0.,0.,1.));
#15737=IFCDIRECTION((1.,0.,0.));
#15738=IFCAXIS2PLACEMENT3D(#15735,#15736,#15737);
#15739=IFCLOCALPLACEMENT(#15624,#15738);
#15740=IFCCARTESIANPOINT((4.2457127571105957,-3.1180782318115234,0.));
#15741=IFCDIRECTION((0.,0.,1.));
#15742=IFCDIRECTION((1.,0.,0.));
#15743=IFCAXIS2PLACEMENT3D(#15740,#15741,#15742);
#15744=IFCLOCALPLACEMENT(#15624,#15743);
#15885=IFCRAILING('2q6VEwYsD2If11IGnvJKtD',$,'Railing',$,'FRAMELESS_PANEL',#15947,#15894,$,.USERDEFINED.);
#15886=IFCRELDEFINESBYTYPE('28STdKNWL069wQZO_EH5vG',$,$,$,(#15885),#15567);
#15887=IFCCARTESIANPOINT((0.,0.,0.));
#15888=IFCDIRECTION((1.,0.,0.));
#15889=IFCDIRECTION((0.,1.,0.));
#15890=IFCDIRECTION((0.,0.,1.));
#15891=IFCCARTESIANTRANSFORMATIONOPERATOR3D(#15888,#15889,#15887,1.,#15890);
#15892=IFCMAPPEDITEM(#15572,#15891);
#15893=IFCSHAPEREPRESENTATION(#11,'Body','MappedRepresentation',(#15892));
#15894=IFCPRODUCTDEFINITIONSHAPE($,$,(#15893,#15937));
#15907=IFCINDEXEDPOLYGONALFACE((16,19,18,17));
#15908=IFCINDEXEDPOLYGONALFACE((20,23,22,21));
#15909=IFCINDEXEDPOLYGONALFACE((5,11,10,4,8,9));
#15910=IFCINDEXEDPOLYGONALFACE((7,15,14,6,12,13));
#15911=IFCINDEXEDPOLYGONALFACE((7,13,23,20,15));
#15912=IFCINDEXEDPOLYGONALFACE((11,16,17,10));
#15913=IFCINDEXEDPOLYGONALFACE((8,18,19,9));
#15914=IFCINDEXEDPOLYGONALFACE((5,9,19,16,11));
#15915=IFCINDEXEDPOLYGONALFACE((12,22,23,13));
#15916=IFCINDEXEDPOLYGONALFACE((6,14,21,22,12));
#15917=IFCINDEXEDPOLYGONALFACE((15,20,21,14));
#15918=IFCINDEXEDPOLYGONALFACE((4,10,17,18,8));
#15919=IFCCARTESIANPOINTLIST3D(((-1.3334490060806274,0.,0.),(-0.16179966926574707,0.,0.),(1.,0.,0.),(-1.3084490299224854,0.,0.),(-0.18679967522621155,0.,0.),(-0.13679966330528259,0.,0.),(0.97500002384185791,0.,0.),(-1.3084490299224854,0.02500000037252903,0.),(-0.18679967522621155,0.02500000037252903,0.),(-1.3084490299224854,-0.02500000037252903,0.),(-0.18679967522621155,-0.02500000037252903,0.),(-0.13679966330528259,0.02500000037252903,0.),(0.97500002384185791,0.02500000037252903,0.),(-0.13679966330528259,-0.02500000037252903,0.),(0.97500002384185791,-0.02500000037252903,0.),(-0.18679967522621155,-0.02500000037252903,1.),(-1.3084490299224854,-0.02500000037252903,1.),(-1.3084490299224854,0.02500000037252903,1.),(-0.18679967522621155,0.02500000037252903,1.),(0.97500002384185791,-0.02500000037252903,1.),(-0.13679966330528259,-0.02500000037252903,1.),(-0.13679966330528259,0.02500000037252903,1.),(0.97500002384185791,0.02500000037252903,1.)));
#15920=IFCPOLYGONALFACESET(#15919,.F.,(#15907,#15908,#15909,#15910,#15911,#15912,#15913,#15914,#15915,#15916,#15917,#15918),$);
#15921=IFCSHAPEREPRESENTATION(#11,'Body','Tessellation',(#15920));
#15923=IFCCARTESIANPOINT((-1.3334490060806274,-0.02500000037252903,0.));
#15924=IFCBOUNDINGBOX(#15923,2.3334488868713379,0.05000000074505806,1.);
#15925=IFCSHAPEREPRESENTATION(#13,'Box','BoundingBox',(#15924));
#15926=IFCCARTESIANPOINT((0.,0.,0.));
#15927=IFCDIRECTION((1.,0.,0.));
#15928=IFCDIRECTION((0.,0.,1.));
#15929=IFCAXIS2PLACEMENT3D(#15926,#15928,#15927);
#15930=IFCREPRESENTATIONMAP(#15929,#15925);
#15931=IFCCARTESIANPOINT((0.,0.,0.));
#15932=IFCDIRECTION((1.,0.,0.));
#15933=IFCDIRECTION((0.,1.,0.));
#15934=IFCDIRECTION((0.,0.,1.));
#15935=IFCCARTESIANTRANSFORMATIONOPERATOR3D(#15932,#15933,#15931,1.,#15934);
#15936=IFCMAPPEDITEM(#15930,#15935);
#15937=IFCSHAPEREPRESENTATION(#13,'Box','MappedRepresentation',(#15936));
#15938=IFCCARTESIANPOINT((3.3180882930755615,2.2550396919250488,1.9000000953674316));
#15939=IFCDIRECTION((0.,0.,1.));
#15940=IFCDIRECTION((-0.99999999999994693,-3.2584136988587576E-07,0.));
#15941=IFCAXIS2PLACEMENT3D(#15938,#15939,#15940);
#15942=IFCLOCALPLACEMENT(#79,#15941);
#15943=IFCCARTESIANPOINT((3.1537201404571533,2.2924773693084717,0.));
#15944=IFCDIRECTION((0.,0.,1.));
#15945=IFCDIRECTION((1.,0.,0.));
#15946=IFCAXIS2PLACEMENT3D(#15943,#15944,#15945);
#15947=IFCLOCALPLACEMENT(#15624,#15946);
#15948=IFCRAILINGTYPE('0chjbUtVvEgfuoYoFwrazz',$,'Family-2',$,$,(#15949,#15951),(#15953,#16040),$,$,.USERDEFINED.);
#15949=IFCPROPERTYSET('1XEa01T7P40BsA9u7AXkHp',$,'BBIM_Railing',$,(#15950));
#15950=IFCPROPERTYSINGLEVALUE('Data',$,IFCTEXT('{"railing_type": "FRAMELESS_PANEL", "height": 1.0, "thickness": 0.05000000074505806, "spacing": 0.05000000074505806, "path_data": {"edges": [[0, 1], [1, 2]], "verts": [[0.0, -4.371138828673793e-08, 0.0], [0.0, 0.0, 0.0], [1.0, 0.0, 0.0]]}}'),$);
#15951=IFCPROPERTYSET('1fZbCE57vFUhalmNVJPsJK',$,'Pset_RailingCommon',$,(#15952));
#15952=IFCPROPERTYSINGLEVALUE('Height',$,IFCPOSITIVELENGTHMEASURE(1.),$);
#15953=IFCREPRESENTATIONMAP(#15954,#16031);
#15954=IFCAXIS2PLACEMENT3D(#15955,#15956,#15957);
#15955=IFCCARTESIANPOINT((0.,0.,0.));
#15956=IFCDIRECTION((0.,0.,1.));
#15957=IFCDIRECTION((1.,0.,0.));
#16001=IFCRAILING('0eVpI33fbAK85pHSG9KEpg',$,'Railing',$,'FRAMELESS_PANEL',#16052,#16010,$,.USERDEFINED.);
#16002=IFCRELDEFINESBYTYPE('0PzAxr4qTAxQxaj4Vp94Vk',$,$,$,(#16001),#15948);
#16003=IFCCARTESIANPOINT((0.,0.,0.));
#16004=IFCDIRECTION((1.,0.,0.));
#16005=IFCDIRECTION((0.,1.,0.));
#16006=IFCDIRECTION((0.,0.,1.));
#16007=IFCCARTESIANTRANSFORMATIONOPERATOR3D(#16004,#16005,#16003,1.,#16006);
#16008=IFCMAPPEDITEM(#15953,#16007);
#16009=IFCSHAPEREPRESENTATION(#11,'Body','MappedRepresentation',(#16008));
#16010=IFCPRODUCTDEFINITIONSHAPE($,$,(#16009,#16047));
#16023=IFCINDEXEDPOLYGONALFACE((10,13,12,11));
#16024=IFCINDEXEDPOLYGONALFACE((3,8,7,2,5,6));
#16025=IFCINDEXEDPOLYGONALFACE((6,13,10,8,3));
#16026=IFCINDEXEDPOLYGONALFACE((5,12,13,6));
#16027=IFCINDEXEDPOLYGONALFACE((7,11,12,5,2));
#16028=IFCINDEXEDPOLYGONALFACE((8,10,11,7));
#16029=IFCCARTESIANPOINTLIST3D(((1.,0.,0.),(0.02500000037252903,0.,0.),(0.97500002384185791,0.,0.),(0.,0.,0.),(0.02500000037252903,0.02500000037252903,0.),(0.97500002384185791,0.02500000037252903,0.),(0.02500000037252903,-0.02500000037252903,0.),(0.97500002384185791,-0.02500000037252903,0.),(0.,0.,1.),(0.97500002384185791,-0.02500000037252903,1.),(0.02500000037252903,-0.02500000037252903,1.),(0.02500000037252903,0.02500000037252903,1.),(0.97500002384185791,0.02500000037252903,1.)));
#16030=IFCPOLYGONALFACESET(#16029,.F.,(#16023,#16024,#16025,#16026,#16027,#16028),$);
#16031=IFCSHAPEREPRESENTATION(#11,'Body','Tessellation',(#16030));
#16033=IFCCARTESIANPOINT((0.,-0.02500000037252903,0.));
#16034=IFCBOUNDINGBOX(#16033,1.,0.05000000074505806,1.);
#16035=IFCSHAPEREPRESENTATION(#13,'Box','BoundingBox',(#16034));
#16036=IFCCARTESIANPOINT((0.,0.,0.));
#16037=IFCDIRECTION((1.,0.,0.));
#16038=IFCDIRECTION((0.,0.,1.));
#16039=IFCAXIS2PLACEMENT3D(#16036,#16038,#16037);
#16040=IFCREPRESENTATIONMAP(#16039,#16035);
#16041=IFCCARTESIANPOINT((0.,0.,0.));
#16042=IFCDIRECTION((1.,0.,0.));
#16043=IFCDIRECTION((0.,1.,0.));
#16044=IFCDIRECTION((0.,0.,1.));
#16045=IFCCARTESIANTRANSFORMATIONOPERATOR3D(#16042,#16043,#16041,1.,#16044);
#16046=IFCMAPPEDITEM(#16040,#16045);
#16047=IFCSHAPEREPRESENTATION(#13,'Box','MappedRepresentation',(#16046));
#16048=IFCCARTESIANPOINT((1.7894669771194458,0.44871914386749268,0.));
#16049=IFCDIRECTION((0.,0.,1.));
#16050=IFCDIRECTION((-4.3711388286737889E-08,0.99999999999999911,0.));
#16051=IFCAXIS2PLACEMENT3D(#16048,#16049,#16050);
#16052=IFCLOCALPLACEMENT(#15624,#16051);
#16053=IFCRAILINGTYPE('0yBrd_zAPB08PfaNZkpNOy',$,'Living-1',$,$,(#16054,#16056),(#16058,#16150),$,$,.USERDEFINED.);
#16054=IFCPROPERTYSET('33LrGtrkX51v27co6kTYaJ',$,'BBIM_Railing',$,(#16055));
#16055=IFCPROPERTYSINGLEVALUE('Data',$,IFCTEXT('{"railing_type": "FRAMELESS_PANEL", "height": 1.0, "thickness": 0.05000000074505806, "spacing": 0.05000000074505806, "path_data": {"edges": [[0, 1], [1, 2]], "verts": [[-0.8741090297698975, 0.0, 0.0], [0.0, 0.0, 0.0], [-0.14956426620483398, 0.0, 0.0]]}}'),$);
#16056=IFCPROPERTYSET('2otjGNkoT03RZ52PUVabpV',$,'Pset_RailingCommon',$,(#16057));
#16057=IFCPROPERTYSINGLEVALUE('Height',$,IFCPOSITIVELENGTHMEASURE(1.),$);
#16058=IFCREPRESENTATIONMAP(#16059,#16141);
#16059=IFCAXIS2PLACEMENT3D(#16060,#16061,#16062);
#16060=IFCCARTESIANPOINT((0.,0.,0.));
#16061=IFCDIRECTION((0.,0.,1.));
#16062=IFCDIRECTION((1.,0.,0.));
#16106=IFCRAILING('1eUpKxyqz9L9arq27PdFpD',$,'Railing',$,'FRAMELESS_PANEL',#16162,#16115,$,.USERDEFINED.);
#16107=IFCRELDEFINESBYTYPE('0MBKBF9oL9uOm4uTDNbtzJ',$,$,$,(#16106,#16163,#16184),#16053);
#16108=IFCCARTESIANPOINT((0.,0.,0.));
#16109=IFCDIRECTION((1.,0.,0.));
#16110=IFCDIRECTION((0.,1.,0.));
#16111=IFCDIRECTION((0.,0.,1.));
#16112=IFCCARTESIANTRANSFORMATIONOPERATOR3D(#16109,#16110,#16108,1.,#16111);
#16113=IFCMAPPEDITEM(#16058,#16112);
#16114=IFCSHAPEREPRESENTATION(#11,'Body','MappedRepresentation',(#16113));
#16115=IFCPRODUCTDEFINITIONSHAPE($,$,(#16114,#16157));
#16128=IFCINDEXEDPOLYGONALFACE((17,15,14,13));
#16129=IFCINDEXEDPOLYGONALFACE((16,18,17,15));
#16130=IFCINDEXEDPOLYGONALFACE((5,10,9,4,7,8));
#16131=IFCINDEXEDPOLYGONALFACE((6,12,8,5,10,11));
#16132=IFCINDEXEDPOLYGONALFACE((7,14,15,8));
#16133=IFCINDEXEDPOLYGONALFACE((11,18,16,12,6));
#16134=IFCINDEXEDPOLYGONALFACE((5,8,15,17,10));
#16135=IFCINDEXEDPOLYGONALFACE((10,17,18,11));
#16136=IFCINDEXEDPOLYGONALFACE((12,16,15,8));
#16137=IFCINDEXEDPOLYGONALFACE((10,17,13,9));
#16138=IFCINDEXEDPOLYGONALFACE((4,9,13,14,7));
#16139=IFCCARTESIANPOINTLIST3D(((-0.87410902976989746,0.,0.),(0.,0.,0.),(-0.14956426620483398,0.,0.),(-0.84910905361175537,0.,0.),(-0.02500000037252903,0.,0.),(-0.1245642676949501,0.,0.),(-0.84910905361175537,0.02500000037252903,0.),(-0.02500000037252903,0.02500000037252903,0.),(-0.84910905361175537,-0.02500000037252903,0.),(-0.02500000037252903,-0.02500000037252903,0.),(-0.1245642676949501,-0.02500000037252903,0.),(-0.1245642676949501,0.02500000037252903,0.),(-0.84910905361175537,-0.02500000037252903,1.),(-0.84910905361175537,0.02500000037252903,1.),(-0.02500000037252903,0.02500000037252903,1.),(-0.1245642676949501,0.02500000037252903,1.),(-0.02500000037252903,-0.02500000037252903,1.),(-0.1245642676949501,-0.02500000037252903,1.)));
#16140=IFCPOLYGONALFACESET(#16139,.F.,(#16128,#16129,#16130,#16131,#16132,#16133,#16134,#16135,#16136,#16137,#16138),$);
#16141=IFCSHAPEREPRESENTATION(#11,'Body','Tessellation',(#16140));
#16143=IFCCARTESIANPOINT((-0.87410902976989746,-0.02500000037252903,0.));
#16144=IFCBOUNDINGBOX(#16143,0.87410902976989746,0.05000000074505806,1.);
#16145=IFCSHAPEREPRESENTATION(#13,'Box','BoundingBox',(#16144));
#16146=IFCCARTESIANPOINT((0.,0.,0.));
#16147=IFCDIRECTION((1.,0.,0.));
#16148=IFCDIRECTION((0.,0.,1.));
#16149=IFCAXIS2PLACEMENT3D(#16146,#16148,#16147);
#16150=IFCREPRESENTATIONMAP(#16149,#16145);
#16151=IFCCARTESIANPOINT((0.,0.,0.));
#16152=IFCDIRECTION((1.,0.,0.));
#16153=IFCDIRECTION((0.,1.,0.));
#16154=IFCDIRECTION((0.,0.,1.));
#16155=IFCCARTESIANTRANSFORMATIONOPERATOR3D(#16152,#16153,#16151,1.,#16154);
#16156=IFCMAPPEDITEM(#16150,#16155);
#16157=IFCSHAPEREPRESENTATION(#13,'Box','MappedRepresentation',(#16156));
#16158=IFCCARTESIANPOINT((4.1671972274780273,0.53085529804229736,1.9017207622528076));
#16159=IFCDIRECTION((0.,0.,1.));
#16160=IFCDIRECTION((1.,0.,0.));
#16161=IFCAXIS2PLACEMENT3D(#16158,#16159,#16160);
#16162=IFCLOCALPLACEMENT(#79,#16161);
#16163=IFCRAILING('2ink$ev15CcBLinr$xhM_3',$,'Railing',$,'FRAMELESS_PANEL',#16164,#16176,$,.USERDEFINED.);
#16164=IFCLOCALPLACEMENT(#79,#16165);
#16165=IFCAXIS2PLACEMENT3D(#16166,#16167,#16168);
#16166=IFCCARTESIANPOINT((4.1671972274780273,0.53085529804229736,1.9017207622528076));
#16167=IFCDIRECTION((0.,0.,1.));
#16168=IFCDIRECTION((1.,0.,0.));
#16169=IFCCARTESIANPOINT((0.,0.,0.));
#16170=IFCDIRECTION((1.,0.,0.));
#16171=IFCDIRECTION((0.,1.,0.));
#16172=IFCDIRECTION((0.,0.,1.));
#16173=IFCCARTESIANTRANSFORMATIONOPERATOR3D(#16170,#16171,#16169,1.,#16172);
#16174=IFCMAPPEDITEM(#16058,#16173);
#16175=IFCSHAPEREPRESENTATION(#11,'Body','MappedRepresentation',(#16174));
#16176=IFCPRODUCTDEFINITIONSHAPE($,$,(#16175,#16183));
#16177=IFCCARTESIANPOINT((0.,0.,0.));
#16178=IFCDIRECTION((1.,0.,0.));
#16179=IFCDIRECTION((0.,1.,0.));
#16180=IFCDIRECTION((0.,0.,1.));
#16181=IFCCARTESIANTRANSFORMATIONOPERATOR3D(#16178,#16179,#16177,1.,#16180);
#16182=IFCMAPPEDITEM(#16150,#16181);
#16183=IFCSHAPEREPRESENTATION(#13,'Box','MappedRepresentation',(#16182));
#16184=IFCRAILING('3Cbld4mBL9UhCok29gJUKU',$,'Railing',$,'FRAMELESS_PANEL',#16209,#16197,$,.USERDEFINED.);
#16190=IFCCARTESIANPOINT((0.,0.,0.));
#16191=IFCDIRECTION((1.,0.,0.));
#16192=IFCDIRECTION((0.,1.,0.));
#16193=IFCDIRECTION((0.,0.,1.));
#16194=IFCCARTESIANTRANSFORMATIONOPERATOR3D(#16191,#16192,#16190,1.,#16193);
#16195=IFCMAPPEDITEM(#16058,#16194);
#16196=IFCSHAPEREPRESENTATION(#11,'Body','MappedRepresentation',(#16195));
#16197=IFCPRODUCTDEFINITIONSHAPE($,$,(#16196,#16204));
#16198=IFCCARTESIANPOINT((0.,0.,0.));
#16199=IFCDIRECTION((1.,0.,0.));
#16200=IFCDIRECTION((0.,1.,0.));
#16201=IFCDIRECTION((0.,0.,1.));
#16202=IFCCARTESIANTRANSFORMATIONOPERATOR3D(#16199,#16200,#16198,1.,#16201);
#16203=IFCMAPPEDITEM(#16150,#16202);
#16204=IFCSHAPEREPRESENTATION(#13,'Box','MappedRepresentation',(#16203));
#16205=IFCCARTESIANPOINT((4.1672244071960449,2.2300658226013184,1.9017207622528076));
#16206=IFCDIRECTION((0.,0.,1.));
#16207=IFCDIRECTION((1.,0.,0.));
#16208=IFCAXIS2PLACEMENT3D(#16205,#16206,#16207);
#16209=IFCLOCALPLACEMENT(#79,#16208);
#16210=IFCRAILINGTYPE('1F4PYUbzvAk8UmHsTw6y3S',$,'Living-2',$,$,(#16211,#16213),(#16215,#16330),$,$,.USERDEFINED.);
#16211=IFCPROPERTYSET('2R4eP82uD7qOICY$LJ0McY',$,'BBIM_Railing',$,(#16212));
#16212=IFCPROPERTYSINGLEVALUE('Data',$,IFCTEXT('{"railing_type": "FRAMELESS_PANEL", "height": 1.0, "thickness": 0.05000000074505806, "spacing": 0.05000000074505806, "path_data": {"edges": [[0, 1], [1, 2]], "verts": [[-0.5286211967468262, 0.0, -1.8017207384109497], [0.2231895923614502, -0.0001844475045800209, -0.9017207622528076], [1.0, 0.0, 0.0]]}}'),$);
#16213=IFCPROPERTYSET('2WtAINdsH508Hx4pSuHd7n',$,'Pset_RailingCommon',$,(#16214));
#16214=IFCPROPERTYSINGLEVALUE('Height',$,IFCPOSITIVELENGTHMEASURE(1.),$);
#16215=IFCREPRESENTATIONMAP(#16216,#16321);
#16216=IFCAXIS2PLACEMENT3D(#16217,#16218,#16219);
#16217=IFCCARTESIANPOINT((0.,0.,0.));
#16218=IFCDIRECTION((0.,0.,1.));
#16219=IFCDIRECTION((1.,0.,0.));
#16285=IFCRAILING('3Wk4kjF3b2VvQKhjjg8T7r',$,'Railing',$,'FRAMELESS_PANEL',#16342,#16294,$,.USERDEFINED.);
#16286=IFCRELDEFINESBYTYPE('27DIBqVBvF3Q6UKRi41luI',$,$,$,(#16285,#16343),#16210);
#16287=IFCCARTESIANPOINT((0.,0.,0.));
#16288=IFCDIRECTION((1.,0.,0.));
#16289=IFCDIRECTION((0.,1.,0.));
#16290=IFCDIRECTION((0.,0.,1.));
#16291=IFCCARTESIANTRANSFORMATIONOPERATOR3D(#16288,#16289,#16287,1.,#16290);
#16292=IFCMAPPEDITEM(#16215,#16291);
#16293=IFCSHAPEREPRESENTATION(#11,'Body','MappedRepresentation',(#16292));
#16294=IFCPRODUCTDEFINITIONSHAPE($,$,(#16293,#16337));
#16307=IFCINDEXEDPOLYGONALFACE((16,19,18,17));
#16308=IFCINDEXEDPOLYGONALFACE((20,23,22,21));
#16309=IFCINDEXEDPOLYGONALFACE((5,11,10,4,8,9));
#16310=IFCINDEXEDPOLYGONALFACE((7,15,14,6,12,13));
#16311=IFCINDEXEDPOLYGONALFACE((11,16,17,10));
#16312=IFCINDEXEDPOLYGONALFACE((8,18,19,9));
#16313=IFCINDEXEDPOLYGONALFACE((7,13,23,20,15));
#16314=IFCINDEXEDPOLYGONALFACE((5,9,19,16,11));
#16315=IFCINDEXEDPOLYGONALFACE((12,22,23,13));
#16316=IFCINDEXEDPOLYGONALFACE((14,21,22,12,6));
#16317=IFCINDEXEDPOLYGONALFACE((15,20,21,14));
#16318=IFCINDEXEDPOLYGONALFACE((4,10,17,18,8));
#16319=IFCCARTESIANPOINTLIST3D(((-0.52862119674682617,0.,-1.8017207384109497),(0.2231895923614502,-0.0001844475045800209,-0.90172076225280762),(1.,0.,0.),(-0.50362122058868408,-6.1334417296166066E-06,-1.771793007850647),(0.19818958640098572,-0.00017831406148616225,-0.93164849281311035),(0.24818959832191467,-0.00017851145821623504,-0.87270081043243408),(0.97500002384185791,-5.9360531849961262E-06,-0.029019977897405624),(-0.50361508131027222,0.024993866682052612,-1.771793007850647),(0.19819572567939758,0.024821685627102852,-0.93164849281311035),(-0.50362735986709595,-0.025006134063005447,-1.771793007850647),(0.19818344712257385,-0.025178315117955208,-0.93164849281311035),(0.24818366765975952,0.024821488186717033,-0.87270081043243408),(0.97499406337738037,0.024994064122438431,-0.029019977897405624),(0.24819552898406982,-0.025178512558341026,-0.87270081043243408),(0.97500598430633545,-0.025005936622619629,-0.029019977897405624),(0.19818344712257385,-0.025178315117955208,0.068351507186889648),(-0.50362735986709595,-0.025006134063005447,-0.77179300785064697),(-0.50361508131027222,0.024993866682052612,-0.77179300785064697),(0.19819572567939758,0.024821685627102852,0.068351507186889648),(0.97500598430633545,-0.025005936622619629,0.97098004817962646),(0.24819552898406982,-0.025178512558341026,0.12729918956756592),(0.24818366765975952,0.024821488186717033,0.12729918956756592),(0.97499406337738037,0.024994064122438431,0.97098004817962646)));
#16320=IFCPOLYGONALFACESET(#16319,.F.,(#16307,#16308,#16309,#16310,#16311,#16312,#16313,#16314,#16315,#16316,#16317,#16318),$);
#16321=IFCSHAPEREPRESENTATION(#11,'Body','Tessellation',(#16320));
#16323=IFCCARTESIANPOINT((-0.52862119674682617,-0.025178512558341026,-1.8017207384109497));
#16324=IFCBOUNDINGBOX(#16323,1.5286211967468262,0.050172574818134308,2.7727007865905762);
#16325=IFCSHAPEREPRESENTATION(#13,'Box','BoundingBox',(#16324));
#16326=IFCCARTESIANPOINT((0.,0.,0.));
#16327=IFCDIRECTION((1.,0.,0.));
#16328=IFCDIRECTION((0.,0.,1.));
#16329=IFCAXIS2PLACEMENT3D(#16326,#16328,#16327);
#16330=IFCREPRESENTATIONMAP(#16329,#16325);
#16331=IFCCARTESIANPOINT((0.,0.,0.));
#16332=IFCDIRECTION((1.,0.,0.));
#16333=IFCDIRECTION((0.,1.,0.));
#16334=IFCDIRECTION((0.,0.,1.));
#16335=IFCCARTESIANTRANSFORMATIONOPERATOR3D(#16332,#16333,#16331,1.,#16334);
#16336=IFCMAPPEDITEM(#16330,#16335);
#16337=IFCSHAPEREPRESENTATION(#13,'Box','MappedRepresentation',(#16336));
#16338=IFCCARTESIANPOINT((2.343087911605835,0.53440010547637939,1.9017207622528076));
#16339=IFCDIRECTION((0.,0.,1.));
#16340=IFCDIRECTION((1.,0.,0.));
#16341=IFCAXIS2PLACEMENT3D(#16338,#16339,#16340);
#16342=IFCLOCALPLACEMENT(#79,#16341);
#16343=IFCRAILING('0GO37OuTv1iB2XkGP5npG2',$,'Railing',$,'FRAMELESS_PANEL',#16474,#16356,$,.USERDEFINED.);
#16349=IFCCARTESIANPOINT((0.,0.,0.));
#16350=IFCDIRECTION((1.,0.,0.));
#16351=IFCDIRECTION((0.,1.,0.));
#16352=IFCDIRECTION((0.,0.,1.));
#16353=IFCCARTESIANTRANSFORMATIONOPERATOR3D(#16350,#16351,#16349,1.,#16352);
#16354=IFCMAPPEDITEM(#16215,#16353);
#16355=IFCSHAPEREPRESENTATION(#11,'Body','MappedRepresentation',(#16354));
#16356=IFCPRODUCTDEFINITIONSHAPE($,$,(#16355,#16363));
#16357=IFCCARTESIANPOINT((0.,0.,0.));
#16358=IFCDIRECTION((1.,0.,0.));
#16359=IFCDIRECTION((0.,1.,0.));
#16360=IFCDIRECTION((0.,0.,1.));
#16361=IFCCARTESIANTRANSFORMATIONOPERATOR3D(#16358,#16359,#16357,1.,#16360);
#16362=IFCMAPPEDITEM(#16330,#16361);
#16363=IFCSHAPEREPRESENTATION(#13,'Box','MappedRepresentation',(#16362));
#16364=IFCRAILINGTYPE('0u5c_1lVj0NBMA3FAGIZpz',$,'Living-3',$,$,(#16365,#16367),(#16369,#16462),$,$,.USERDEFINED.);
#16365=IFCPROPERTYSET('2kaq2zC4n3_usfK2gAvTMc',$,'BBIM_Railing',$,(#16366));
#16366=IFCPROPERTYSINGLEVALUE('Data',$,IFCTEXT('{"railing_type": "FRAMELESS_PANEL", "height": 1.0, "thickness": 0.05000000074505806, "spacing": 0.05000000074505806, "path_data": {"edges": [[0, 1], [1, 2]], "verts": [[-0.5290369987487793, 0.0, 1.0999999046325684], [0.22277379035949707, -6.127357482910156e-05, 0.5499999523162842], [1.0, 0.0, 0.0]]}}'),$);
#16367=IFCPROPERTYSET('0oQERwMojEGwy0pAWt8_it',$,'Pset_RailingCommon',$,(#16368));
#16368=IFCPROPERTYSINGLEVALUE('Height',$,IFCPOSITIVELENGTHMEASURE(1.),$);
#16369=IFCREPRESENTATIONMAP(#16370,#16453);
#16370=IFCAXIS2PLACEMENT3D(#16371,#16372,#16373);
#16371=IFCCARTESIANPOINT((0.,0.,0.));
#16372=IFCDIRECTION((0.,0.,1.));
#16373=IFCDIRECTION((1.,0.,0.));
#16417=IFCRAILING('2KJAgeXwL8LgOTLcy8U4b5',$,'Railing',$,'FRAMELESS_PANEL',#16479,#16426,$,.USERDEFINED.);
#16418=IFCRELDEFINESBYTYPE('0luTkEjiT19Pdz8ZCN6gKc',$,$,$,(#16417,#16480),#16364);
#16419=IFCCARTESIANPOINT((0.,0.,0.));
#16420=IFCDIRECTION((1.,0.,0.));
#16421=IFCDIRECTION((0.,1.,0.));
#16422=IFCDIRECTION((0.,0.,1.));
#16423=IFCCARTESIANTRANSFORMATIONOPERATOR3D(#16420,#16421,#16419,1.,#16422);
#16424=IFCMAPPEDITEM(#16369,#16423);
#16425=IFCSHAPEREPRESENTATION(#11,'Body','MappedRepresentation',(#16424));
#16426=IFCPRODUCTDEFINITIONSHAPE($,$,(#16425,#16469));
#16439=IFCINDEXEDPOLYGONALFACE((16,19,18,17));
#16440=IFCINDEXEDPOLYGONALFACE((20,23,22,21));
#16441=IFCINDEXEDPOLYGONALFACE((5,11,10,4,8,9));
#16442=IFCINDEXEDPOLYGONALFACE((7,15,14,6,12,13));
#16443=IFCINDEXEDPOLYGONALFACE((5,9,19,16,11));
#16444=IFCINDEXEDPOLYGONALFACE((7,13,23,20,15));
#16445=IFCINDEXEDPOLYGONALFACE((11,16,17,10));
#16446=IFCINDEXEDPOLYGONALFACE((8,18,19,9));
#16447=IFCINDEXEDPOLYGONALFACE((12,22,23,13));
#16448=IFCINDEXEDPOLYGONALFACE((6,14,21,22,12));
#16449=IFCINDEXEDPOLYGONALFACE((15,20,21,14));
#16450=IFCINDEXEDPOLYGONALFACE((10,17,18,8,4));
#16451=IFCCARTESIANPOINTLIST3D(((-0.5290369987487793,0.,1.0999999046325684),(0.22277379035949707,-6.1273574829101562E-05,0.54999995231628418),(1.,0.,0.),(-0.50403702259063721,-2.0375330223032506E-06,1.0817106962203979),(0.19777378439903259,-5.9236041124677286E-05,0.56828910112380981),(0.24777379631996155,-5.930267070652917E-05,0.53230881690979004),(0.97500002384185791,-1.9709057141881203E-06,0.017691116780042648),(-0.50403499603271484,0.024997962638735771,1.0817106962203979),(0.19777582585811615,0.024940764531493187,0.56828910112380981),(-0.50403904914855957,-0.025002038106322289,1.0817106962203979),(0.19777174293994904,-0.025059236213564873,0.56828910112380981),(0.24777182936668396,0.024940697476267815,0.53230881690979004),(0.97499805688858032,0.024998029693961143,0.017691116780042648),(0.24777576327323914,-0.025059303268790245,0.53230881690979004),(0.9750019907951355,-0.025001971051096916,0.017691116780042648),(0.19777174293994904,-0.025059236213564873,1.568289041519165),(-0.50403904914855957,-0.025002038106322289,2.0817108154296875),(-0.50403499603271484,0.024997962638735771,2.0817108154296875),(0.19777582585811615,0.024940764531493187,1.568289041519165),(0.9750019907951355,-0.025001971051096916,1.0176911354064941),(0.24777576327323914,-0.025059303268790245,1.53230881690979),(0.24777182936668396,0.024940697476267815,1.53230881690979),(0.97499805688858032,0.024998029693961143,1.0176911354064941)));
#16452=IFCPOLYGONALFACESET(#16451,.F.,(#16439,#16440,#16441,#16442,#16443,#16444,#16445,#16446,#16447,#16448,#16449,#16450),$);
#16453=IFCSHAPEREPRESENTATION(#11,'Body','Tessellation',(#16452));
#16455=IFCCARTESIANPOINT((-0.5290369987487793,-0.025059303268790245,0.));
#16456=IFCBOUNDINGBOX(#16455,1.5290369987487793,0.050057332962751389,2.0817108154296875);
#16457=IFCSHAPEREPRESENTATION(#13,'Box','BoundingBox',(#16456));
#16458=IFCCARTESIANPOINT((0.,0.,0.));
#16459=IFCDIRECTION((1.,0.,0.));
#16460=IFCDIRECTION((0.,0.,1.));
#16461=IFCAXIS2PLACEMENT3D(#16458,#16460,#16459);
#16462=IFCREPRESENTATIONMAP(#16461,#16457);
#16463=IFCCARTESIANPOINT((0.,0.,0.));
#16464=IFCDIRECTION((1.,0.,0.));
#16465=IFCDIRECTION((0.,1.,0.));
#16466=IFCDIRECTION((0.,0.,1.));
#16467=IFCCARTESIANTRANSFORMATIONOPERATOR3D(#16464,#16465,#16463,1.,#16466);
#16468=IFCMAPPEDITEM(#16462,#16467);
#16469=IFCSHAPEREPRESENTATION(#13,'Box','MappedRepresentation',(#16468));
#16470=IFCCARTESIANPOINT((2.343087911605835,1.3126983642578125,1.9017207622528076));
#16471=IFCDIRECTION((0.,0.,1.));
#16472=IFCDIRECTION((1.,0.,0.));
#16473=IFCAXIS2PLACEMENT3D(#16470,#16471,#16472);
#16474=IFCLOCALPLACEMENT(#79,#16473);
#16475=IFCCARTESIANPOINT((2.3435037136077881,2.2255556583404541,1.9000000953674316));
#16476=IFCDIRECTION((0.,0.,1.));
#16477=IFCDIRECTION((1.,0.,0.));
#16478=IFCAXIS2PLACEMENT3D(#16475,#16476,#16477);
#16479=IFCLOCALPLACEMENT(#79,#16478);
#16480=IFCRAILING('0WvRrf4Nf7UOo2qhLnYIqj',$,'Railing',$,'FRAMELESS_PANEL',#16505,#16493,$,.USERDEFINED.);
#16486=IFCCARTESIANPOINT((0.,0.,0.));
#16487=IFCDIRECTION((1.,0.,0.));
#16488=IFCDIRECTION((0.,1.,0.));
#16489=IFCDIRECTION((0.,0.,1.));
#16490=IFCCARTESIANTRANSFORMATIONOPERATOR3D(#16487,#16488,#16486,1.,#16489);
#16491=IFCMAPPEDITEM(#16369,#16490);
#16492=IFCSHAPEREPRESENTATION(#11,'Body','MappedRepresentation',(#16491));
#16493=IFCPRODUCTDEFINITIONSHAPE($,$,(#16492,#16500));
#16494=IFCCARTESIANPOINT((0.,0.,0.));
#16495=IFCDIRECTION((1.,0.,0.));
#16496=IFCDIRECTION((0.,1.,0.));
#16497=IFCDIRECTION((0.,0.,1.));
#16498=IFCCARTESIANTRANSFORMATIONOPERATOR3D(#16495,#16496,#16494,1.,#16497);
#16499=IFCMAPPEDITEM(#16462,#16498);
#16500=IFCSHAPEREPRESENTATION(#13,'Box','MappedRepresentation',(#16499));
#16501=IFCCARTESIANPOINT((2.3435037136077881,1.4520261287689209,1.9000000953674316));
#16502=IFCDIRECTION((0.,0.,1.));
#16503=IFCDIRECTION((1.,0.,0.));
#16504=IFCAXIS2PLACEMENT3D(#16501,#16502,#16503);
#16505=IFCLOCALPLACEMENT(#79,#16504);
#16506=IFCCARTESIANPOINT((0.,0.,6.));
#16507=IFCDIRECTION((0.,0.,1.));
#16508=IFCDIRECTION((1.,0.,0.));
#16509=IFCAXIS2PLACEMENT3D(#16506,#16507,#16508);
#16510=IFCLOCALPLACEMENT(#56,#16509);
#16511=IFCCARTESIANPOINT((4.2457146644592285,6.5199995040893555,0.));
#16512=IFCDIRECTION((0.,0.,1.));
#16513=IFCDIRECTION((1.,0.,0.));
#16514=IFCAXIS2PLACEMENT3D(#16511,#16512,#16513);
#16515=IFCLOCALPLACEMENT(#16510,#16514);
#16516=IFCCARTESIANPOINT((0.61636996269226074,1.7119293212890625,0.10154247283935547));
#16517=IFCDIRECTION((0.,0.,1.));
#16518=IFCDIRECTION((1.,0.,0.));
#16519=IFCAXIS2PLACEMENT3D(#16516,#16517,#16518);
#16520=IFCLOCALPLACEMENT(#16510,#16519);
#16521=IFCCOLUMNTYPE('0DN0u3zdf76flEs4$JStEB',$,'Unnamed',$,$,$,$,$,$,.COLUMN.);
#16522=IFCMATERIALPROFILESET($,$,(#16524),$);
#16523=IFCRELASSOCIATESMATERIAL('0SYDvwa$jC6A8JtYPgLAvU',$,$,$,(#16521),#16522);
#16524=IFCMATERIALPROFILE($,$,#81,#2148,$,$);
#16525=IFCCOLUMN('3r2DU0z3D6TBGdJmV7uTyo',$,'Column',$,$,#16533,#16537,$,$);
#16526=IFCRELDEFINESBYTYPE('1qaczmX798Gg$zd7NFmw4Y',$,$,$,(#16707,#16729,#16525,#16548,#16570,#16773,#16795,#16817,#17236,#16974,#16685,#16751,#16839,#17396,#17472,#17521,#17836),#16521);
#16527=IFCMATERIALPROFILESETUSAGE(#16522,5,$);
#16528=IFCRELASSOCIATESMATERIAL('16dlwkJBPEnPPY42ZlLQdu',$,$,$,(#16525),#16527);
#16529=IFCCARTESIANPOINT((0.24174736440181732,-2.5499999523162842,0.));
#16530=IFCDIRECTION((0.,0.,1.));
#16531=IFCDIRECTION((1.,0.,0.));
#16532=IFCAXIS2PLACEMENT3D(#16529,#16530,#16531);
#16533=IFCLOCALPLACEMENT(#79,#16532);
#16534=IFCCARTESIANPOINTLIST3D(((0.,0.,0.),(0.,0.,3.)));
#16535=IFCINDEXEDPOLYCURVE(#16534,$,.F.);
#16536=IFCSHAPEREPRESENTATION(#12,'Axis','Curve3D',(#16535));
#16537=IFCPRODUCTDEFINITIONSHAPE($,$,(#16536,#16544));
#16538=IFCCARTESIANPOINT((0.,0.,0.));
#16539=IFCDIRECTION((0.,0.,1.));
#16540=IFCDIRECTION((1.,0.,0.));
#16541=IFCAXIS2PLACEMENT3D(#16538,#16539,#16540);
#16542=IFCDIRECTION((0.,0.,1.));
#16543=IFCEXTRUDEDAREASOLID(#2148,#16541,#16542,3.);
#16544=IFCSHAPEREPRESENTATION(#11,'Body','SweptSolid',(#16543));
#16545=IFCPROPERTYSET('0HhJSiUlL7dgyJ8oCrZt25',$,'EPset_Parametric',$,(#16547));
#16546=IFCRELDEFINESBYPROPERTIES('0EsTbANL99URtUu60N$qeu',$,$,$,(#16525),#16545);
#16547=IFCPROPERTYSINGLEVALUE('Engine',$,IFCLABEL('Bonsai.DumbProfile'),$);
#16548=IFCCOLUMN('2qLJBVuu9CKBz2GdnU0lIx',$,'Column',$,$,#16555,#16559,$,$);
#16549=IFCMATERIALPROFILESETUSAGE(#16522,5,$);
#16550=IFCRELASSOCIATESMATERIAL('1CD$1HASn17wWtvh91E_pz',$,$,$,(#16548),#16549);
#16551=IFCCARTESIANPOINT((4.2435240745544434,-2.5500004291534424,0.));
#16552=IFCDIRECTION((0.,0.,1.));
#16553=IFCDIRECTION((1.,0.,0.));
#16554=IFCAXIS2PLACEMENT3D(#16551,#16552,#16553);
#16555=IFCLOCALPLACEMENT(#79,#16554);
#16556=IFCCARTESIANPOINTLIST3D(((0.,0.,0.),(0.,0.,3.)));
#16557=IFCINDEXEDPOLYCURVE(#16556,$,.F.);
#16558=IFCSHAPEREPRESENTATION(#12,'Axis','Curve3D',(#16557));
#16559=IFCPRODUCTDEFINITIONSHAPE($,$,(#16558,#16566));
#16560=IFCCARTESIANPOINT((0.,0.,0.));
#16561=IFCDIRECTION((0.,0.,1.));
#16562=IFCDIRECTION((1.,0.,0.));
#16563=IFCAXIS2PLACEMENT3D(#16560,#16561,#16562);
#16564=IFCDIRECTION((0.,0.,1.));
#16565=IFCEXTRUDEDAREASOLID(#2148,#16563,#16564,3.);
#16566=IFCSHAPEREPRESENTATION(#11,'Body','SweptSolid',(#16565));
#16567=IFCPROPERTYSET('3_gz6L22r8NgJ6pVzGKPfK',$,'EPset_Parametric',$,(#16569));
#16568=IFCRELDEFINESBYPROPERTIES('2OBcSpxhL38OwFQvhvMzFg',$,$,$,(#16548),#16567);
#16569=IFCPROPERTYSINGLEVALUE('Engine',$,IFCLABEL('Bonsai.DumbProfile'),$);
#16570=IFCCOLUMN('1VbTOKHxD8zPU_f8i$Eg09',$,'Column',$,$,#16577,#16581,$,$);
#16571=IFCMATERIALPROFILESETUSAGE(#16522,5,$);
#16572=IFCRELASSOCIATESMATERIAL('012BPbIcTFBRLYuH_iB23I',$,$,$,(#16570),#16571);
#16573=IFCCARTESIANPOINT((4.2435259819030762,6.5199995040893555,0.));
#16574=IFCDIRECTION((0.,0.,1.));
#16575=IFCDIRECTION((1.,0.,0.));
#16576=IFCAXIS2PLACEMENT3D(#16573,#16574,#16575);
#16577=IFCLOCALPLACEMENT(#79,#16576);
#16578=IFCCARTESIANPOINTLIST3D(((0.,0.,0.),(0.,0.,3.)));
#16579=IFCINDEXEDPOLYCURVE(#16578,$,.F.);
#16580=IFCSHAPEREPRESENTATION(#12,'Axis','Curve3D',(#16579));
#16581=IFCPRODUCTDEFINITIONSHAPE($,$,(#16580,#16588));
#16582=IFCCARTESIANPOINT((0.,0.,0.));
#16583=IFCDIRECTION((0.,0.,1.));
#16584=IFCDIRECTION((1.,0.,0.));
#16585=IFCAXIS2PLACEMENT3D(#16582,#16583,#16584);
#16586=IFCDIRECTION((0.,0.,1.));
#16587=IFCEXTRUDEDAREASOLID(#2148,#16585,#16586,3.);
#16588=IFCSHAPEREPRESENTATION(#11,'Body','SweptSolid',(#16587));
#16589=IFCPROPERTYSET('1WOF05iHL2egO0DhOG0PQ1',$,'EPset_Parametric',$,(#16591));
#16590=IFCRELDEFINESBYPROPERTIES('2ZjIAbi257NhgmtPAztOnW',$,$,$,(#16570),#16589);
#16591=IFCPROPERTYSINGLEVALUE('Engine',$,IFCLABEL('Bonsai.DumbProfile'),$);
#16685=IFCCOLUMN('2yJ9LThcj2c9VxhuVKCZbi',$,'Column',$,$,#16686,#16696,$,$);
#16686=IFCLOCALPLACEMENT(#79,#16687);
#16687=IFCAXIS2PLACEMENT3D(#16688,#16689,#16690);
#16688=IFCCARTESIANPOINT((-2.7727982997894287,5.0028171539306641,0.));
#16689=IFCDIRECTION((0.,0.,1.));
#16690=IFCDIRECTION((1.,0.,0.));
#16691=IFCRELDEFINESBYPROPERTIES('0VLNfa$dD3$O1k9OKJmnjd',$,$,$,(#16685),#16692);
#16692=IFCPROPERTYSET('0cJ$fjiM1CWuHmW3fqw8_e',$,'EPset_Parametric',$,(#16693));
#16693=IFCPROPERTYSINGLEVALUE('Engine',$,IFCLABEL('Bonsai.DumbProfile'),$);
#16694=IFCRELASSOCIATESMATERIAL('2Uxeckhr5AugLY$3cQcY2K',$,$,$,(#16685),#16695);
#16695=IFCMATERIALPROFILESETUSAGE(#16522,5,$);
#16696=IFCPRODUCTDEFINITIONSHAPE($,$,(#16697,#16700));
#16697=IFCSHAPEREPRESENTATION(#12,'Axis','Curve3D',(#16698));
#16698=IFCINDEXEDPOLYCURVE(#16699,$,.F.);
#16699=IFCCARTESIANPOINTLIST3D(((0.,0.,0.),(0.,0.,3.)));
#16700=IFCSHAPEREPRESENTATION(#11,'Body','SweptSolid',(#16701));
#16701=IFCEXTRUDEDAREASOLID(#2148,#16702,#16706,3.);
#16702=IFCAXIS2PLACEMENT3D(#16703,#16704,#16705);
#16703=IFCCARTESIANPOINT((0.,0.,0.));
#16704=IFCDIRECTION((0.,0.,1.));
#16705=IFCDIRECTION((1.,0.,0.));
#16706=IFCDIRECTION((0.,0.,1.));
#16707=IFCCOLUMN('0tUF8KVRf3wBxproe1NkzK',$,'Column',$,$,#16708,#16718,$,$);
#16708=IFCLOCALPLACEMENT(#79,#16709);
#16709=IFCAXIS2PLACEMENT3D(#16710,#16711,#16712);
#16710=IFCCARTESIANPOINT((-2.7727973461151123,-0.0971832275390625,0.));
#16711=IFCDIRECTION((0.,0.,1.));
#16712=IFCDIRECTION((1.,0.,0.));
#16713=IFCRELASSOCIATESMATERIAL('0ddZYPZt96O8SuX0b8KJJU',$,$,$,(#16707),#16714);
#16714=IFCMATERIALPROFILESETUSAGE(#16522,5,$);
#16715=IFCRELDEFINESBYPROPERTIES('1bzWhByTX6ifryBMkNonpY',$,$,$,(#16707),#16716);
#16716=IFCPROPERTYSET('31cbi5EZHAggFCeMvDbJjS',$,'EPset_Parametric',$,(#16717));
#16717=IFCPROPERTYSINGLEVALUE('Engine',$,IFCLABEL('Bonsai.DumbProfile'),$);
#16718=IFCPRODUCTDEFINITIONSHAPE($,$,(#16719,#16722));
#16719=IFCSHAPEREPRESENTATION(#12,'Axis','Curve3D',(#16720));
#16720=IFCINDEXEDPOLYCURVE(#16721,$,.F.);
#16721=IFCCARTESIANPOINTLIST3D(((0.,0.,0.),(0.,0.,3.)));
#16722=IFCSHAPEREPRESENTATION(#11,'Body','SweptSolid',(#16723));
#16723=IFCEXTRUDEDAREASOLID(#2148,#16724,#16728,3.);
#16724=IFCAXIS2PLACEMENT3D(#16725,#16726,#16727);
#16725=IFCCARTESIANPOINT((0.,0.,0.));
#16726=IFCDIRECTION((0.,0.,1.));
#16727=IFCDIRECTION((1.,0.,0.));
#16728=IFCDIRECTION((0.,0.,1.));
#16729=IFCCOLUMN('2MhZBFqJvCpgQ2jYGmuIvz',$,'Column',$,$,#16730,#16740,$,$);
#16730=IFCLOCALPLACEMENT(#79,#16731);
#16731=IFCAXIS2PLACEMENT3D(#16732,#16733,#16734);
#16732=IFCCARTESIANPOINT((-2.7727982997894287,2.6455838680267334,0.));
#16733=IFCDIRECTION((0.,0.,1.));
#16734=IFCDIRECTION((1.,0.,0.));
#16735=IFCRELASSOCIATESMATERIAL('35BhCLv5fDDvUExqd8MbDd',$,$,$,(#16729),#16736);
#16736=IFCMATERIALPROFILESETUSAGE(#16522,5,$);
#16737=IFCRELDEFINESBYPROPERTIES('0NA$6ZNsL32RSFNmPYl4Uc',$,$,$,(#16729),#16738);
#16738=IFCPROPERTYSET('3gBmMT$KL53OOw2YSbRnmW',$,'EPset_Parametric',$,(#16739));
#16739=IFCPROPERTYSINGLEVALUE('Engine',$,IFCLABEL('Bonsai.DumbProfile'),$);
#16740=IFCPRODUCTDEFINITIONSHAPE($,$,(#16741,#16744));
#16741=IFCSHAPEREPRESENTATION(#12,'Axis','Curve3D',(#16742));
#16742=IFCINDEXEDPOLYCURVE(#16743,$,.F.);
#16743=IFCCARTESIANPOINTLIST3D(((0.,0.,0.),(0.,0.,3.)));
#16744=IFCSHAPEREPRESENTATION(#11,'Body','SweptSolid',(#16745));
#16745=IFCEXTRUDEDAREASOLID(#2148,#16746,#16750,3.);
#16746=IFCAXIS2PLACEMENT3D(#16747,#16748,#16749);
#16747=IFCCARTESIANPOINT((0.,0.,0.));
#16748=IFCDIRECTION((0.,0.,1.));
#16749=IFCDIRECTION((1.,0.,0.));
#16750=IFCDIRECTION((0.,0.,1.));
#16751=IFCCOLUMN('24a0INOivBVwMoMSOWNF58',$,'Column',$,$,#16953,#16762,$,$);
#16757=IFCRELDEFINESBYPROPERTIES('1SNmcEfXvF2hdYe60aA$Av',$,$,$,(#16751),#16758);
#16758=IFCPROPERTYSET('3jrhpCVtPBiQI5z$mNvkK$',$,'EPset_Parametric',$,(#16759));
#16759=IFCPROPERTYSINGLEVALUE('Engine',$,IFCLABEL('Bonsai.DumbProfile'),$);
#16760=IFCRELASSOCIATESMATERIAL('2Ry5xXAf94CBIjtpbvy1mg',$,$,$,(#16751),#16761);
#16761=IFCMATERIALPROFILESETUSAGE(#16522,5,$);
#16762=IFCPRODUCTDEFINITIONSHAPE($,$,(#16763,#16766));
#16763=IFCSHAPEREPRESENTATION(#12,'Axis','Curve3D',(#16764));
#16764=IFCINDEXEDPOLYCURVE(#16765,$,.F.);
#16765=IFCCARTESIANPOINTLIST3D(((0.,0.,0.),(0.,0.,3.)));
#16766=IFCSHAPEREPRESENTATION(#11,'Body','SweptSolid',(#16767));
#16767=IFCEXTRUDEDAREASOLID(#2148,#16768,#16772,3.);
#16768=IFCAXIS2PLACEMENT3D(#16769,#16770,#16771);
#16769=IFCCARTESIANPOINT((0.,0.,0.));
#16770=IFCDIRECTION((0.,0.,1.));
#16771=IFCDIRECTION((1.,0.,0.));
#16772=IFCDIRECTION((0.,0.,1.));
#16773=IFCCOLUMN('0NFPR86Rv7FB0y_BMpnGkS',$,'Column',$,$,#16958,#16784,$,$);
#16779=IFCRELDEFINESBYPROPERTIES('2wXtxqtArF3BpgvmI7_MZm',$,$,$,(#16773),#16780);
#16780=IFCPROPERTYSET('0ydAI3NFj4zQKXILFO_46i',$,'EPset_Parametric',$,(#16781));
#16781=IFCPROPERTYSINGLEVALUE('Engine',$,IFCLABEL('Bonsai.DumbProfile'),$);
#16782=IFCRELASSOCIATESMATERIAL('2NAuqXBx11Kf9ULZBOYQ52',$,$,$,(#16773),#16783);
#16783=IFCMATERIALPROFILESETUSAGE(#16522,5,$);
#16784=IFCPRODUCTDEFINITIONSHAPE($,$,(#16785,#16788));
#16785=IFCSHAPEREPRESENTATION(#12,'Axis','Curve3D',(#16786));
#16786=IFCINDEXEDPOLYCURVE(#16787,$,.F.);
#16787=IFCCARTESIANPOINTLIST3D(((0.,0.,0.),(0.,0.,3.)));
#16788=IFCSHAPEREPRESENTATION(#11,'Body','SweptSolid',(#16789));
#16789=IFCEXTRUDEDAREASOLID(#2148,#16790,#16794,3.);
#16790=IFCAXIS2PLACEMENT3D(#16791,#16792,#16793);
#16791=IFCCARTESIANPOINT((0.,0.,0.));
#16792=IFCDIRECTION((0.,0.,1.));
#16793=IFCDIRECTION((1.,0.,0.));
#16794=IFCDIRECTION((0.,0.,1.));
#16795=IFCCOLUMN('1KAxwhS_53JRTNT16hNqiF',$,'Column',$,$,#16963,#16806,$,$);
#16801=IFCRELDEFINESBYPROPERTIES('0RqgYFajH4cPSrSqckOfss',$,$,$,(#16795),#16802);
#16802=IFCPROPERTYSET('2nRZKKv552KgulpBMZVv4y',$,'EPset_Parametric',$,(#16803));
#16803=IFCPROPERTYSINGLEVALUE('Engine',$,IFCLABEL('Bonsai.DumbProfile'),$);
#16804=IFCRELASSOCIATESMATERIAL('3yqa2Ewzf3Zvqyuqzn5h3E',$,$,$,(#16795),#16805);
#16805=IFCMATERIALPROFILESETUSAGE(#16522,5,$);
#16806=IFCPRODUCTDEFINITIONSHAPE($,$,(#16807,#16810));
#16807=IFCSHAPEREPRESENTATION(#12,'Axis','Curve3D',(#16808));
#16808=IFCINDEXEDPOLYCURVE(#16809,$,.F.);
#16809=IFCCARTESIANPOINTLIST3D(((0.,0.,0.),(0.,0.,3.)));
#16810=IFCSHAPEREPRESENTATION(#11,'Body','SweptSolid',(#16811));
#16811=IFCEXTRUDEDAREASOLID(#2148,#16812,#16816,3.);
#16812=IFCAXIS2PLACEMENT3D(#16813,#16814,#16815);
#16813=IFCCARTESIANPOINT((0.,0.,0.));
#16814=IFCDIRECTION((0.,0.,1.));
#16815=IFCDIRECTION((1.,0.,0.));
#16816=IFCDIRECTION((0.,0.,1.));
#16817=IFCCOLUMN('2312UWrrz5UgubGO9RNlPo',$,'Column',$,$,#16968,#16828,$,$);
#16823=IFCRELDEFINESBYPROPERTIES('1QfwYFzqzFTfPP84BQoW1e',$,$,$,(#16817),#16824);
#16824=IFCPROPERTYSET('1uUuwnvWf9YwuwHoKYoIUu',$,'EPset_Parametric',$,(#16825));
#16825=IFCPROPERTYSINGLEVALUE('Engine',$,IFCLABEL('Bonsai.DumbProfile'),$);
#16826=IFCRELASSOCIATESMATERIAL('3aJpUT0HjBVBWmLUp4wckz',$,$,$,(#16817),#16827);
#16827=IFCMATERIALPROFILESETUSAGE(#16522,5,$);
#16828=IFCPRODUCTDEFINITIONSHAPE($,$,(#16829,#16832));
#16829=IFCSHAPEREPRESENTATION(#12,'Axis','Curve3D',(#16830));
#16830=IFCINDEXEDPOLYCURVE(#16831,$,.F.);
#16831=IFCCARTESIANPOINTLIST3D(((0.,0.,0.),(0.,0.,3.)));
#16832=IFCSHAPEREPRESENTATION(#11,'Body','SweptSolid',(#16833));
#16833=IFCEXTRUDEDAREASOLID(#2148,#16834,#16838,3.);
#16834=IFCAXIS2PLACEMENT3D(#16835,#16836,#16837);
#16835=IFCCARTESIANPOINT((0.,0.,0.));
#16836=IFCDIRECTION((0.,0.,1.));
#16837=IFCDIRECTION((1.,0.,0.));
#16838=IFCDIRECTION((0.,0.,1.));
#16839=IFCCOLUMN('2Livb54Mz4ugTGSP6c_BbH',$,'Column',$,$,#16973,#16850,$,$);
#16845=IFCRELDEFINESBYPROPERTIES('0T4pvo_s9EUwDeY4WcQFh7',$,$,$,(#16839),#16846);
#16846=IFCPROPERTYSET('0$gWOV2XbC8v2BaSE6fQue',$,'EPset_Parametric',$,(#16847));
#16847=IFCPROPERTYSINGLEVALUE('Engine',$,IFCLABEL('Bonsai.DumbProfile'),$);
#16848=IFCRELASSOCIATESMATERIAL('2GbkLaJW9CtwVZTwD_meSM',$,$,$,(#16839),#16849);
#16849=IFCMATERIALPROFILESETUSAGE(#16522,5,$);
#16850=IFCPRODUCTDEFINITIONSHAPE($,$,(#16851,#16854));
#16851=IFCSHAPEREPRESENTATION(#12,'Axis','Curve3D',(#16852));
#16852=IFCINDEXEDPOLYCURVE(#16853,$,.F.);
#16853=IFCCARTESIANPOINTLIST3D(((0.,0.,0.),(0.,0.,3.)));
#16854=IFCSHAPEREPRESENTATION(#11,'Body','SweptSolid',(#16855));
#16855=IFCEXTRUDEDAREASOLID(#2148,#16856,#16860,3.);
#16856=IFCAXIS2PLACEMENT3D(#16857,#16858,#16859);
#16857=IFCCARTESIANPOINT((0.,0.,0.));
#16858=IFCDIRECTION((0.,0.,1.));
#16859=IFCDIRECTION((1.,0.,0.));
#16860=IFCDIRECTION((0.,0.,1.));
#16861=IFCCARTESIANPOINTLIST3D(((0.,0.,0.),(0.76298725605010986,0.,0.),(0.76298725605010986,0.,0.89999997615814209),(0.,0.,0.89999997615814209)));
#16862=IFCINDEXEDPOLYCURVE(#16861,(IFCLINEINDEX((1,2,3,4,1))),$);
#16863=IFCSHAPEREPRESENTATION(#18,'Profile','Curve3D',(#16862));
#16864=IFCCARTESIANPOINTLIST2D(((0.,0.),(0.76298725605010986,0.),(0.76298725605010986,0.89999997615814209),(0.,0.89999997615814209)));
#16865=IFCINDEXEDPOLYCURVE(#16864,(IFCLINEINDEX((1,2,3,4,1))),$);
#16866=IFCCARTESIANPOINTLIST2D(((0.02500000037252903,0.02500000037252903),(0.73798725567758083,0.02500000037252903),(0.73798725567758083,0.87499997578561306),(0.02500000037252903,0.87499997578561306)));
#16867=IFCINDEXEDPOLYCURVE(#16866,(IFCLINEINDEX((1,2,3,4,1))),$);
#16868=IFCARBITRARYPROFILEDEFWITHVOIDS(.AREA.,$,#16865,(#16867));
#16869=IFCCARTESIANPOINT((0.,0.090000001713633537,0.));
#16870=IFCDIRECTION((0.,-1.,0.));
#16871=IFCDIRECTION((1.,0.,0.));
#16872=IFCAXIS2PLACEMENT3D(#16869,#16870,#16871);
#16873=IFCDIRECTION((0.,0.,-1.));
#16874=IFCEXTRUDEDAREASOLID(#16868,#16872,#16873,0.0099999997764825821);
#16875=IFCCARTESIANPOINTLIST2D(((0.,0.),(0.76298725605010986,0.),(0.76298725605010986,0.89999997615814209),(0.,0.89999997615814209)));
#16876=IFCINDEXEDPOLYCURVE(#16875,(IFCLINEINDEX((1,2,3,4,1))),$);
#16877=IFCCARTESIANPOINTLIST2D(((0.05000000074505806,0.05000000074505806),(0.7129872553050518,0.05000000074505806),(0.7129872553050518,0.84999997541308403),(0.05000000074505806,0.84999997541308403)));
#16878=IFCINDEXEDPOLYCURVE(#16877,(IFCLINEINDEX((1,2,3,4,1))),$);
#16879=IFCARBITRARYPROFILEDEFWITHVOIDS(.AREA.,$,#16876,(#16878));
#16880=IFCCARTESIANPOINT((0.,0.05000000074505806,0.));
#16881=IFCDIRECTION((0.,-1.,0.));
#16882=IFCDIRECTION((1.,0.,0.));
#16883=IFCAXIS2PLACEMENT3D(#16880,#16881,#16882);
#16884=IFCDIRECTION((0.,0.,-1.));
#16885=IFCEXTRUDEDAREASOLID(#16879,#16883,#16884,0.040000000968575478);
#16886=IFCCARTESIANPOINTLIST2D(((0.,0.),(0.7129872553050518,0.),(0.7129872553050518,0.84999997541308403),(0.,0.84999997541308403)));
#16887=IFCINDEXEDPOLYCURVE(#16886,(IFCLINEINDEX((1,2,3,4,1))),$);
#16888=IFCCARTESIANPOINTLIST2D(((0.035000000149011612,0.035000000149011612),(0.67798725515604019,0.035000000149011612),(0.67798725515604019,0.81499997526407242),(0.035000000149011612,0.81499997526407242)));
#16889=IFCINDEXEDPOLYCURVE(#16888,(IFCLINEINDEX((1,2,3,4,1))),$);
#16890=IFCARBITRARYPROFILEDEFWITHVOIDS(.AREA.,$,#16887,(#16889));
#16891=IFCCARTESIANPOINT((0.02500000037252903,0.090000001713633537,0.02500000037252903));
#16892=IFCDIRECTION((0.,-1.,0.));
#16893=IFCDIRECTION((1.,0.,0.));
#16894=IFCAXIS2PLACEMENT3D(#16891,#16892,#16893);
#16895=IFCDIRECTION((0.,0.,-1.));
#16896=IFCEXTRUDEDAREASOLID(#16890,#16894,#16895,0.035000000149011612);
#16897=IFCINDEXEDPOLYCURVE(#16898,(IFCLINEINDEX((1,2,3,4,1))),$);
#16898=IFCCARTESIANPOINTLIST2D(((0.035000000149011612,0.035000000149011612),(0.67798725515604019,0.035000000149011612),(0.67798725515604019,0.81499997526407242),(0.035000000149011612,0.81499997526407242)));
#16899=IFCARBITRARYCLOSEDPROFILEDEF(.AREA.,$,#16897);
#16900=IFCCARTESIANPOINT((0.02500000037252903,0.10250000178813934,0.02500000037252903));
#16901=IFCDIRECTION((0.,-1.,0.));
#16902=IFCDIRECTION((1.,0.,0.));
#16903=IFCAXIS2PLACEMENT3D(#16900,#16901,#16902);
#16904=IFCDIRECTION((0.,0.,-1.));
#16905=IFCEXTRUDEDAREASOLID(#16899,#16903,#16904,0.01);
#16906=IFCSHAPEREPRESENTATION(#11,'Body','SweptSolid',(#16874,#16885,#16896,#16905));
#16907=IFCCARTESIANPOINTLIST2D(((0.05000000074505806,0.05000000074505806),(0.7129872553050518,0.05000000074505806)));
#16908=IFCINDEXEDPOLYCURVE(#16907,$,$);
#16909=IFCCARTESIANPOINTLIST2D(((0.,0.10000000149011612),(0.02500000037252903,0.10000000149011612),(0.02500000037252903,0.090000001713633537),(0.05000000074505806,0.090000001713633537),(0.05000000074505806,0.05000000074505806),(0.,0.05000000074505806)));
#16910=IFCINDEXEDPOLYCURVE(#16909,(IFCLINEINDEX((1,2,3,4,5,6,1))),$);
#16911=IFCCARTESIANPOINTLIST2D(((0.76298725605010986,0.10000000149011612),(0.73798725567758083,0.10000000149011612),(0.73798725567758083,0.090000001713633537),(0.7129872553050518,0.090000001713633537),(0.7129872553050518,0.05000000074505806),(0.76298725605010986,0.05000000074505806)));
#16912=IFCINDEXEDPOLYCURVE(#16911,(IFCLINEINDEX((1,2,3,4,5,6,1))),$);
#16913=IFCCARTESIANPOINTLIST2D(((0.02500000037252903,0.090000001713633537),(0.060000000521540642,0.090000001713633537),(0.060000000521540642,0.12500000186264515),(0.02500000037252903,0.12500000186264515)));
#16914=IFCINDEXEDPOLYCURVE(#16913,(IFCLINEINDEX((1,2,3,4,1))),$);
#16915=IFCINDEXEDPOLYCURVE(#16916,(IFCLINEINDEX((1,2,3,4,1))),$);
#16916=IFCCARTESIANPOINTLIST2D(((0.73798725567758083,0.090000001713633537),(0.70298725552856922,0.090000001713633537),(0.70298725552856922,0.12500000186264515),(0.73798725567758083,0.12500000186264515)));
#16917=IFCCARTESIANPOINTLIST2D(((0.060000000521540642,0.090000001713633537),(0.70298725552856922,0.090000001713633537)));
#16918=IFCINDEXEDPOLYCURVE(#16917,$,$);
#16919=IFCINDEXEDPOLYCURVE(#16920,$,$);
#16920=IFCCARTESIANPOINTLIST2D(((0.060000000521540642,0.12500000186264515),(0.70298725552856922,0.12500000186264515)));
#16921=IFCINDEXEDPOLYCURVE(#16922,$,$);
#16922=IFCCARTESIANPOINTLIST2D(((0.060000000521540642,0.10750000178813934),(0.70298725552856922,0.10750000178813934)));
#16923=IFCSHAPEREPRESENTATION(#24,'Body','Curve2D',(#16908,#16910,#16912,#16914,#16915,#16918,#16919,#16921));
#16924=IFCCARTESIANPOINTLIST2D(((0.,0.),(0.76298725605010986,0.),(0.76298725605010986,0.89999997615814209),(0.,0.89999997615814209)));
#16925=IFCINDEXEDPOLYCURVE(#16924,(IFCLINEINDEX((1,2,3,4,1))),$);
#16926=IFCARBITRARYCLOSEDPROFILEDEF(.AREA.,$,#16925);
#16927=IFCCARTESIANPOINT((0.,-0.60000002384185791,0.));
#16928=IFCDIRECTION((0.,-1.,0.));
#16929=IFCDIRECTION((1.,0.,0.));
#16930=IFCAXIS2PLACEMENT3D(#16927,#16928,#16929);
#16931=IFCDIRECTION((0.,0.,-1.));
#16932=IFCEXTRUDEDAREASOLID(#16926,#16930,#16931,1.2);
#16933=IFCSHAPEREPRESENTATION(#11,'Body','SweptSolid',(#16932));
#16939=IFCCARTESIANPOINT((2.2460184009867463,0.099999862567154096,1.));
#16940=IFCDIRECTION((0.,0.,1.));
#16941=IFCDIRECTION((-0.99999999999998856,1.5099580252808177E-07,0.));
#16942=IFCAXIS2PLACEMENT3D(#16939,#16940,#16941);
#16943=IFCLOCALPLACEMENT(#250,#16942);
#16944=IFCCARTESIANPOINT((-8.8817841970012523E-16,-4.4408920985006262E-16,0.));
#16945=IFCDIRECTION((0.,0.,1.));
#16946=IFCDIRECTION((1.,0.,0.));
#16947=IFCAXIS2PLACEMENT3D(#16944,#16945,#16946);
#16948=IFCLOCALPLACEMENT(#16943,#16947);
#16949=IFCCARTESIANPOINT((4.243523120880127,5.0028171539306641,0.));
#16950=IFCDIRECTION((0.,0.,1.));
#16951=IFCDIRECTION((1.,0.,0.));
#16952=IFCAXIS2PLACEMENT3D(#16949,#16950,#16951);
#16953=IFCLOCALPLACEMENT(#79,#16952);
#16954=IFCCARTESIANPOINT((4.243523120880127,2.6455838680267334,0.));
#16955=IFCDIRECTION((0.,0.,1.));
#16956=IFCDIRECTION((1.,0.,0.));
#16957=IFCAXIS2PLACEMENT3D(#16954,#16955,#16956);
#16958=IFCLOCALPLACEMENT(#79,#16957);
#16959=IFCCARTESIANPOINT((4.2435240745544434,-0.0971832275390625,0.));
#16960=IFCDIRECTION((0.,0.,1.));
#16961=IFCDIRECTION((1.,0.,0.));
#16962=IFCAXIS2PLACEMENT3D(#16959,#16960,#16961);
#16963=IFCLOCALPLACEMENT(#79,#16962);
#16964=IFCCARTESIANPOINT((0.24174736440181732,6.5199995040893555,0.));
#16965=IFCDIRECTION((0.,0.,1.));
#16966=IFCDIRECTION((1.,0.,0.));
#16967=IFCAXIS2PLACEMENT3D(#16964,#16965,#16966);
#16968=IFCLOCALPLACEMENT(#79,#16967);
#16969=IFCCARTESIANPOINT((0.24174736440181732,5.0028171539306641,0.));
#16970=IFCDIRECTION((0.,0.,1.));
#16971=IFCDIRECTION((1.,0.,0.));
#16972=IFCAXIS2PLACEMENT3D(#16969,#16970,#16971);
#16973=IFCLOCALPLACEMENT(#79,#16972);
#16974=IFCCOLUMN('1e6kVHhj58uP8$7OQM7ztZ',$,'Column',$,$,#17213,#16985,$,$);
#16980=IFCRELDEFINESBYPROPERTIES('1kuAFt$nvEzQqcLQdfeRhX',$,$,$,(#16974),#16981);
#16981=IFCPROPERTYSET('1hoqIYasXA3xkPkPnNe7ON',$,'EPset_Parametric',$,(#16982));
#16982=IFCPROPERTYSINGLEVALUE('Engine',$,IFCLABEL('Bonsai.DumbProfile'),$);
#16983=IFCRELASSOCIATESMATERIAL('1c5aTvHzb8eRlgfBmiuZgc',$,$,$,(#16974),#16984);
#16984=IFCMATERIALPROFILESETUSAGE(#16522,5,$);
#16985=IFCPRODUCTDEFINITIONSHAPE($,$,(#16986,#16989));
#16986=IFCSHAPEREPRESENTATION(#12,'Axis','Curve3D',(#16987));
#16987=IFCINDEXEDPOLYCURVE(#16988,$,.F.);
#16988=IFCCARTESIANPOINTLIST3D(((0.,0.,0.),(0.,0.,3.)));
#16989=IFCSHAPEREPRESENTATION(#11,'Body','SweptSolid',(#16990));
#16990=IFCEXTRUDEDAREASOLID(#2148,#16991,#16995,3.);
#16991=IFCAXIS2PLACEMENT3D(#16992,#16993,#16994);
#16992=IFCCARTESIANPOINT((0.,0.,0.));
#16993=IFCDIRECTION((0.,0.,1.));
#16994=IFCDIRECTION((1.,0.,0.));
#16995=IFCDIRECTION((0.,0.,1.));
#16996=IFCBEAMTYPE('3C3d$FjcDB3R0aCsFn5EKt',$,'Unnamed',$,$,$,$,$,$,.BEAM.);
#16997=IFCMATERIALPROFILESET($,$,(#16999),$);
#16998=IFCRELASSOCIATESMATERIAL('3mjtNfFrfFUA2BFSx8Bz7n',$,$,$,(#16996),#16997);
#16999=IFCMATERIALPROFILE($,$,#81,#2148,$,$);
#17000=IFCBEAM('1GnveEQLrAaPzEc3LNm3Af',$,'Beam',$,$,#17008,#17012,$,$);
#17001=IFCRELDEFINESBYTYPE('0gAhES_7r8Ugjg_pEL4QFW',$,$,$,(#17664,#17740,#17777,#17165,#17187,#17000,#17570,#17592,#17023,#17045,#17713,#17691,#17111,#17143,#17089),#16996);
#17002=IFCMATERIALPROFILESETUSAGE(#16997,7,$);
#17003=IFCRELASSOCIATESMATERIAL('0H9DNgWP55nftS3ArNhj3G',$,$,$,(#17000),#17002);
#17004=IFCCARTESIANPOINT((4.4935259819030762,6.7699995040893555,3.));
#17005=IFCDIRECTION((-1.9930498973430695E-07,-0.99999999999997724,7.549789865863967E-08));
#17006=IFCDIRECTION((0.99999999999998024,-1.9930499206565916E-07,0.));
#17007=IFCAXIS2PLACEMENT3D(#17004,#17005,#17006);
#17008=IFCLOCALPLACEMENT(#79,#17007);
#17009=IFCCARTESIANPOINTLIST3D(((0.,0.,0.),(0.,0.,9.5699995962880191)));
#17010=IFCINDEXEDPOLYCURVE(#17009,$,.F.);
#17011=IFCSHAPEREPRESENTATION(#12,'Axis','Curve3D',(#17010));
#17012=IFCPRODUCTDEFINITIONSHAPE($,$,(#17011,#17019));
#17013=IFCCARTESIANPOINT((-0.25,-0.25,0.));
#17014=IFCDIRECTION((0.,0.,1.));
#17015=IFCDIRECTION((1.,0.,0.));
#17016=IFCAXIS2PLACEMENT3D(#17013,#17014,#17015);
#17017=IFCDIRECTION((0.,0.,1.));
#17018=IFCEXTRUDEDAREASOLID(#2148,#17016,#17017,9.5699995962880191);
#17019=IFCSHAPEREPRESENTATION(#11,'Body','SweptSolid',(#17018));
#17020=IFCPROPERTYSET('0YqoHMKpvF4gE1f$p_tkpV',$,'EPset_Parametric',$,(#17022));
#17021=IFCRELDEFINESBYPROPERTIES('3vecto8cfDueYu8zb5sjmE',$,$,$,(#17000),#17020);
#17022=IFCPROPERTYSINGLEVALUE('Engine',$,IFCLABEL('Bonsai.DumbProfile'),$);
#17023=IFCBEAM('16uZrq5TPE1R$U_4V_TMLe',$,'Beam',$,$,#17030,#17034,$,$);
#17024=IFCMATERIALPROFILESETUSAGE(#16997,7,$);
#17025=IFCRELASSOCIATESMATERIAL('37DXCzGQXDaeRChVMsICGO',$,$,$,(#17023),#17024);
#17026=IFCCARTESIANPOINT((0.49174737930297852,6.7699995040893555,3.));
#17027=IFCDIRECTION((0.,-0.99999999999999711,7.5497898658641179E-08));
#17028=IFCDIRECTION((1.,0.,0.));
#17029=IFCAXIS2PLACEMENT3D(#17026,#17027,#17028);
#17030=IFCLOCALPLACEMENT(#79,#17029);
#17031=IFCCARTESIANPOINTLIST3D(((0.,0.,0.),(0.,0.,9.569999596287829)));
#17032=IFCINDEXEDPOLYCURVE(#17031,$,.F.);
#17033=IFCSHAPEREPRESENTATION(#12,'Axis','Curve3D',(#17032));
#17034=IFCPRODUCTDEFINITIONSHAPE($,$,(#17033,#17041));
#17035=IFCCARTESIANPOINT((-0.25,-0.25,0.));
#17036=IFCDIRECTION((0.,0.,1.));
#17037=IFCDIRECTION((1.,0.,0.));
#17038=IFCAXIS2PLACEMENT3D(#17035,#17036,#17037);
#17039=IFCDIRECTION((0.,0.,1.));
#17040=IFCEXTRUDEDAREASOLID(#2148,#17038,#17039,9.569999596287829);
#17041=IFCSHAPEREPRESENTATION(#11,'Body','SweptSolid',(#17040));
#17042=IFCPROPERTYSET('1ZV$pgt$15Bxe7LuW4c$r4',$,'EPset_Parametric',$,(#17044));
#17043=IFCRELDEFINESBYPROPERTIES('0Mnxym5RT7kvcTCPKllayk',$,$,$,(#17023),#17042);
#17044=IFCPROPERTYSINGLEVALUE('Engine',$,IFCLABEL('Bonsai.DumbProfile'),$);
#17045=IFCBEAM('2c7lQZz2XC3eY5e6YWwlP3',$,'Beam',$,$,#17052,#17056,$,$);
#17046=IFCMATERIALPROFILESETUSAGE(#16997,7,$);
#17047=IFCRELASSOCIATESMATERIAL('3lpJkg5aL2reedKCBxuBJH',$,$,$,(#17045),#17046);
#17048=IFCCARTESIANPOINT((-2.5227982997894287,5.2528171539306641,3.));
#17049=IFCDIRECTION((1.7029895665083056E-07,-0.99999999999998268,7.5497898658640081E-08));
#17050=IFCDIRECTION((0.99999999999998557,1.7029896071107696E-07,-1.0048591563601693E-14));
#17051=IFCAXIS2PLACEMENT3D(#17048,#17049,#17050);
#17052=IFCLOCALPLACEMENT(#79,#17051);
#17053=IFCCARTESIANPOINTLIST3D(((0.,0.,0.),(0.,0.,5.6000003950937129)));
#17054=IFCINDEXEDPOLYCURVE(#17053,$,.F.);
#17055=IFCSHAPEREPRESENTATION(#12,'Axis','Curve3D',(#17054));
#17056=IFCPRODUCTDEFINITIONSHAPE($,$,(#17055,#17063));
#17057=IFCCARTESIANPOINT((-0.25,-0.25,0.));
#17058=IFCDIRECTION((0.,0.,1.));
#17059=IFCDIRECTION((1.,0.,0.));
#17060=IFCAXIS2PLACEMENT3D(#17057,#17058,#17059);
#17061=IFCDIRECTION((0.,0.,1.));
#17062=IFCEXTRUDEDAREASOLID(#2148,#17060,#17061,5.6000003950937129);
#17063=IFCSHAPEREPRESENTATION(#11,'Body','SweptSolid',(#17062));
#17064=IFCPROPERTYSET('2CuhviUor8ehoRzaWsKGXc',$,'EPset_Parametric',$,(#17066));
#17065=IFCRELDEFINESBYPROPERTIES('0v8RfgBMH5n9jKTT4wobFU',$,$,$,(#17045),#17064);
#17066=IFCPROPERTYSINGLEVALUE('Engine',$,IFCLABEL('Bonsai.DumbProfile'),$);
#17089=IFCBEAM('1e$Sr3xi5F7e0rf3mvg_$5',$,'Beam',$,$,#17096,#17100,$,$);
#17090=IFCMATERIALPROFILESETUSAGE(#16997,7,$);
#17091=IFCRELASSOCIATESMATERIAL('3NDNnRFWf28eKnodA04jSA',$,$,$,(#17089),#17090);
#17092=IFCCARTESIANPOINT((-0.0082526206970214844,6.7699995040893555,3.));
#17093=IFCDIRECTION((0.99999999999996214,-1.9470716428772842E-07,1.9470717849858483E-07));
#17094=IFCDIRECTION((1.9470717849858713E-07,0.99999999999997391,-1.1920928955077814E-07));
#17095=IFCAXIS2PLACEMENT3D(#17092,#17093,#17094);
#17096=IFCLOCALPLACEMENT(#79,#17095);
#17097=IFCCARTESIANPOINTLIST3D(((0.,0.,0.),(0.,0.,4.5017785690128997)));
#17098=IFCINDEXEDPOLYCURVE(#17097,$,.F.);
#17099=IFCSHAPEREPRESENTATION(#12,'Axis','Curve3D',(#17098));
#17100=IFCPRODUCTDEFINITIONSHAPE($,$,(#17099,#17107));
#17101=IFCCARTESIANPOINT((-0.25,-0.25,0.));
#17102=IFCDIRECTION((0.,0.,1.));
#17103=IFCDIRECTION((1.,0.,0.));
#17104=IFCAXIS2PLACEMENT3D(#17101,#17102,#17103);
#17105=IFCDIRECTION((0.,0.,1.));
#17106=IFCEXTRUDEDAREASOLID(#2148,#17104,#17105,4.5017785690128997);
#17107=IFCSHAPEREPRESENTATION(#11,'Body','SweptSolid',(#17106));
#17108=IFCPROPERTYSET('35XxuDo899HfQjqEckmd9k',$,'EPset_Parametric',$,(#17110));
#17109=IFCRELDEFINESBYPROPERTIES('3SNzSdXe9DyfWluQJb82Hh',$,$,$,(#17089),#17108);
#17110=IFCPROPERTYSINGLEVALUE('Engine',$,IFCLABEL('Bonsai.DumbProfile'),$);
#17111=IFCBEAM('2eITC5orfDxu66mKn9fOVX',$,'Beam',$,$,#17118,#17122,$,$);
#17112=IFCMATERIALPROFILESETUSAGE(#16997,7,$);
#17113=IFCRELASSOCIATESMATERIAL('0qKIXZyTn6yhUajq4xRc0L',$,$,$,(#17111),#17112);
#17114=IFCCARTESIANPOINT((-3.0227982997894287,5.2528171539306641,3.));
#17115=IFCDIRECTION((0.99999999999993172,-1.9470712165515326E-07,3.1391648226020841E-07));
#17116=IFCDIRECTION((1.9470717849858539E-07,0.99999999999996503,-1.7881392722073742E-07));
#17117=IFCAXIS2PLACEMENT3D(#17114,#17115,#17116);
#17118=IFCLOCALPLACEMENT(#79,#17117);
#17122=IFCPRODUCTDEFINITIONSHAPE($,$,(#17135,#17142));
#17130=IFCPROPERTYSET('0eO$zbM3vEYRL_qvb0KlbY',$,'EPset_Parametric',$,(#17132));
#17131=IFCRELDEFINESBYPROPERTIES('2yGAPLo_H0QPuQdFXPI9Dk',$,$,$,(#17111),#17130);
#17132=IFCPROPERTYSINGLEVALUE('Engine',$,IFCLABEL('Bonsai.DumbProfile'),$);
#17133=IFCCARTESIANPOINTLIST3D(((-2.8781946070921549E-07,9.7325880688003963E-08,1.8754505504148256E-07),(-1.9719021793207503E-07,6.4355106133007212E-08,7.5163240432739258)));
#17134=IFCINDEXEDPOLYCURVE(#17133,$,.F.);
#17135=IFCSHAPEREPRESENTATION(#12,'Axis','Curve3D',(#17134));
#17136=IFCCARTESIANPOINT((-0.25,-0.25,0.));
#17137=IFCDIRECTION((0.,0.,1.));
#17138=IFCDIRECTION((1.,0.,0.));
#17139=IFCAXIS2PLACEMENT3D(#17136,#17137,#17138);
#17140=IFCDIRECTION((0.,0.,1.));
#17141=IFCEXTRUDEDAREASOLID(#2148,#17139,#17140,7.5163241435953303);
#17142=IFCSHAPEREPRESENTATION(#11,'Body','SweptSolid',(#17141));
#17143=IFCBEAM('0mdjTYggv1MubIXNNPGVBP',$,'Beam',$,$,#17150,#17154,$,$);
#17144=IFCMATERIALPROFILESETUSAGE(#16997,7,$);
#17145=IFCRELASSOCIATESMATERIAL('03UxIe0cH4HOSxptfQ_uDB',$,$,$,(#17143),#17144);
#17146=IFCCARTESIANPOINT((-3.0227982997894287,2.8955838680267334,3.));
#17147=IFCDIRECTION((0.99999999999996214,-1.9470716428772842E-07,1.9470717849858483E-07));
#17148=IFCDIRECTION((1.9470717849858713E-07,0.99999999999997391,-1.1920928955077814E-07));
#17149=IFCAXIS2PLACEMENT3D(#17146,#17147,#17148);
#17150=IFCLOCALPLACEMENT(#79,#17149);
#17151=IFCCARTESIANPOINTLIST3D(((0.,0.,0.),(0.,0.,7.5163210984646343)));
#17152=IFCINDEXEDPOLYCURVE(#17151,$,.F.);
#17153=IFCSHAPEREPRESENTATION(#12,'Axis','Curve3D',(#17152));
#17154=IFCPRODUCTDEFINITIONSHAPE($,$,(#17153,#17161));
#17155=IFCCARTESIANPOINT((-0.25,-0.25,0.));
#17156=IFCDIRECTION((0.,0.,1.));
#17157=IFCDIRECTION((1.,0.,0.));
#17158=IFCAXIS2PLACEMENT3D(#17155,#17156,#17157);
#17159=IFCDIRECTION((0.,0.,1.));
#17160=IFCEXTRUDEDAREASOLID(#2148,#17158,#17159,7.5163210984646343);
#17161=IFCSHAPEREPRESENTATION(#11,'Body','SweptSolid',(#17160));
#17162=IFCPROPERTYSET('0ztM3OPhv7Fe1bZep3s94$',$,'EPset_Parametric',$,(#17164));
#17163=IFCRELDEFINESBYPROPERTIES('27ytscP6X9CPwXbd6b3X4y',$,$,$,(#17143),#17162);
#17164=IFCPROPERTYSINGLEVALUE('Engine',$,IFCLABEL('Bonsai.DumbProfile'),$);
#17165=IFCBEAM('1gekJFzer6MRIdnZMJVp27',$,'Beam',$,$,#17172,#17176,$,$);
#17166=IFCMATERIALPROFILESETUSAGE(#16997,7,$);
#17167=IFCRELASSOCIATESMATERIAL('0h2VWfnlX05vQW$$suSfQU',$,$,$,(#17165),#17166);
#17168=IFCCARTESIANPOINT((-3.0227973461151123,0.1528167724609375,3.));
#17169=IFCDIRECTION((0.99999999999996214,-1.9470716428772842E-07,1.9470717849858483E-07));
#17170=IFCDIRECTION((1.9470717849858713E-07,0.99999999999997391,-1.1920928955077814E-07));
#17171=IFCAXIS2PLACEMENT3D(#17168,#17169,#17170);
#17172=IFCLOCALPLACEMENT(#79,#17171);
#17173=IFCCARTESIANPOINTLIST3D(((0.,0.,0.),(0.,0.,7.5163210984646343)));
#17174=IFCINDEXEDPOLYCURVE(#17173,$,.F.);
#17175=IFCSHAPEREPRESENTATION(#12,'Axis','Curve3D',(#17174));
#17176=IFCPRODUCTDEFINITIONSHAPE($,$,(#17175,#17183));
#17177=IFCCARTESIANPOINT((-0.25,-0.25,0.));
#17178=IFCDIRECTION((0.,0.,1.));
#17179=IFCDIRECTION((1.,0.,0.));
#17180=IFCAXIS2PLACEMENT3D(#17177,#17178,#17179);
#17181=IFCDIRECTION((0.,0.,1.));
#17182=IFCEXTRUDEDAREASOLID(#2148,#17180,#17181,7.5163210984646343);
#17183=IFCSHAPEREPRESENTATION(#11,'Body','SweptSolid',(#17182));
#17184=IFCPROPERTYSET('3SRbyeD5v468QLJNs4PBMp',$,'EPset_Parametric',$,(#17186));
#17185=IFCRELDEFINESBYPROPERTIES('3xXT$4POj2gvudjEghVhXx',$,$,$,(#17165),#17184);
#17186=IFCPROPERTYSINGLEVALUE('Engine',$,IFCLABEL('Bonsai.DumbProfile'),$);
#17187=IFCBEAM('2NJnp6prTDvxftpBJB5f2k',$,'Beam',$,$,#17194,#17198,$,$);
#17188=IFCMATERIALPROFILESETUSAGE(#16997,7,$);
#17189=IFCRELASSOCIATESMATERIAL('2FOsouslvFMQrKURFeRfZf',$,$,$,(#17187),#17188);
#17190=IFCCARTESIANPOINT((4.4935240745544434,-2.7999992370605469,3.0000007152557373));
#17191=IFCDIRECTION((-0.99999999999996214,-1.9470716428772842E-07,1.9470717849858483E-07));
#17192=IFCDIRECTION((1.9470717849858713E-07,-0.99999999999997391,1.1920928955077814E-07));
#17193=IFCAXIS2PLACEMENT3D(#17190,#17191,#17192);
#17194=IFCLOCALPLACEMENT(#79,#17193);
#17195=IFCCARTESIANPOINTLIST3D(((0.,0.,0.),(0.,0.,4.5017766624174209)));
#17196=IFCINDEXEDPOLYCURVE(#17195,$,.F.);
#17197=IFCSHAPEREPRESENTATION(#12,'Axis','Curve3D',(#17196));
#17198=IFCPRODUCTDEFINITIONSHAPE($,$,(#17197,#17205));
#17199=IFCCARTESIANPOINT((-0.25,-0.25,0.));
#17200=IFCDIRECTION((0.,0.,1.));
#17201=IFCDIRECTION((1.,0.,0.));
#17202=IFCAXIS2PLACEMENT3D(#17199,#17200,#17201);
#17203=IFCDIRECTION((0.,0.,1.));
#17204=IFCEXTRUDEDAREASOLID(#2148,#17202,#17203,4.5017766624174209);
#17205=IFCSHAPEREPRESENTATION(#11,'Body','SweptSolid',(#17204));
#17206=IFCPROPERTYSET('3e$GneQ6j2sfPakHjMQq_c',$,'EPset_Parametric',$,(#17208));
#17207=IFCRELDEFINESBYPROPERTIES('28DZbrURrCXub0tuaWl_We',$,$,$,(#17187),#17206);
#17208=IFCPROPERTYSINGLEVALUE('Engine',$,IFCLABEL('Bonsai.DumbProfile'),$);
#17209=IFCCARTESIANPOINT((0.24174736440181732,-0.0971832275390625,0.));
#17210=IFCDIRECTION((0.,0.,1.));
#17211=IFCDIRECTION((1.,0.,0.));
#17212=IFCAXIS2PLACEMENT3D(#17209,#17210,#17211);
#17213=IFCLOCALPLACEMENT(#79,#17212);
#17236=IFCCOLUMN('3LeKE80eP1T8CLMoG1zIov',$,'Column',$,$,#17243,#17247,$,$);
#17237=IFCMATERIALPROFILESETUSAGE(#16522,7,$);
#17238=IFCRELASSOCIATESMATERIAL('2tUafCQ6n7dvVf4rRcouZC',$,$,$,(#17236),#17237);
#17239=IFCCARTESIANPOINT((4.4935226440429688,0.1528153121471405,0.));
#17240=IFCDIRECTION((0.,0.,1.));
#17241=IFCDIRECTION((1.,0.,0.));
#17242=IFCAXIS2PLACEMENT3D(#17239,#17240,#17241);
#17243=IFCLOCALPLACEMENT(#15624,#17242);
#17247=IFCPRODUCTDEFINITIONSHAPE($,$,(#17870,#17877));
#17255=IFCPROPERTYSET('1Hq2JmQF5Csvh6xIuN_F6n',$,'EPset_Parametric',$,(#17257));
#17256=IFCRELDEFINESBYPROPERTIES('0TOPCYfvn2w9Uu8e5IRHDM',$,$,$,(#17236),#17255);
#17257=IFCPROPERTYSINGLEVALUE('Engine',$,IFCLABEL('Bonsai.DumbProfile'),$);
#17258=IFCCOLUMNTYPE('01Wf9krnrE$vx3gO6KuMvr',$,'2F COLUMN',$,$,$,$,$,$,.COLUMN.);
#17259=IFCRELASSOCIATESMATERIAL('07Azo4EibB1RqAdqLFC49T',$,$,$,(#17258),#17260);
#17260=IFCMATERIALPROFILESET($,$,(#17261),$);
#17261=IFCMATERIALPROFILE($,$,#81,#2148,$,$);
#17329=IFCCOLUMN('2CSmWzAyj0ff$RWZLJLojs',$,'Column',$,$,#17337,#17341,$,$);
#17330=IFCRELDEFINESBYTYPE('3j41NbRaLFMu5UHkevt_Su',$,$,$,(#17352,#17329,#17374,#17418,#17445,#17499,#17548),#17258);
#17331=IFCMATERIALPROFILESETUSAGE(#17260,7,$);
#17332=IFCRELASSOCIATESMATERIAL('0JB$4MeZj9cRJm7hDS$yWg',$,$,$,(#17329),#17331);
#17333=IFCCARTESIANPOINT((0.49174737930297852,0.1530042290687561,0.));
#17334=IFCDIRECTION((0.,0.,1.));
#17335=IFCDIRECTION((1.,0.,0.));
#17336=IFCAXIS2PLACEMENT3D(#17333,#17334,#17335);
#17337=IFCLOCALPLACEMENT(#15624,#17336);
#17341=IFCPRODUCTDEFINITIONSHAPE($,$,(#17910,#17917));
#17349=IFCPROPERTYSET('2Lo5_AogXBZAn3TBzKxNUV',$,'EPset_Parametric',$,(#17351));
#17350=IFCRELDEFINESBYPROPERTIES('1NsrosEe5748KQ3TT1YZfD',$,$,$,(#17329),#17349);
#17351=IFCPROPERTYSINGLEVALUE('Engine',$,IFCLABEL('Bonsai.DumbProfile'),$);
#17352=IFCCOLUMN('1FsGyOWUX9YuSeBPMWWsYt',$,'Column',$,$,#17359,#17363,$,$);
#17353=IFCMATERIALPROFILESETUSAGE(#17260,7,$);
#17354=IFCRELASSOCIATESMATERIAL('1qriKrp1X8vPG31ffNgV8G',$,$,$,(#17352),#17353);
#17355=IFCCARTESIANPOINT((4.4935240745544434,-2.299999475479126,0.));
#17356=IFCDIRECTION((0.,0.,1.));
#17357=IFCDIRECTION((1.,0.,0.));
#17358=IFCAXIS2PLACEMENT3D(#17355,#17356,#17357);
#17359=IFCLOCALPLACEMENT(#15624,#17358);
#17363=IFCPRODUCTDEFINITIONSHAPE($,$,(#17860,#17867));
#17371=IFCPROPERTYSET('3VcfnnPWX11wTZ6D$_FzMy',$,'EPset_Parametric',$,(#17373));
#17372=IFCRELDEFINESBYPROPERTIES('3OzMigfhTD7PB5pM854mWO',$,$,$,(#17352),#17371);
#17373=IFCPROPERTYSINGLEVALUE('Engine',$,IFCLABEL('Bonsai.DumbProfile'),$);
#17374=IFCCOLUMN('1b813T$gP7UgIGCI$SV4YD',$,'Column',$,$,#17444,#17385,$,$);
#17380=IFCRELDEFINESBYPROPERTIES('05KqOSVEn3Au5QAcZhoX1I',$,$,$,(#17374),#17381);
#17381=IFCPROPERTYSET('2tTOj_flf78wtgEdrWGjmq',$,'EPset_Parametric',$,(#17382));
#17382=IFCPROPERTYSINGLEVALUE('Engine',$,IFCLABEL('Bonsai.DumbProfile'),$);
#17383=IFCRELASSOCIATESMATERIAL('1Oy4E5SsnDAhEwaGywbYPS',$,$,$,(#17374),#17384);
#17384=IFCMATERIALPROFILESETUSAGE(#17260,7,$);
#17385=IFCPRODUCTDEFINITIONSHAPE($,$,(#17940,#17947));
#17396=IFCCOLUMN('3mP86eURfD995qzoL8M3U2',$,'Column',$,$,#17471,#17407,$,$);
#17402=IFCRELASSOCIATESMATERIAL('1Ew18MzyXC7w9boCmruU5P',$,$,$,(#17396),#17403);
#17403=IFCMATERIALPROFILESETUSAGE(#16522,7,$);
#17404=IFCRELDEFINESBYPROPERTIES('3gJyVIBu95S8FIiCPCrI9P',$,$,$,(#17396),#17405);
#17405=IFCPROPERTYSET('35dE8_4591ngAzPizitupq',$,'EPset_Parametric',$,(#17406));
#17406=IFCPROPERTYSINGLEVALUE('Engine',$,IFCLABEL('Bonsai.DumbProfile'),$);
#17407=IFCPRODUCTDEFINITIONSHAPE($,$,(#17880,#17887));
#17418=IFCCOLUMN('0KnKyCGU57Qu1mW1DTdXRl',$,'Column',$,$,#17498,#17429,$,$);
#17424=IFCRELDEFINESBYPROPERTIES('3w2F3Dt$HBAgfUrrojNtmT',$,$,$,(#17418),#17425);
#17425=IFCPROPERTYSET('1CgETSXhT7QRXu2p51cJhC',$,'EPset_Parametric',$,(#17426));
#17426=IFCPROPERTYSINGLEVALUE('Engine',$,IFCLABEL('Bonsai.DumbProfile'),$);
#17427=IFCRELASSOCIATESMATERIAL('1Y1KnUu81D3O3BWlBc6j$U',$,$,$,(#17418),#17428);
#17428=IFCMATERIALPROFILESETUSAGE(#17260,7,$);
#17429=IFCPRODUCTDEFINITIONSHAPE($,$,(#17920,#17927));
#17440=IFCCARTESIANPOINT((-2.5227973461151123,0.1530042290687561,0.));
#17441=IFCDIRECTION((0.,0.,1.));
#17442=IFCDIRECTION((1.,0.,0.));
#17443=IFCAXIS2PLACEMENT3D(#17440,#17441,#17442);
#17444=IFCLOCALPLACEMENT(#15624,#17443);
#17445=IFCCOLUMN('1QLumX5Nz7JfTylIP7e3aE',$,'Column',$,$,#17547,#17456,$,$);
#17451=IFCRELDEFINESBYPROPERTIES('3UF1_6Rmb3PvyQxwXOaIwZ',$,$,$,(#17445),#17452);
#17452=IFCPROPERTYSET('0MFdlzn7v8Iw0V_NnzF7a6',$,'EPset_Parametric',$,(#17453));
#17453=IFCPROPERTYSINGLEVALUE('Engine',$,IFCLABEL('Bonsai.DumbProfile'),$);
#17454=IFCRELASSOCIATESMATERIAL('0ceNItUnPE$AeLFkjSDPTA',$,$,$,(#17445),#17455);
#17455=IFCMATERIALPROFILESETUSAGE(#17260,7,$);
#17456=IFCPRODUCTDEFINITIONSHAPE($,$,(#17950,#17957));
#17467=IFCCARTESIANPOINT((4.4935226440429688,5.2528166770935059,0.));
#17468=IFCDIRECTION((0.,0.,1.));
#17469=IFCDIRECTION((1.,0.,0.));
#17470=IFCAXIS2PLACEMENT3D(#17467,#17468,#17469);
#17471=IFCLOCALPLACEMENT(#15624,#17470);
#17472=IFCCOLUMN('0HnJejCNn2GuL2ij_STCde',$,'Column',$,$,#17618,#17483,$,$);
#17478=IFCRELDEFINESBYPROPERTIES('2$NTfnzSz4FObc511gd_ao',$,$,$,(#17472),#17479);
#17479=IFCPROPERTYSET('3e17BVb_j42hg3tSU0cuLD',$,'EPset_Parametric',$,(#17480));
#17480=IFCPROPERTYSINGLEVALUE('Engine',$,IFCLABEL('Bonsai.DumbProfile'),$);
#17481=IFCRELASSOCIATESMATERIAL('34u$IVigH1vhaC4jM0s4jF',$,$,$,(#17472),#17482);
#17482=IFCMATERIALPROFILESETUSAGE(#16522,7,$);
#17483=IFCPRODUCTDEFINITIONSHAPE($,$,(#17890,#17897));
#17494=IFCCARTESIANPOINT((0.49174737930297852,5.2530055046081543,0.));
#17495=IFCDIRECTION((0.,0.,1.));
#17496=IFCDIRECTION((1.,0.,0.));
#17497=IFCAXIS2PLACEMENT3D(#17494,#17495,#17496);
#17498=IFCLOCALPLACEMENT(#15624,#17497);
#17499=IFCCOLUMN('30KWaG8bjDe842dWlhhTqN',$,'Column',$,$,#17623,#17510,$,$);
#17505=IFCRELDEFINESBYPROPERTIES('2oBB1NqB15NA91RlCcNppT',$,$,$,(#17499),#17506);
#17506=IFCPROPERTYSET('10pmno8Fv0uvCuKvDEp978',$,'EPset_Parametric',$,(#17507));
#17507=IFCPROPERTYSINGLEVALUE('Engine',$,IFCLABEL('Bonsai.DumbProfile'),$);
#17508=IFCRELASSOCIATESMATERIAL('0loGjNAKDFtwhlLb19YU2O',$,$,$,(#17499),#17509);
#17509=IFCMATERIALPROFILESETUSAGE(#17260,7,$);
#17510=IFCPRODUCTDEFINITIONSHAPE($,$,(#17930,#17937));
#17521=IFCCOLUMN('13TDYjOVz4Pwoxm$fB8v9q',$,'Column',$,$,#17628,#17532,$,$);
#17527=IFCRELDEFINESBYPROPERTIES('3yyrzxR9bC$Bgq4L0VWYBR',$,$,$,(#17521),#17528);
#17528=IFCPROPERTYSET('0VbMFhtYj2ARX4DnsBbZfN',$,'EPset_Parametric',$,(#17529));
#17529=IFCPROPERTYSINGLEVALUE('Engine',$,IFCLABEL('Bonsai.DumbProfile'),$);
#17530=IFCRELASSOCIATESMATERIAL('3MdhGhwor2ZPm$oFolHoXV',$,$,$,(#17521),#17531);
#17531=IFCMATERIALPROFILESETUSAGE(#16522,7,$);
#17532=IFCPRODUCTDEFINITIONSHAPE($,$,(#17900,#17907));
#17543=IFCCARTESIANPOINT((-2.5227973461151123,5.2530055046081543,0.));
#17544=IFCDIRECTION((0.,0.,1.));
#17545=IFCDIRECTION((1.,0.,0.));
#17546=IFCAXIS2PLACEMENT3D(#17543,#17544,#17545);
#17547=IFCLOCALPLACEMENT(#15624,#17546);
#17548=IFCCOLUMN('3bFfm9mQX1pO8UgJ6VFb9h',$,'Column',$,$,#17633,#17559,$,$);
#17554=IFCRELDEFINESBYPROPERTIES('3tJ7co5tX9AxgZqC1oGjNt',$,$,$,(#17548),#17555);
#17555=IFCPROPERTYSET('3Vt7$rkRb8uQV71XvBUKMq',$,'EPset_Parametric',$,(#17556));
#17556=IFCPROPERTYSINGLEVALUE('Engine',$,IFCLABEL('Bonsai.DumbProfile'),$);
#17557=IFCRELASSOCIATESMATERIAL('2AvWT6_5vA4hIBADIrGALV',$,$,$,(#17548),#17558);
#17558=IFCMATERIALPROFILESETUSAGE(#17260,7,$);
#17559=IFCPRODUCTDEFINITIONSHAPE($,$,(#17960,#17967));
#17570=IFCBEAM('2CASKhJEj37g_Qjpsasc4V',$,'Beam',$,$,#17972,#17581,$,$);
#17571=IFCMATERIALPROFILESETUSAGE(#16997,7,$);
#17572=IFCRELASSOCIATESMATERIAL('1HDPmqtmL8W92wiH988093',$,$,$,(#17570),#17571);
#17578=IFCCARTESIANPOINTLIST3D(((0.,0.,0.),(0.,0.,4.5017751834694648)));
#17579=IFCINDEXEDPOLYCURVE(#17578,$,.F.);
#17580=IFCSHAPEREPRESENTATION(#12,'Axis','Curve3D',(#17579));
#17581=IFCPRODUCTDEFINITIONSHAPE($,$,(#17580,#17588));
#17582=IFCCARTESIANPOINT((-0.25,-0.25,0.));
#17583=IFCDIRECTION((0.,0.,1.));
#17584=IFCDIRECTION((1.,0.,0.));
#17585=IFCAXIS2PLACEMENT3D(#17582,#17583,#17584);
#17586=IFCDIRECTION((0.,0.,1.));
#17587=IFCEXTRUDEDAREASOLID(#2148,#17585,#17586,4.5017751834694648);
#17588=IFCSHAPEREPRESENTATION(#11,'Body','SweptSolid',(#17587));
#17589=IFCPROPERTYSET('0fsc7Cvaz6GRb$2iSFKz1A',$,'EPset_Parametric',$,(#17591));
#17590=IFCRELDEFINESBYPROPERTIES('0gpX4tF8fBo97OlhP34q3a',$,$,$,(#17570),#17589);
#17591=IFCPROPERTYSINGLEVALUE('Engine',$,IFCLABEL('Bonsai.DumbProfile'),$);
#17592=IFCBEAM('1aCNcaT8f6nx9stRnK4MpD',$,'Beam',$,$,#17977,#17603,$,$);
#17598=IFCRELASSOCIATESMATERIAL('373tD1EUrFp8BEJLMxlKU6',$,$,$,(#17592),#17599);
#17599=IFCMATERIALPROFILESETUSAGE(#16997,7,$);
#17600=IFCRELDEFINESBYPROPERTIES('1cgJbA$GfAnwwNs_iOAmyn',$,$,$,(#17592),#17601);
#17601=IFCPROPERTYSET('2X5Gyb5Qb0JBRjDZmOHuoO',$,'EPset_Parametric',$,(#17602));
#17602=IFCPROPERTYSINGLEVALUE('Engine',$,IFCLABEL('Bonsai.DumbProfile'),$);
#17603=IFCPRODUCTDEFINITIONSHAPE($,$,(#17651,#17658));
#17614=IFCCARTESIANPOINT((4.4935226440429688,6.769810676574707,0.));
#17615=IFCDIRECTION((0.,0.,1.));
#17616=IFCDIRECTION((1.,0.,0.));
#17617=IFCAXIS2PLACEMENT3D(#17614,#17615,#17616);
#17618=IFCLOCALPLACEMENT(#15624,#17617);
#17619=IFCCARTESIANPOINT((0.49174737930297852,6.7699995040893555,0.));
#17620=IFCDIRECTION((0.,0.,1.));
#17621=IFCDIRECTION((1.,0.,0.));
#17622=IFCAXIS2PLACEMENT3D(#17619,#17620,#17621);
#17623=IFCLOCALPLACEMENT(#15624,#17622);
#17624=IFCCARTESIANPOINT((4.4935226440429688,2.895395040512085,0.));
#17625=IFCDIRECTION((0.,0.,1.));
#17626=IFCDIRECTION((1.,0.,0.));
#17627=IFCAXIS2PLACEMENT3D(#17624,#17625,#17626);
#17628=IFCLOCALPLACEMENT(#15624,#17627);
#17629=IFCCARTESIANPOINT((-2.5227973461151123,2.8955838680267334,0.));
#17630=IFCDIRECTION((0.,0.,1.));
#17631=IFCDIRECTION((1.,0.,0.));
#17632=IFCAXIS2PLACEMENT3D(#17629,#17630,#17631);
#17633=IFCLOCALPLACEMENT(#15624,#17632);
#17649=IFCCARTESIANPOINTLIST3D(((-8.3656473748305871E-08,2.2821694756203215E-07,-3.9619578728888882E-08),(-1.8052129746592982E-07,1.375877189957464E-07,7.516319751739502)));
#17650=IFCINDEXEDPOLYCURVE(#17649,$,.F.);
#17651=IFCSHAPEREPRESENTATION(#12,'Axis','Curve3D',(#17650));
#17652=IFCCARTESIANPOINT((-0.25,-0.25,0.));
#17653=IFCDIRECTION((0.,0.,1.));
#17654=IFCDIRECTION((1.,0.,0.));
#17655=IFCAXIS2PLACEMENT3D(#17652,#17653,#17654);
#17656=IFCDIRECTION((0.,0.,1.));
#17657=IFCEXTRUDEDAREASOLID(#2148,#17655,#17656,7.5163203395537144);
#17658=IFCSHAPEREPRESENTATION(#11,'Body','SweptSolid',(#17657));
#17664=IFCBEAM('3TLr1cWJL8DuaqFtm0Cf15',$,'Beam',$,$,#17982,#17675,$,$);
#17670=IFCRELDEFINESBYPROPERTIES('24Dy8lmRH2$8voEWENfE5h',$,$,$,(#17664),#17671);
#17671=IFCPROPERTYSET('1$tFLn5f9EIAq7g$qSHW5H',$,'EPset_Parametric',$,(#17672));
#17672=IFCPROPERTYSINGLEVALUE('Engine',$,IFCLABEL('Bonsai.DumbProfile'),$);
#17673=IFCRELASSOCIATESMATERIAL('3BZdfgdtf0SenGMecj31K0',$,$,$,(#17664),#17674);
#17674=IFCMATERIALPROFILESETUSAGE(#16997,7,$);
#17675=IFCPRODUCTDEFINITIONSHAPE($,$,(#17676,#17679));
#17676=IFCSHAPEREPRESENTATION(#12,'Axis','Curve3D',(#17677));
#17677=IFCINDEXEDPOLYCURVE(#17678,$,.F.);
#17678=IFCCARTESIANPOINTLIST3D(((-8.3656473748305871E-08,2.2821694756203215E-07,-3.9619578728888882E-08),(-1.8052129746592982E-07,1.375877189957464E-07,7.516319751739502)));
#17679=IFCSHAPEREPRESENTATION(#11,'Body','SweptSolid',(#17680));
#17680=IFCEXTRUDEDAREASOLID(#2148,#17681,#17685,7.5163203395537144);
#17681=IFCAXIS2PLACEMENT3D(#17682,#17683,#17684);
#17682=IFCCARTESIANPOINT((-0.25,-0.25,0.));
#17683=IFCDIRECTION((0.,0.,1.));
#17684=IFCDIRECTION((1.,0.,0.));
#17685=IFCDIRECTION((0.,0.,1.));
#17691=IFCBEAM('3R_WhMWy1BcvB5dMv1mviQ',$,'Beam',$,$,#17987,#17702,$,$);
#17697=IFCRELASSOCIATESMATERIAL('2UAeUkZu13C8a_OQh5h7zq',$,$,$,(#17691),#17698);
#17698=IFCMATERIALPROFILESETUSAGE(#16997,7,$);
#17699=IFCRELDEFINESBYPROPERTIES('0xEtG68AP1GATNQZkuyZSQ',$,$,$,(#17691),#17700);
#17700=IFCPROPERTYSET('1iGs1ivhj8oQ3xFN$NIZi9',$,'EPset_Parametric',$,(#17701));
#17701=IFCPROPERTYSINGLEVALUE('Engine',$,IFCLABEL('Bonsai.DumbProfile'),$);
#17702=IFCPRODUCTDEFINITIONSHAPE($,$,(#17703,#17706));
#17703=IFCSHAPEREPRESENTATION(#12,'Axis','Curve3D',(#17704));
#17704=IFCINDEXEDPOLYCURVE(#17705,$,.F.);
#17705=IFCCARTESIANPOINTLIST3D(((-8.3656473748305871E-08,2.2821694756203215E-07,-3.9619578728888882E-08),(-1.8052129746592982E-07,1.375877189957464E-07,7.516319751739502)));
#17706=IFCSHAPEREPRESENTATION(#11,'Body','SweptSolid',(#17707));
#17707=IFCEXTRUDEDAREASOLID(#2148,#17708,#17712,7.5163203395537144);
#17708=IFCAXIS2PLACEMENT3D(#17709,#17710,#17711);
#17709=IFCCARTESIANPOINT((-0.25,-0.25,0.));
#17710=IFCDIRECTION((0.,0.,1.));
#17711=IFCDIRECTION((1.,0.,0.));
#17712=IFCDIRECTION((0.,0.,1.));
#17713=IFCBEAM('2Vq85y9Hf4mAl42c_9cLt_',$,'Beam',$,$,#17992,#17724,$,$);
#17714=IFCMATERIALPROFILESETUSAGE(#16997,7,$);
#17715=IFCRELASSOCIATESMATERIAL('2ejK$smEH8de5_PcMcLVbh',$,$,$,(#17713),#17714);
#17721=IFCCARTESIANPOINTLIST3D(((0.,0.,0.),(0.,0.,5.5999866008598449)));
#17722=IFCINDEXEDPOLYCURVE(#17721,$,.F.);
#17723=IFCSHAPEREPRESENTATION(#12,'Axis','Curve3D',(#17722));
#17724=IFCPRODUCTDEFINITIONSHAPE($,$,(#17723,#17731));
#17725=IFCCARTESIANPOINT((-0.25,-0.25,0.));
#17726=IFCDIRECTION((0.,0.,1.));
#17727=IFCDIRECTION((1.,0.,0.));
#17728=IFCAXIS2PLACEMENT3D(#17725,#17726,#17727);
#17729=IFCDIRECTION((0.,0.,1.));
#17730=IFCEXTRUDEDAREASOLID(#2148,#17728,#17729,5.5999866008598449);
#17731=IFCSHAPEREPRESENTATION(#11,'Body','SweptSolid',(#17730));
#17732=IFCPROPERTYSET('3_zTbYbwbAKvWk35YhT2$m',$,'EPset_Parametric',$,(#17734));
#17733=IFCRELDEFINESBYPROPERTIES('0$uhDzj6T5ge13DkOB9N8i',$,$,$,(#17713),#17732);
#17734=IFCPROPERTYSINGLEVALUE('Engine',$,IFCLABEL('Bonsai.DumbProfile'),$);
#17740=IFCBEAM('3RdoEtxPDC5Adt2iJ6WuuF',$,'Beam',$,$,#17997,#17751,$,$);
#17746=IFCRELDEFINESBYPROPERTIES('1tvxDiZLn6PehqoCHQBDPA',$,$,$,(#17740),#17747);
#17747=IFCPROPERTYSET('1GV$8sAyn41fHzGEZjEj1B',$,'EPset_Parametric',$,(#17748));
#17748=IFCPROPERTYSINGLEVALUE('Engine',$,IFCLABEL('Bonsai.DumbProfile'),$);
#17749=IFCRELASSOCIATESMATERIAL('1gXleIQWf5I9y1iW7yPjke',$,$,$,(#17740),#17750);
#17750=IFCMATERIALPROFILESETUSAGE(#16997,7,$);
#17751=IFCPRODUCTDEFINITIONSHAPE($,$,(#17764,#17771));
#17762=IFCCARTESIANPOINTLIST3D(((1.4425083350033674E-10,2.6740837100192039E-08,-1.6054752194349931E-08),(3.4333424991928041E-11,-3.3740256810688152E-08,7.1169953346252441)));
#17763=IFCINDEXEDPOLYCURVE(#17762,$,.F.);
#17764=IFCSHAPEREPRESENTATION(#12,'Axis','Curve3D',(#17763));
#17765=IFCCARTESIANPOINT((-0.25,-0.25,0.));
#17766=IFCDIRECTION((0.,0.,1.));
#17767=IFCDIRECTION((1.,0.,0.));
#17768=IFCAXIS2PLACEMENT3D(#17765,#17766,#17767);
#17769=IFCDIRECTION((0.,0.,1.));
#17770=IFCEXTRUDEDAREASOLID(#2148,#17768,#17769,7.1169953472106604);
#17771=IFCSHAPEREPRESENTATION(#11,'Body','SweptSolid',(#17770));
#17777=IFCBEAM('1HnS13BOv99vbQmthNqcho',$,'Beam',$,$,#18002,#17788,$,$);
#17783=IFCRELDEFINESBYPROPERTIES('2$p_D7NEb9Qvqcxd2yxpFj',$,$,$,(#17777),#17784);
#17784=IFCPROPERTYSET('0C0WjN9O90Eho4wxUv2nJR',$,'EPset_Parametric',$,(#17785));
#17785=IFCPROPERTYSINGLEVALUE('Engine',$,IFCLABEL('Bonsai.DumbProfile'),$);
#17786=IFCRELASSOCIATESMATERIAL('1SlA$kBav0RRaRvfCZ$8mH',$,$,$,(#17777),#17787);
#17787=IFCMATERIALPROFILESETUSAGE(#16997,7,$);
#17788=IFCPRODUCTDEFINITIONSHAPE($,$,(#17801,#17808));
#17799=IFCCARTESIANPOINTLIST3D(((1.0193141974923492E-07,4.2527278765192023E-07,-9.7256588560412638E-08),(1.1644948472167016E-07,6.564322347912821E-07,9.5699987411499023)));
#17800=IFCINDEXEDPOLYCURVE(#17799,$,.F.);
#17801=IFCSHAPEREPRESENTATION(#12,'Axis','Curve3D',(#17800));
#17802=IFCCARTESIANPOINT((-0.25,-0.25,0.));
#17803=IFCDIRECTION((0.,0.,1.));
#17804=IFCDIRECTION((1.,0.,0.));
#17805=IFCAXIS2PLACEMENT3D(#17802,#17803,#17804);
#17806=IFCDIRECTION((0.,0.,1.));
#17807=IFCEXTRUDEDAREASOLID(#2148,#17805,#17806,9.5699987990680082);
#17808=IFCSHAPEREPRESENTATION(#11,'Body','SweptSolid',(#17807));
#17836=IFCCOLUMN('1L0BXrqY5ATe9S0QmPBhtv',$,'Column',$,$,#18007,#17847,$,$);
#17842=IFCRELDEFINESBYPROPERTIES('2gPAwP9vr4Ch$wEn7IABMJ',$,$,$,(#17836),#17843);
#17843=IFCPROPERTYSET('3Dlpcbzif339nNpN$PUBi1',$,'EPset_Parametric',$,(#17844));
#17844=IFCPROPERTYSINGLEVALUE('Engine',$,IFCLABEL('Bonsai.DumbProfile'),$);
#17845=IFCRELASSOCIATESMATERIAL('0PXKLpqYvBQAI6di2utIXy',$,$,$,(#17836),#17846);
#17846=IFCMATERIALPROFILESETUSAGE(#16522,5,$);
#17847=IFCPRODUCTDEFINITIONSHAPE($,$,(#17848,#17851));
#17848=IFCSHAPEREPRESENTATION(#12,'Axis','Curve3D',(#17849));
#17849=IFCINDEXEDPOLYCURVE(#17850,$,.F.);
#17850=IFCCARTESIANPOINTLIST3D(((0.,0.,0.),(0.,0.,3.)));
#17851=IFCSHAPEREPRESENTATION(#11,'Body','SweptSolid',(#17852));
#17852=IFCEXTRUDEDAREASOLID(#2148,#17853,#17857,3.);
#17853=IFCAXIS2PLACEMENT3D(#17854,#17855,#17856);
#17854=IFCCARTESIANPOINT((0.,0.,0.));
#17855=IFCDIRECTION((0.,0.,1.));
#17856=IFCDIRECTION((1.,0.,0.));
#17857=IFCDIRECTION((0.,0.,1.));
#17858=IFCCARTESIANPOINTLIST3D(((0.,0.,0.),(0.,0.,3.)));
#17859=IFCINDEXEDPOLYCURVE(#17858,$,.F.);
#17860=IFCSHAPEREPRESENTATION(#12,'Axis','Curve3D',(#17859));
#17861=IFCCARTESIANPOINT((-0.25,-0.25,0.));
#17862=IFCDIRECTION((0.,0.,1.));
#17863=IFCDIRECTION((1.,0.,0.));
#17864=IFCAXIS2PLACEMENT3D(#17861,#17862,#17863);
#17865=IFCDIRECTION((0.,0.,1.));
#17866=IFCEXTRUDEDAREASOLID(#2148,#17864,#17865,3.);
#17867=IFCSHAPEREPRESENTATION(#11,'Body','SweptSolid',(#17866));
#17868=IFCCARTESIANPOINTLIST3D(((0.,0.,0.),(0.,0.,3.)));
#17869=IFCINDEXEDPOLYCURVE(#17868,$,.F.);
#17870=IFCSHAPEREPRESENTATION(#12,'Axis','Curve3D',(#17869));
#17871=IFCCARTESIANPOINT((-0.25,-0.25,0.));
#17872=IFCDIRECTION((0.,0.,1.));
#17873=IFCDIRECTION((1.,0.,0.));
#17874=IFCAXIS2PLACEMENT3D(#17871,#17872,#17873);
#17875=IFCDIRECTION((0.,0.,1.));
#17876=IFCEXTRUDEDAREASOLID(#2148,#17874,#17875,3.);
#17877=IFCSHAPEREPRESENTATION(#11,'Body','SweptSolid',(#17876));
#17878=IFCCARTESIANPOINTLIST3D(((0.,0.,0.),(0.,0.,3.)));
#17879=IFCINDEXEDPOLYCURVE(#17878,$,.F.);
#17880=IFCSHAPEREPRESENTATION(#12,'Axis','Curve3D',(#17879));
#17881=IFCCARTESIANPOINT((-0.25,-0.25,0.));
#17882=IFCDIRECTION((0.,0.,1.));
#17883=IFCDIRECTION((1.,0.,0.));
#17884=IFCAXIS2PLACEMENT3D(#17881,#17882,#17883);
#17885=IFCDIRECTION((0.,0.,1.));
#17886=IFCEXTRUDEDAREASOLID(#2148,#17884,#17885,3.);
#17887=IFCSHAPEREPRESENTATION(#11,'Body','SweptSolid',(#17886));
#17888=IFCCARTESIANPOINTLIST3D(((0.,0.,0.),(0.,0.,3.)));
#17889=IFCINDEXEDPOLYCURVE(#17888,$,.F.);
#17890=IFCSHAPEREPRESENTATION(#12,'Axis','Curve3D',(#17889));
#17891=IFCCARTESIANPOINT((-0.25,-0.25,0.));
#17892=IFCDIRECTION((0.,0.,1.));
#17893=IFCDIRECTION((1.,0.,0.));
#17894=IFCAXIS2PLACEMENT3D(#17891,#17892,#17893);
#17895=IFCDIRECTION((0.,0.,1.));
#17896=IFCEXTRUDEDAREASOLID(#2148,#17894,#17895,3.);
#17897=IFCSHAPEREPRESENTATION(#11,'Body','SweptSolid',(#17896));
#17898=IFCCARTESIANPOINTLIST3D(((0.,0.,0.),(0.,0.,3.)));
#17899=IFCINDEXEDPOLYCURVE(#17898,$,.F.);
#17900=IFCSHAPEREPRESENTATION(#12,'Axis','Curve3D',(#17899));
#17901=IFCCARTESIANPOINT((-0.25,-0.25,0.));
#17902=IFCDIRECTION((0.,0.,1.));
#17903=IFCDIRECTION((1.,0.,0.));
#17904=IFCAXIS2PLACEMENT3D(#17901,#17902,#17903);
#17905=IFCDIRECTION((0.,0.,1.));
#17906=IFCEXTRUDEDAREASOLID(#2148,#17904,#17905,3.);
#17907=IFCSHAPEREPRESENTATION(#11,'Body','SweptSolid',(#17906));
#17908=IFCCARTESIANPOINTLIST3D(((0.,0.,0.),(0.,0.,3.)));
#17909=IFCINDEXEDPOLYCURVE(#17908,$,.F.);
#17910=IFCSHAPEREPRESENTATION(#12,'Axis','Curve3D',(#17909));
#17911=IFCCARTESIANPOINT((-0.25,-0.25,0.));
#17912=IFCDIRECTION((0.,0.,1.));
#17913=IFCDIRECTION((1.,0.,0.));
#17914=IFCAXIS2PLACEMENT3D(#17911,#17912,#17913);
#17915=IFCDIRECTION((0.,0.,1.));
#17916=IFCEXTRUDEDAREASOLID(#2148,#17914,#17915,3.);
#17917=IFCSHAPEREPRESENTATION(#11,'Body','SweptSolid',(#17916));
#17918=IFCCARTESIANPOINTLIST3D(((0.,0.,0.),(0.,0.,3.)));
#17919=IFCINDEXEDPOLYCURVE(#17918,$,.F.);
#17920=IFCSHAPEREPRESENTATION(#12,'Axis','Curve3D',(#17919));
#17921=IFCCARTESIANPOINT((-0.25,-0.25,0.));
#17922=IFCDIRECTION((0.,0.,1.));
#17923=IFCDIRECTION((1.,0.,0.));
#17924=IFCAXIS2PLACEMENT3D(#17921,#17922,#17923);
#17925=IFCDIRECTION((0.,0.,1.));
#17926=IFCEXTRUDEDAREASOLID(#2148,#17924,#17925,3.);
#17927=IFCSHAPEREPRESENTATION(#11,'Body','SweptSolid',(#17926));
#17928=IFCCARTESIANPOINTLIST3D(((0.,0.,0.),(0.,0.,3.)));
#17929=IFCINDEXEDPOLYCURVE(#17928,$,.F.);
#17930=IFCSHAPEREPRESENTATION(#12,'Axis','Curve3D',(#17929));
#17931=IFCCARTESIANPOINT((-0.25,-0.25,0.));
#17932=IFCDIRECTION((0.,0.,1.));
#17933=IFCDIRECTION((1.,0.,0.));
#17934=IFCAXIS2PLACEMENT3D(#17931,#17932,#17933);
#17935=IFCDIRECTION((0.,0.,1.));
#17936=IFCEXTRUDEDAREASOLID(#2148,#17934,#17935,3.);
#17937=IFCSHAPEREPRESENTATION(#11,'Body','SweptSolid',(#17936));
#17938=IFCCARTESIANPOINTLIST3D(((0.,0.,0.),(0.,0.,3.)));
#17939=IFCINDEXEDPOLYCURVE(#17938,$,.F.);
#17940=IFCSHAPEREPRESENTATION(#12,'Axis','Curve3D',(#17939));
#17941=IFCCARTESIANPOINT((-0.25,-0.25,0.));
#17942=IFCDIRECTION((0.,0.,1.));
#17943=IFCDIRECTION((1.,0.,0.));
#17944=IFCAXIS2PLACEMENT3D(#17941,#17942,#17943);
#17945=IFCDIRECTION((0.,0.,1.));
#17946=IFCEXTRUDEDAREASOLID(#2148,#17944,#17945,3.);
#17947=IFCSHAPEREPRESENTATION(#11,'Body','SweptSolid',(#17946));
#17948=IFCCARTESIANPOINTLIST3D(((0.,0.,0.),(0.,0.,3.)));
#17949=IFCINDEXEDPOLYCURVE(#17948,$,.F.);
#17950=IFCSHAPEREPRESENTATION(#12,'Axis','Curve3D',(#17949));
#17951=IFCCARTESIANPOINT((-0.25,-0.25,0.));
#17952=IFCDIRECTION((0.,0.,1.));
#17953=IFCDIRECTION((1.,0.,0.));
#17954=IFCAXIS2PLACEMENT3D(#17951,#17952,#17953);
#17955=IFCDIRECTION((0.,0.,1.));
#17956=IFCEXTRUDEDAREASOLID(#2148,#17954,#17955,3.);
#17957=IFCSHAPEREPRESENTATION(#11,'Body','SweptSolid',(#17956));
#17958=IFCCARTESIANPOINTLIST3D(((0.,0.,0.),(0.,0.,3.)));
#17959=IFCINDEXEDPOLYCURVE(#17958,$,.F.);
#17960=IFCSHAPEREPRESENTATION(#12,'Axis','Curve3D',(#17959));
#17961=IFCCARTESIANPOINT((-0.25,-0.25,0.));
#17962=IFCDIRECTION((0.,0.,1.));
#17963=IFCDIRECTION((1.,0.,0.));
#17964=IFCAXIS2PLACEMENT3D(#17961,#17962,#17963);
#17965=IFCDIRECTION((0.,0.,1.));
#17966=IFCEXTRUDEDAREASOLID(#2148,#17964,#17965,3.);
#17967=IFCSHAPEREPRESENTATION(#11,'Body','SweptSolid',(#17966));
#17968=IFCCARTESIANPOINT((-0.0082526206970214844,6.7699995040893555,3.0144977569580078));
#17969=IFCDIRECTION((0.99999999911643545,-4.2037168858916024E-05,7.5497901197336049E-08));
#17970=IFCDIRECTION((4.2037168858916125E-05,0.99999999911643789,2.9802951191683701E-08));
#17971=IFCAXIS2PLACEMENT3D(#17968,#17969,#17970);
#17972=IFCLOCALPLACEMENT(#15624,#17971);
#17973=IFCCARTESIANPOINT((-3.0227973461151123,5.2530059814453125,3.0144977569580078));
#17974=IFCDIRECTION((0.99999999968475506,-2.5109447952942605E-05,7.5497901240242992E-08));
#17975=IFCDIRECTION((2.510944795294268E-05,0.99999999968475795,1.4992451719811863E-12));
#17976=IFCAXIS2PLACEMENT3D(#17973,#17974,#17975);
#17977=IFCLOCALPLACEMENT(#15624,#17976);
#17978=IFCCARTESIANPOINT((-3.0227973461151123,2.8955838680267334,3.0144977569580078));
#17979=IFCDIRECTION((0.99999999968475506,-2.5109447952942605E-05,7.5497901240242992E-08));
#17980=IFCDIRECTION((2.510944795294268E-05,0.99999999968475795,1.4992451719811863E-12));
#17981=IFCAXIS2PLACEMENT3D(#17978,#17979,#17980);
#17982=IFCLOCALPLACEMENT(#15624,#17981);
#17983=IFCCARTESIANPOINT((-3.0227973461151123,0.15300393104553223,3.0144977569580078));
#17984=IFCDIRECTION((0.99999999968475506,-2.5109447952942605E-05,7.5497901240242992E-08));
#17985=IFCDIRECTION((2.510944795294268E-05,0.99999999968475795,1.4992451719811863E-12));
#17986=IFCAXIS2PLACEMENT3D(#17983,#17984,#17985);
#17987=IFCLOCALPLACEMENT(#15624,#17986);
#17988=IFCCARTESIANPOINT((-3.0227973461151123,-0.3469957709312439,3.0144972801208496));
#17989=IFCDIRECTION((1.5099578831722978E-07,0.99999999999998579,7.5497901264042249E-08));
#17990=IFCDIRECTION((-0.99999999999998646,1.509958025280846E-07,-6.5846130326007392E-08));
#17991=IFCAXIS2PLACEMENT3D(#17988,#17989,#17990);
#17992=IFCLOCALPLACEMENT(#15624,#17991);
#17993=IFCCARTESIANPOINT((-0.0082523822784423828,-0.3469957709312439,3.0144972801208496));
#17994=IFCDIRECTION((1.5099578831722978E-07,0.99999999999998579,7.5497901264042249E-08));
#17995=IFCDIRECTION((-0.99999999999998646,1.509958025280846E-07,-6.5846158747716822E-08));
#17996=IFCAXIS2PLACEMENT3D(#17993,#17994,#17995);
#17997=IFCLOCALPLACEMENT(#15624,#17996);
#17998=IFCCARTESIANPOINT((3.9935247898101807,-2.799999475479126,3.0144972801208496));
#17999=IFCDIRECTION((1.5099578831722978E-07,0.99999999999998579,7.5497901264042249E-08));
#18000=IFCDIRECTION((-0.99999999999998646,1.509958025280846E-07,-6.5846180063998895E-08));
#18001=IFCAXIS2PLACEMENT3D(#17998,#17999,#18000);
#18002=IFCLOCALPLACEMENT(#15624,#18001);
#18003=IFCCARTESIANPOINT((-2.7727973461151123,-2.5499999523162842,0.));
#18004=IFCDIRECTION((0.,0.,1.));
#18005=IFCDIRECTION((1.,0.,0.));
#18006=IFCAXIS2PLACEMENT3D(#18003,#18004,#18005);
#18007=IFCLOCALPLACEMENT(#79,#18006);
ENDSEC;
END-ISO-10303-21;
